,index,distance,name,scheduleType,storeOpen,storeClose,storeNumber,isStoreOpen,address,amenities,orderingAvailable,isCurbsideDeliveryAvailable,fuelTypes,latitude,longitude,food,fuel,restrooms,diesel,ethanolFreeGas,open24Hours,teslaChargingStation,propane,chademoChargingStation,ccsChargingStation
0,0,1.78,607 somerset st,24hours,00:00:00,00:00:00,8376,False,"{'address': '607 somerset st', 'city': 'somerset', 'state': 'NJ', 'zip': '08873'}","{'food': True, 'fuel': True, 'restrooms': True, 'diesel': True, 'ethanolFreeGas': False, 'open24Hours': True, 'teslaChargingStation': False, 'propane': False, 'chademoChargingStation': False, 'ccsChargingStation': False}",True,True,"[{'category': 'Unleaded'}, {'category': 'Plus'}, {'category': 'Premium'}, {'category': 'Diesel'}, {'category': 'Super'}]",40.486792,-74.470439,True,True,True,True,False,True,False,False,False,False
1,1,2.64,933 livingston ave,24hours,00:00:00,00:00:00,8435,False,"{'address': '933 livingston ave', 'city': 'north brunswick', 'state': 'NJ', 'zip': '08902'}","{'food': True, 'fuel': True, 'restrooms': True, 'diesel': True, 'ethanolFreeGas': False, 'open24Hours': True, 'teslaChargingStation': False, 'propane': True, 'chademoChargingStation': False, 'ccsChargingStation': False}",True,True,"[{'category': 'Unleaded'}, {'category': 'Plus'}, {'category': 'Premium'}, {'category': 'Diesel'}, {'category': 'Super'}]",40.470858,-74.469515,True,True,True,True,False,True,False,True,False,False
2,2,2.77,580 route 1,24hours,00:00:00,00:00:00,8406,False,"{'address': '580 route 1', 'city': 'edison', 'state': 'NJ', 'zip': '08817'}","{'food': True, 'fuel': True, 'restrooms': True, 'diesel': True, 'ethanolFreeGas': False, 'open24Hours': True, 'teslaChargingStation': True, 'propane': True, 'chademoChargingStation': False, 'ccsChargingStation': False}",True,True,"[{'category': 'Unleaded'}, {'category': 'Plus'}, {'category': 'Premium'}, {'category': 'Diesel'}, {'category': 'Super'}]",40.5067,-74.393305,True,True,True,True,False,True,True,True,False,False
3,3,3.04,555 new durham rd,24hours,00:00:00,00:00:00,8386,False,"{'address': '555 new durham rd', 'city': 'piscataway', 'state': 'NJ', 'zip': '08854'}","{'food': True, 'fuel': True, 'restrooms': True, 'diesel': True, 'ethanolFreeGas': False, 'open24Hours': True, 'teslaChargingStation': False, 'propane': False, 'chademoChargingStation': False, 'ccsChargingStation': False}",True,True,"[{'category': 'Unleaded'}, {'category': 'Plus'}, {'category': 'Premium'}, {'category': 'Diesel'}, {'category': 'Super'}]",40.545893,-74.426042,True,True,True,True,False,True,False,False,False,False
4,4,3.81,656 old bridge pike,24hours,00:00:00,00:00:00,0983,False,"{'address': '656 old bridge pike', 'city': 'south river', 'state': 'NJ', 'zip': '08882'}","{'food': True, 'fuel': True, 'restrooms': True, 'diesel': True, 'ethanolFreeGas': False, 'open24Hours': True, 'teslaChargingStation': True, 'propane': False, 'chademoChargingStation': False, 'ccsChargingStation': False}",True,True,"[{'category': 'Unleaded'}, {'category': 'Plus'}, {'category': 'Premium'}, {'category': 'Diesel'}, {'category': 'Super'}]",40.46173096,-74.4005127,True,True,True,True,False,True,True,False,False,False
5,5,3.9,451 stelton road,24hours,00:00:00,00:00:00,8433,False,"{'address': '451 stelton road', 'city': 'piscataway', 'state': 'NJ', 'zip': '08854'}","{'food': True, 'fuel': True, 'restrooms': False, 'diesel': True, 'ethanolFreeGas': False, 'open24Hours': True, 'teslaChargingStation': False, 'propane': False, 'chademoChargingStation': False, 'ccsChargingStation': False}",True,True,"[{'category': 'Unleaded'}, {'category': 'Plus'}, {'category': 'Premium'}, {'category': 'Diesel'}, {'category': 'Super'}]",40.561065,-74.447106,True,True,False,True,False,True,False,False,False,False
6,6,4.36,2720 woodbridge ave,24hours,00:00:00,00:00:00,8365,False,"{'address': '2720 woodbridge ave', 'city': 'edison', 'state': 'NJ', 'zip': '08837'}","{'food': True, 'fuel': True, 'restrooms': True, 'diesel': True, 'ethanolFreeGas': False, 'open24Hours': True, 'teslaChargingStation': False, 'propane': True, 'chademoChargingStation': False, 'ccsChargingStation': False}",True,True,"[{'category': 'Unleaded'}, {'category': 'Plus'}, {'category': 'Premium'}, {'category': 'Diesel'}, {'category': 'Super'}]",40.511759,-74.363493,True,True,True,True,False,True,False,True,False,False
7,7,4.4,1910 route 27,24hours,00:00:00,00:00:00,8412,False,"{'address': '1910 route 27', 'city': 'north brunswick', 'state': 'NJ', 'zip': '08902'}","{'food': True, 'fuel': True, 'restrooms': True, 'diesel': True, 'ethanolFreeGas': False, 'open24Hours': True, 'teslaChargingStation': False, 'propane': True, 'chademoChargingStation': False, 'ccsChargingStation': False}",True,True,"[{'category': 'Unleaded'}, {'category': 'Plus'}, {'category': 'Premium'}, {'category': 'Diesel'}, {'category': 'Super'}]",40.46100722,-74.50704742,True,True,True,True,False,True,False,True,False,False
8,8,4.91,426 ryders land,24hours,00:00:00,00:00:00,0914,False,"{'address': '426 ryders land', 'city': 'east brunswick', 'state': 'NJ', 'zip': '08816-2763'}","{'food': True, 'fuel': False, 'restrooms': False, 'diesel': False, 'ethanolFreeGas': None, 'open24Hours': True, 'teslaChargingStation': False, 'propane': False, 'chademoChargingStation': False, 'ccsChargingStation': False}",True,True,[],40.435901,-74.422174,True,False,False,False,,True,False,False,False,False
9,9,5.36,42 washington road (@ jernee m,24hours,00:00:00,00:00:00,0781,False,"{'address': '42 washington road (@ jernee m', 'city': 'sayreville', 'state': 'NJ', 'zip': '08872'}","{'food': True, 'fuel': False, 'restrooms': False, 'diesel': False, 'ethanolFreeGas': None, 'open24Hours': True, 'teslaChargingStation': False, 'propane': False, 'chademoChargingStation': False, 'ccsChargingStation': False}",True,True,[],40.454984,-74.367611,True,False,False,False,,True,False,False,False,False
10,10,7.29,3222 rt. 27,24hours,00:00:00,00:00:00,8366,False,"{'address': '3222 rt. 27', 'city': 'kendall park', 'state': 'NJ', 'zip': '08824'}","{'food': True, 'fuel': True, 'restrooms': True, 'diesel': True, 'ethanolFreeGas': False, 'open24Hours': True, 'teslaChargingStation': False, 'propane': True, 'chademoChargingStation': False, 'ccsChargingStation': False}",True,True,"[{'category': 'Unleaded'}, {'category': 'Plus'}, {'category': 'Premium'}, {'category': 'Diesel'}, {'category': 'Super'}]",40.432618,-74.547359,True,True,True,True,False,True,False,True,False,False
11,11,7.56,580 union ave,24hours,00:00:00,00:00:00,8341,False,"{'address': '580 union ave', 'city': 'bridgewater', 'state': 'NJ', 'zip': '08807-3146'}","{'food': True, 'fuel': True, 'restrooms': True, 'diesel': True, 'ethanolFreeGas': False, 'open24Hours': True, 'teslaChargingStation': True, 'propane': True, 'chademoChargingStation': False, 'ccsChargingStation': False}",True,True,"[{'category': 'Unleaded'}, {'category': 'Plus'}, {'category': 'Premium'}, {'category': 'Diesel'}, {'category': 'Super'}]",40.567578,-74.563748,True,True,True,True,False,True,True,True,False,False
12,12,8.1,440 king georges road,24hours,00:00:00,00:00:00,8317,False,"{'address': '440 king georges road', 'city': 'woodbridge', 'state': 'NJ', 'zip': '07095-1019'}","{'food': True, 'fuel': True, 'restrooms': True, 'diesel': True, 'ethanolFreeGas': False, 'open24Hours': True, 'teslaChargingStation': True, 'propane': True, 'chademoChargingStation': False, 'ccsChargingStation': False}",True,True,"[{'category': 'Unleaded'}, {'category': 'Plus'}, {'category': 'Premium'}, {'category': 'Diesel'}, {'category': 'Super'}]",40.536127,-74.297496,True,True,True,True,False,True,True,True,False,False
13,13,8.26,855 us 22 & wilson ave,24hours,00:00:00,00:00:00,8397,False,"{'address': '855 us 22 & wilson ave', 'city': 'north plainfield', 'state': 'NJ', 'zip': '07060'}","{'food': True, 'fuel': True, 'restrooms': True, 'diesel': True, 'ethanolFreeGas': False, 'open24Hours': True, 'teslaChargingStation': False, 'propane': True, 'chademoChargingStation': False, 'ccsChargingStation': False}",True,True,"[{'category': 'Unleaded'}, {'category': 'Plus'}, {'category': 'Premium'}, {'category': 'Diesel'}, {'category': 'Super'}]",40.624212,-74.443518,True,True,True,True,False,True,False,True,False,False
14,14,8.49,969 route 9,24hours,00:00:00,00:00:00,8404,False,"{'address': '969 route 9', 'city': 'south amboy', 'state': 'NJ', 'zip': '08879'}","{'food': True, 'fuel': True, 'restrooms': True, 'diesel': True, 'ethanolFreeGas': False, 'open24Hours': True, 'teslaChargingStation': False, 'propane': False, 'chademoChargingStation': False, 'ccsChargingStation': False}",True,True,"[{'category': 'Unleaded'}, {'category': 'Plus'}, {'category': 'Premium'}, {'category': 'Diesel'}, {'category': 'Super'}]",40.46075,-74.295154,True,True,True,True,False,True,False,False,False,False
15,15,8.72,885 cranbury- south river road,24hours,00:00:00,00:00:00,0986,False,"{'address': '885 cranbury- south river road', 'city': 'jamesburg', 'state': 'NJ', 'zip': '08831-3034'}","{'food': True, 'fuel': True, 'restrooms': True, 'diesel': True, 'ethanolFreeGas': False, 'open24Hours': True, 'teslaChargingStation': False, 'propane': True, 'chademoChargingStation': False, 'ccsChargingStation': False}",True,True,"[{'category': 'Unleaded'}, {'category': 'Plus'}, {'category': 'Premium'}, {'category': 'Diesel'}, {'category': 'Super'}]",40.378687,-74.455314,True,True,True,True,False,True,False,True,False,False
16,16,9.4,1470 south avenue,24hours,00:00:00,00:00:00,8464,False,"{'address': '1470 south avenue', 'city': 'plainfield', 'state': 'NJ', 'zip': '07062'}","{'food': True, 'fuel': True, 'restrooms': True, 'diesel': True, 'ethanolFreeGas': False, 'open24Hours': True, 'teslaChargingStation': False, 'propane': True, 'chademoChargingStation': True, 'ccsChargingStation': True}",True,True,"[{'category': 'Unleaded'}, {'category': 'Plus'}, {'category': 'Premium'}, {'category': 'Diesel'}, {'category': 'Super'}]",40.63461741,-74.39272734,True,True,True,True,False,True,False,True,True,True
17,17,9.58,350 georges road,24hours,00:00:00,00:00:00,0476,False,"{'address': '350 georges road', 'city': 'dayton', 'state': 'NJ', 'zip': '08810-1425'}","{'food': True, 'fuel': False, 'restrooms': False, 'diesel': False, 'ethanolFreeGas': None, 'open24Hours': True, 'teslaChargingStation': False, 'propane': False, 'chademoChargingStation': False, 'ccsChargingStation': False}",True,True,[],40.375161,-74.511208,True,False,False,False,,True,False,False,False,False
18,18,9.64,1453 rt. 18,24hours,00:00:00,00:00:00,0940,False,"{'address': '1453 rt. 18', 'city': 'old bridge', 'state': 'NJ', 'zip': '08857'}","{'food': True, 'fuel': True, 'restrooms': True, 'diesel': True, 'ethanolFreeGas': False, 'open24Hours': True, 'teslaChargingStation': True, 'propane': False, 'chademoChargingStation': False, 'ccsChargingStation': False}",True,True,"[{'category': 'Unleaded'}, {'category': 'Plus'}, {'category': 'Premium'}, {'category': 'Diesel'}, {'category': 'Super'}]",40.390819,-74.339881,True,True,True,True,False,True,True,False,False,False
19,19,9.73,930 us highway 1 north,24hours,00:00:00,00:00:00,8323,False,"{'address': '930 us highway 1 north', 'city': 'avenel', 'state': 'NJ', 'zip': '07001-1321'}","{'food': True, 'fuel': True, 'restrooms': True, 'diesel': True, 'ethanolFreeGas': False, 'open24Hours': True, 'teslaChargingStation': True, 'propane': True, 'chademoChargingStation': False, 'ccsChargingStation': False}",True,True,"[{'category': 'Unleaded'}, {'category': 'Plus'}, {'category': 'Premium'}, {'category': 'Diesel'}, {'category': 'Super'}]",40.577105,-74.287018,True,True,True,True,False,True,True,True,False,False
20,20,10.01,177 highway 34,24hours,00:00:00,00:00:00,0934,False,"{'address': '177 highway 34', 'city': 'matawan', 'state': 'NJ', 'zip': '07747-2130'}","{'food': True, 'fuel': True, 'restrooms': True, 'diesel': True, 'ethanolFreeGas': False, 'open24Hours': True, 'teslaChargingStation': False, 'propane': False, 'chademoChargingStation': False, 'ccsChargingStation': False}",True,True,"[{'category': 'Unleaded'}, {'category': 'Plus'}, {'category': 'Premium'}, {'category': 'Diesel'}, {'category': 'Super'}]",40.425542,-74.28648,True,True,True,True,False,True,False,False,False,False
21,21,10.27,280 st. george avenue,24hours,00:00:00,00:00:00,8389,False,"{'address': '280 st. george avenue', 'city': 'rahway', 'state': 'NJ', 'zip': '07065'}","{'food': True, 'fuel': True, 'restrooms': True, 'diesel': True, 'ethanolFreeGas': False, 'open24Hours': True, 'teslaChargingStation': False, 'propane': True, 'chademoChargingStation': False, 'ccsChargingStation': False}",True,True,"[{'category': 'Unleaded'}, {'category': 'Plus'}, {'category': 'Premium'}, {'category': 'Diesel'}, {'category': 'Super'}]",40.595664,-74.29133,True,True,True,True,False,True,False,True,False,False
22,22,11.35,1886  englishtown road,24hours,00:00:00,00:00:00,0989,False,"{'address': '1886  englishtown road', 'city': 'old bridge', 'state': 'NJ', 'zip': '08857-3902'}","{'food': True, 'fuel': True, 'restrooms': True, 'diesel': True, 'ethanolFreeGas': False, 'open24Hours': True, 'teslaChargingStation': False, 'propane': False, 'chademoChargingStation': False, 'ccsChargingStation': False}",True,True,"[{'category': 'Unleaded'}, {'category': 'Plus'}, {'category': 'Premium'}, {'category': 'Diesel'}, {'category': 'Super'}]",40.355854,-74.354682,True,True,True,True,False,True,False,False,False,False
23,23,11.39,3600 rt 9 south,24hours,00:00:00,00:00:00,8315,False,"{'address': '3600 rt 9 south', 'city': 'old bridge', 'state': 'NJ', 'zip': '08857-3516'}","{'food': True, 'fuel': True, 'restrooms': True, 'diesel': True, 'ethanolFreeGas': False, 'open24Hours': True, 'teslaChargingStation': False, 'propane': False, 'chademoChargingStation': False, 'ccsChargingStation': False}",True,True,"[{'category': 'Unleaded'}, {'category': 'Plus'}, {'category': 'Premium'}, {'category': 'Diesel'}, {'category': 'Super'}]",40.377509,-74.308024,True,True,True,True,False,True,False,False,False,False
24,24,12.43,204 highway 35,24hours,00:00:00,00:00:00,0976,False,"{'address': '204 highway 35', 'city': 'keyport', 'state': 'NJ', 'zip': '07735'}","{'food': True, 'fuel': True, 'restrooms': True, 'diesel': True, 'ethanolFreeGas': False, 'open24Hours': True, 'teslaChargingStation': False, 'propane': True, 'chademoChargingStation': False, 'ccsChargingStation': False}",True,True,"[{'category': 'Unleaded'}, {'category': 'Plus'}, {'category': 'Premium'}, {'category': 'Diesel'}, {'category': 'Super'}]",40.440449,-74.22501,True,True,True,True,False,True,False,True,False,False
25,25,12.62,337 applegarth rd. suite 1a,24hours,00:00:00,00:00:00,0365,False,"{'address': '337 applegarth rd. suite 1a', 'city': 'monroe township', 'state': 'NJ', 'zip': '08831'}","{'food': True, 'fuel': False, 'restrooms': True, 'diesel': False, 'ethanolFreeGas': None, 'open24Hours': True, 'teslaChargingStation': False, 'propane': True, 'chademoChargingStation': False, 'ccsChargingStation': False}",True,True,[],40.323018,-74.470379,True,False,True,False,,True,False,True,False,False
26,26,12.77,1273 route 206,24hours,00:00:00,00:00:00,0306,False,"{'address': '1273 route 206', 'city': 'skillman', 'state': 'NJ', 'zip': '08558'}","{'food': True, 'fuel': False, 'restrooms': False, 'diesel': False, 'ethanolFreeGas': None, 'open24Hours': True, 'teslaChargingStation': False, 'propane': False, 'chademoChargingStation': False, 'ccsChargingStation': False}",True,True,[],40.403249,-74.648913,True,False,False,False,,True,False,False,False,False
27,27,12.93,800 w. edgar road,24hours,00:00:00,00:00:00,8497,False,"{'address': '800 w. edgar road', 'city': 'linden', 'state': 'NJ', 'zip': '07036'}","{'food': True, 'fuel': True, 'restrooms': True, 'diesel': True, 'ethanolFreeGas': False, 'open24Hours': True, 'teslaChargingStation': False, 'propane': True, 'chademoChargingStation': False, 'ccsChargingStation': False}",True,True,"[{'category': 'Unleaded'}, {'category': 'Plus'}, {'category': 'Premium'}, {'category': 'Diesel'}, {'category': 'Super'}]",40.619175,-74.251091,True,True,True,True,False,True,False,True,False,False
28,28,13.42,345 union hill road,24hours,00:00:00,00:00:00,0754,False,"{'address': '345 union hill road', 'city': 'manalapan', 'state': 'NJ', 'zip': '07726-1875'}","{'food': True, 'fuel': False, 'restrooms': False, 'diesel': False, 'ethanolFreeGas': None, 'open24Hours': True, 'teslaChargingStation': False, 'propane': False, 'chademoChargingStation': False, 'ccsChargingStation': False}",True,True,[],40.336054,-74.3191,True,False,False,False,,True,False,False,False,False
29,29,13.61,500 north avenue e.,24hours,00:00:00,00:00:00,8379,False,"{'address': '500 north avenue e.', 'city': 'cranford', 'state': 'NJ', 'zip': '07016'}","{'food': True, 'fuel': True, 'restrooms': True, 'diesel': True, 'ethanolFreeGas': False, 'open24Hours': True, 'teslaChargingStation': False, 'propane': True, 'chademoChargingStation': False, 'ccsChargingStation': False}",True,True,"[{'category': 'Unleaded'}, {'category': 'Plus'}, {'category': 'Premium'}, {'category': 'Diesel'}, {'category': 'Super'}]",40.658785,-74.284304,True,True,True,True,False,True,False,True,False,False
30,30,14.23,1187 st. george avenue,18hours,05:00:00,23:00:00,8392,False,"{'address': '1187 st. george avenue', 'city': 'roselle', 'state': 'NJ', 'zip': '07203'}","{'food': True, 'fuel': True, 'restrooms': True, 'diesel': True, 'ethanolFreeGas': False, 'open24Hours': False, 'teslaChargingStation': False, 'propane': True, 'chademoChargingStation': False, 'ccsChargingStation': False}",True,True,"[{'category': 'Unleaded'}, {'category': 'Plus'}, {'category': 'Premium'}, {'category': 'Diesel'}, {'category': 'Super'}]",40.646996,-74.249952,True,True,True,True,False,False,False,True,False,False
31,31,14.43,1413 highway 36,24hours,00:00:00,00:00:00,8417,False,"{'address': '1413 highway 36', 'city': 'hazlet', 'state': 'NJ', 'zip': '07730'}","{'food': True, 'fuel': True, 'restrooms': True, 'diesel': True, 'ethanolFreeGas': False, 'open24Hours': True, 'teslaChargingStation': True, 'propane': True, 'chademoChargingStation': False, 'ccsChargingStation': False}",True,True,"[{'category': 'Unleaded'}, {'category': 'Plus'}, {'category': 'Premium'}, {'category': 'Diesel'}, {'category': 'Super'}]",40.429535,-74.189817,True,True,True,True,False,True,True,True,False,False
32,32,15.04,1951 e edgar road,24hours,00:00:00,00:00:00,8439,False,"{'address': '1951 e edgar road', 'city': 'linden', 'state': 'NJ', 'zip': '07036'}","{'food': True, 'fuel': True, 'restrooms': True, 'diesel': True, 'ethanolFreeGas': False, 'open24Hours': True, 'teslaChargingStation': False, 'propane': True, 'chademoChargingStation': False, 'ccsChargingStation': False}",True,True,"[{'category': 'Unleaded'}, {'category': 'Plus'}, {'category': 'Premium'}, {'category': 'Diesel'}, {'category': 'Super'}]",40.645463,-74.227328,True,True,True,True,False,True,False,True,False,False
33,33,15.22,3008 route 35,24hours,00:00:00,00:00:00,8443,False,"{'address': '3008 route 35', 'city': 'hazlet', 'state': 'NJ', 'zip': '07730'}","{'food': True, 'fuel': True, 'restrooms': False, 'diesel': True, 'ethanolFreeGas': False, 'open24Hours': True, 'teslaChargingStation': False, 'propane': True, 'chademoChargingStation': False, 'ccsChargingStation': False}",True,True,"[{'category': 'Unleaded'}, {'category': 'Plus'}, {'category': 'Premium'}, {'category': 'Diesel'}, {'category': 'Super'}]",40.418073,-74.179641,True,True,False,True,False,True,False,True,False,False
34,34,15.86,455 route 520,24hours,00:00:00,00:00:00,0784,False,"{'address': '455 route 520', 'city': 'marlboro', 'state': 'NJ', 'zip': '07746-2258'}","{'food': True, 'fuel': False, 'restrooms': False, 'diesel': False, 'ethanolFreeGas': None, 'open24Hours': True, 'teslaChargingStation': False, 'propane': False, 'chademoChargingStation': False, 'ccsChargingStation': False}",True,True,[],40.332717,-74.24628,True,False,False,False,,True,False,False,False,False
35,35,15.88,152 alexander street,24hours,00:00:00,00:00:00,8331,False,"{'address': '152 alexander street', 'city': 'princeton', 'state': 'NJ', 'zip': '08540-7102'}","{'food': True, 'fuel': False, 'restrooms': True, 'diesel': False, 'ethanolFreeGas': None, 'open24Hours': True, 'teslaChargingStation': False, 'propane': False, 'chademoChargingStation': False, 'ccsChargingStation': False}",True,True,[],40.34186,-74.65903,True,False,True,False,,True,False,False,False,False
36,36,15.94,685 morris turnpike,24hours,00:00:00,00:00:00,8445,False,"{'address': '685 morris turnpike', 'city': 'springfield', 'state': 'NJ', 'zip': '07081'}","{'food': True, 'fuel': True, 'restrooms': True, 'diesel': True, 'ethanolFreeGas': False, 'open24Hours': True, 'teslaChargingStation': True, 'propane': True, 'chademoChargingStation': False, 'ccsChargingStation': False}",True,True,"[{'category': 'Unleaded'}, {'category': 'Plus'}, {'category': 'Premium'}, {'category': 'Diesel'}, {'category': 'Super'}]",40.7177,-74.3296,True,True,True,True,False,True,True,True,False,False
37,37,16.5,960 route 33,24hours,00:00:00,00:00:00,8330,False,"{'address': '960 route 33', 'city': 'monroe township', 'state': 'NJ', 'zip': '08831-5913'}","{'food': True, 'fuel': True, 'restrooms': True, 'diesel': True, 'ethanolFreeGas': False, 'open24Hours': True, 'teslaChargingStation': True, 'propane': True, 'chademoChargingStation': False, 'ccsChargingStation': False}",True,True,"[{'category': 'Unleaded'}, {'category': 'Plus'}, {'category': 'Premium'}, {'category': 'Diesel'}, {'category': 'Super'}]",40.266631,-74.472021,True,True,True,True,False,True,True,True,False,False
38,38,16.61,1750 route 22 east,24hours,00:00:00,00:00:00,8465,False,"{'address': '1750 route 22 east', 'city': 'union', 'state': 'NJ', 'zip': '07083'}","{'food': True, 'fuel': True, 'restrooms': True, 'diesel': True, 'ethanolFreeGas': False, 'open24Hours': True, 'teslaChargingStation': True, 'propane': True, 'chademoChargingStation': False, 'ccsChargingStation': False}",True,True,"[{'category': 'Unleaded'}, {'category': 'Plus'}, {'category': 'Premium'}, {'category': 'Diesel'}, {'category': 'Super'}]",40.695865,-74.25417,True,True,True,True,False,True,True,True,False,False
39,39,17.39,595 spring st,24hours,00:00:00,00:00:00,8320,False,"{'address': '595 spring st', 'city': 'elizabeth', 'state': 'NJ', 'zip': '07201-2028'}","{'food': True, 'fuel': True, 'restrooms': True, 'diesel': True, 'ethanolFreeGas': False, 'open24Hours': True, 'teslaChargingStation': True, 'propane': False, 'chademoChargingStation': True, 'ccsChargingStation': True}",True,True,"[{'category': 'Unleaded'}, {'category': 'Plus'}, {'category': 'Premium'}, {'category': 'Diesel'}, {'category': 'Super'}]",40.67318,-74.199879,True,True,True,True,False,True,True,False,True,True
40,40,17.51,800 rt. 202 (@ sumner rd).,24hours,00:00:00,00:00:00,0916,False,"{'address': '800 rt. 202 (@ sumner rd).', 'city': 'neshanic station', 'state': 'NJ', 'zip': '08853-3606'}","{'food': True, 'fuel': False, 'restrooms': True, 'diesel': False, 'ethanolFreeGas': None, 'open24Hours': True, 'teslaChargingStation': False, 'propane': False, 'chademoChargingStation': False, 'ccsChargingStation': False}",True,True,[],40.532371,-74.77739,True,False,True,False,,True,False,False,False,False
41,41,17.72,104 hickory corner road,24hours,00:00:00,00:00:00,0735,False,"{'address': '104 hickory corner road', 'city': 'hightstown', 'state': 'NJ', 'zip': '08520-2460'}","{'food': True, 'fuel': False, 'restrooms': False, 'diesel': False, 'ethanolFreeGas': None, 'open24Hours': True, 'teslaChargingStation': False, 'propane': False, 'chademoChargingStation': False, 'ccsChargingStation': False}",True,True,[],40.260656,-74.549587,True,False,False,False,,True,False,False,False,False
42,42,17.73,3499 brunswick pike,24hours,00:00:00,00:00:00,8447,False,"{'address': '3499 brunswick pike', 'city': 'princeton', 'state': 'NJ', 'zip': '08540'}","{'food': True, 'fuel': True, 'restrooms': False, 'diesel': True, 'ethanolFreeGas': False, 'open24Hours': True, 'teslaChargingStation': False, 'propane': False, 'chademoChargingStation': False, 'ccsChargingStation': False}",True,True,"[{'category': 'Unleaded'}, {'category': 'Plus'}, {'category': 'Premium'}, {'category': 'Diesel'}, {'category': 'Super'}]",40.309691,-74.665124,True,True,False,True,False,True,False,False,False,False
43,43,17.74,146 woodward rd,24hours,00:00:00,00:00:00,0993,False,"{'address': '146 woodward rd', 'city': 'manalapan', 'state': 'NJ', 'zip': '07726-4102'}","{'food': True, 'fuel': True, 'restrooms': True, 'diesel': True, 'ethanolFreeGas': False, 'open24Hours': True, 'teslaChargingStation': False, 'propane': True, 'chademoChargingStation': False, 'ccsChargingStation': False}",True,True,"[{'category': 'Unleaded'}, {'category': 'Plus'}, {'category': 'Premium'}, {'category': 'Diesel'}, {'category': 'Super'}]",40.254961,-74.367845,True,True,True,True,False,True,False,True,False,False
44,44,18.18,1511 springfield ave,24hours,00:00:00,00:00:00,8350,False,"{'address': '1511 springfield ave', 'city': 'maplewood', 'state': 'NJ', 'zip': '07040'}","{'food': True, 'fuel': True, 'restrooms': True, 'diesel': True, 'ethanolFreeGas': False, 'open24Hours': True, 'teslaChargingStation': False, 'propane': True, 'chademoChargingStation': False, 'ccsChargingStation': False}",True,True,"[{'category': 'Unleaded'}, {'category': 'Plus'}, {'category': 'Premium'}, {'category': 'Diesel'}, {'category': 'Super'}]",40.723,-74.2525,True,True,True,True,False,True,False,True,False,False
45,45,18.95,1230 hwy 35,24hours,00:00:00,00:00:00,8460,False,"{'address': '1230 hwy 35', 'city': 'middletown', 'state': 'NJ', 'zip': '07748-2013'}","{'food': True, 'fuel': True, 'restrooms': True, 'diesel': True, 'ethanolFreeGas': False, 'open24Hours': True, 'teslaChargingStation': False, 'propane': True, 'chademoChargingStation': False, 'ccsChargingStation': False}",True,True,"[{'category': 'Unleaded'}, {'category': 'Plus'}, {'category': 'Premium'}, {'category': 'Diesel'}, {'category': 'Super'}]",40.39775537,-74.11400196,True,True,True,True,False,True,False,True,False,False
46,46,20.21,1220 route 130,24hours,00:00:00,00:00:00,8399,False,"{'address': '1220 route 130', 'city': 'robbinsville', 'state': 'NJ', 'zip': '08691'}","{'food': True, 'fuel': True, 'restrooms': True, 'diesel': True, 'ethanolFreeGas': False, 'open24Hours': True, 'teslaChargingStation': False, 'propane': True, 'chademoChargingStation': False, 'ccsChargingStation': False}",True,True,"[{'category': 'Unleaded'}, {'category': 'Plus'}, {'category': 'Premium'}, {'category': 'Diesel'}, {'category': 'Super'}]",40.2337,-74.590797,True,True,True,True,False,True,False,True,False,False
47,47,20.88,75 appleton avenue,24hours,00:00:00,00:00:00,8306,False,"{'address': '75 appleton avenue', 'city': 'leonardo', 'state': 'NJ', 'zip': '07737-1348'}","{'food': True, 'fuel': True, 'restrooms': True, 'diesel': True, 'ethanolFreeGas': False, 'open24Hours': True, 'teslaChargingStation': False, 'propane': True, 'chademoChargingStation': False, 'ccsChargingStation': False}",True,True,"[{'category': 'Unleaded'}, {'category': 'Plus'}, {'category': 'Premium'}, {'category': 'Diesel'}, {'category': 'Super'}]",40.415506,-74.066539,True,True,True,True,False,True,False,True,False,False
48,48,21.06,2936 brunswick pike,18hours,05:00:00,00:00:00,8339,False,"{'address': '2936 brunswick pike', 'city': 'lawrence township', 'state': 'NJ', 'zip': '08648'}","{'food': True, 'fuel': True, 'restrooms': True, 'diesel': True, 'ethanolFreeGas': False, 'open24Hours': False, 'teslaChargingStation': False, 'propane': False, 'chademoChargingStation': False, 'ccsChargingStation': False}",True,True,"[{'category': 'Unleaded'}, {'category': 'Plus'}, {'category': 'Premium'}, {'category': 'Diesel'}, {'category': 'Super'}]",40.27354,-74.706847,True,True,True,True,False,False,False,False,False,False
49,49,21.33,20 highway 31,24hours,00:00:00,00:00:00,0991,False,"{'address': '20 highway 31', 'city': 'flemington', 'state': 'NJ', 'zip': '08822'}","{'food': True, 'fuel': True, 'restrooms': True, 'diesel': True, 'ethanolFreeGas': False, 'open24Hours': True, 'teslaChargingStation': True, 'propane': False, 'chademoChargingStation': False, 'ccsChargingStation': False}",True,True,"[{'category': 'Unleaded'}, {'category': 'Plus'}, {'category': 'Premium'}, {'category': 'Diesel'}, {'category': 'Super'}]",40.5049604,-74.8520522,True,True,True,True,False,True,True,False,False,False
50,2,11.5,341 west bridge street,24hours,00:00:00,00:00:00,0185,False,"{'address': '341 west bridge street', 'city': 'new hope', 'state': 'PA', 'zip': '18938'}","{'food': True, 'fuel': False, 'restrooms': False, 'diesel': False, 'ethanolFreeGas': None, 'open24Hours': True, 'teslaChargingStation': False, 'propane': False, 'chademoChargingStation': False, 'ccsChargingStation': False}",True,True,[],40.362767,-74.965773,True,True,True,True,False,True,True,True,False,False
51,6,16.61,4712 york rd,24hours,00:00:00,00:00:00,0215,False,"{'address': '4712 york rd', 'city': 'holicong', 'state': 'PA', 'zip': '18928'}","{'food': True, 'fuel': False, 'restrooms': False, 'diesel': False, 'ethanolFreeGas': None, 'open24Hours': True, 'teslaChargingStation': False, 'propane': False, 'chademoChargingStation': False, 'ccsChargingStation': False}",True,True,[],40.324221,-75.06035,True,True,True,True,False,True,False,True,False,False
52,9,16.94,1300 sylvia street,24hours,00:00:00,00:00:00,8360,False,"{'address': '1300 sylvia street', 'city': 'ewing', 'state': 'NJ', 'zip': '08618'}","{'food': True, 'fuel': True, 'restrooms': True, 'diesel': True, 'ethanolFreeGas': False, 'open24Hours': True, 'teslaChargingStation': False, 'propane': False, 'chademoChargingStation': False, 'ccsChargingStation': False}",True,True,"[{'category': 'Unleaded'}, {'category': 'Plus'}, {'category': 'Premium'}, {'category': 'Diesel'}, {'category': 'Super'}]",40.262697,-74.802529,True,False,False,False,,True,False,False,False,False
53,10,17.59,5854 easton road,24hours,00:00:00,00:00:00,0288,False,"{'address': '5854 easton road', 'city': 'pipersville', 'state': 'PA', 'zip': '18947-1098'}","{'food': True, 'fuel': True, 'restrooms': True, 'diesel': True, 'ethanolFreeGas': False, 'open24Hours': True, 'teslaChargingStation': False, 'propane': True, 'chademoChargingStation': False, 'ccsChargingStation': False}",True,True,"[{'category': 'Unleaded'}, {'category': 'Plus'}, {'category': 'Premium'}, {'category': 'Diesel'}, {'category': 'Super'}]",40.385404,-75.1475,True,True,True,True,False,True,False,True,False,False
54,12,18.21,44 south main street,24hours,00:00:00,00:00:00,0059,False,"{'address': '44 south main street', 'city': 'yardley', 'state': 'PA', 'zip': '19067'}","{'food': True, 'fuel': False, 'restrooms': False, 'diesel': False, 'ethanolFreeGas': None, 'open24Hours': True, 'teslaChargingStation': False, 'propane': False, 'chademoChargingStation': False, 'ccsChargingStation': False}",True,True,[],40.241594,-74.837294,True,True,True,True,False,True,True,True,False,False
55,14,18.95,3659 n easton road,24hours,00:00:00,00:00:00,8096,False,"{'address': '3659 n easton road', 'city': 'doylestown', 'state': 'PA', 'zip': '18902'}","{'food': True, 'fuel': True, 'restrooms': True, 'diesel': True, 'ethanolFreeGas': False, 'open24Hours': True, 'teslaChargingStation': False, 'propane': True, 'chademoChargingStation': False, 'ccsChargingStation': False}",True,True,"[{'category': 'Unleaded'}, {'category': 'Plus'}, {'category': 'Premium'}, {'category': 'Diesel'}, {'category': 'Super'}]",40.32911,-75.128438,True,True,True,True,False,True,False,False,False,False
56,15,19.22,1300 route 22,24hours,00:00:00,00:00:00,8313,False,"{'address': '1300 route 22', 'city': 'phillipsburg', 'state': 'NJ', 'zip': '08865-4108'}","{'food': True, 'fuel': True, 'restrooms': True, 'diesel': True, 'ethanolFreeGas': False, 'open24Hours': True, 'teslaChargingStation': False, 'propane': True, 'chademoChargingStation': False, 'ccsChargingStation': False}",True,True,"[{'category': 'Unleaded'}, {'category': 'Plus'}, {'category': 'Premium'}, {'category': 'Diesel'}, {'category': 'Super'}]",40.675319,-75.141681,True,True,True,True,False,True,False,True,False,False
57,16,19.81,51 flock road,24hours,00:00:00,00:00:00,8356,False,"{'address': '51 flock road', 'city': 'hamilton', 'state': 'NJ', 'zip': '08619-1401'}","{'food': True, 'fuel': True, 'restrooms': True, 'diesel': True, 'ethanolFreeGas': False, 'open24Hours': True, 'teslaChargingStation': True, 'propane': True, 'chademoChargingStation': False, 'ccsChargingStation': False}",True,True,"[{'category': 'Unleaded'}, {'category': 'Plus'}, {'category': 'Premium'}, {'category': 'Diesel'}, {'category': 'Super'}]",40.248453,-74.684073,True,True,True,True,False,True,False,True,True,True
58,19,20.21,2004 nottingham way,24hours,00:00:00,00:00:00,0349,False,"{'address': '2004 nottingham way', 'city': 'hamilton', 'state': 'NJ', 'zip': '08619-3030'}","{'food': True, 'fuel': False, 'restrooms': False, 'diesel': False, 'ethanolFreeGas': None, 'open24Hours': True, 'teslaChargingStation': False, 'propane': False, 'chademoChargingStation': False, 'ccsChargingStation': False}",True,True,[],40.233365,-74.709531,True,True,True,True,False,True,True,True,False,False
59,21,20.25,425 s. main street,24hours,00:00:00,00:00:00,8125,False,"{'address': '425 s. main street', 'city': 'doylestown', 'state': 'PA', 'zip': '18901'}","{'food': True, 'fuel': True, 'restrooms': True, 'diesel': True, 'ethanolFreeGas': False, 'open24Hours': True, 'teslaChargingStation': True, 'propane': True, 'chademoChargingStation': False, 'ccsChargingStation': False}",True,True,"[{'category': 'Unleaded'}, {'category': 'Plus'}, {'category': 'Premium'}, {'category': 'Diesel'}, {'category': 'Super'}]",40.300239,-75.127463,True,True,True,True,False,True,False,True,False,False
60,22,20.8,545 west trenton ave,24hours,00:00:00,00:00:00,8076,False,"{'address': '545 west trenton ave', 'city': 'morrisville', 'state': 'PA', 'zip': '19067'}","{'food': True, 'fuel': True, 'restrooms': True, 'diesel': True, 'ethanolFreeGas': False, 'open24Hours': True, 'teslaChargingStation': False, 'propane': True, 'chademoChargingStation': False, 'ccsChargingStation': False}",True,True,"[{'category': 'Unleaded'}, {'category': 'Plus'}, {'category': 'Premium'}, {'category': 'Diesel'}, {'category': 'Super'}]",40.206236,-74.803869,True,True,True,True,False,True,False,False,False,False
61,23,21.12,320 route 313,24hours,00:00:00,00:00:00,8139,False,"{'address': '320 route 313', 'city': 'perkasie', 'state': 'PA', 'zip': '18944'}","{'food': True, 'fuel': True, 'restrooms': True, 'diesel': True, 'ethanolFreeGas': False, 'open24Hours': True, 'teslaChargingStation': False, 'propane': True, 'chademoChargingStation': False, 'ccsChargingStation': False}",True,True,"[{'category': 'Unleaded'}, {'category': 'Plus'}, {'category': 'Premium'}, {'category': 'Diesel'}, {'category': 'Super'}]",40.38167,-75.21964,True,True,True,True,False,True,False,False,False,False
62,24,21.49,1200 state highway 33,24hours,00:00:00,00:00:00,8357,False,"{'address': '1200 state highway 33', 'city': 'hamilton', 'state': 'NJ', 'zip': '08690'}","{'food': True, 'fuel': True, 'restrooms': True, 'diesel': True, 'ethanolFreeGas': False, 'open24Hours': True, 'teslaChargingStation': False, 'propane': False, 'chademoChargingStation': False, 'ccsChargingStation': False}",True,True,"[{'category': 'Unleaded'}, {'category': 'Plus'}, {'category': 'Premium'}, {'category': 'Diesel'}, {'category': 'Super'}]",40.2286,-74.6646,True,True,True,True,False,True,False,True,False,False
63,25,21.51,411 roseberry st,24hours,00:00:00,00:00:00,0985,False,"{'address': '411 roseberry st', 'city': 'phillipsburg', 'state': 'NJ', 'zip': '08865'}","{'food': True, 'fuel': True, 'restrooms': True, 'diesel': True, 'ethanolFreeGas': False, 'open24Hours': True, 'teslaChargingStation': False, 'propane': True, 'chademoChargingStation': False, 'ccsChargingStation': False}",True,True,"[{'category': 'Unleaded'}, {'category': 'Plus'}, {'category': 'Premium'}, {'category': 'Diesel'}, {'category': 'Super'}]",40.696569,-75.17511,True,False,True,False,,True,False,True,False,False
64,27,21.78,530 lincoln hwy,24hours,00:00:00,00:00:00,8168,False,"{'address': '530 lincoln hwy', 'city': 'fairless hills', 'state': 'PA', 'zip': '19030'}","{'food': True, 'fuel': True, 'restrooms': True, 'diesel': True, 'ethanolFreeGas': False, 'open24Hours': True, 'teslaChargingStation': False, 'propane': True, 'chademoChargingStation': False, 'ccsChargingStation': False}",True,True,"[{'category': 'Unleaded'}, {'category': 'Plus'}, {'category': 'Premium'}, {'category': 'Diesel'}, {'category': 'Super'}]",40.190075,-74.832064,True,True,True,True,False,True,False,True,False,False
65,28,21.84,1937 york rd,24hours,00:00:00,00:00:00,8022,False,"{'address': '1937 york rd', 'city': 'jamison', 'state': 'PA', 'zip': '18929-1615'}","{'food': True, 'fuel': True, 'restrooms': True, 'diesel': True, 'ethanolFreeGas': False, 'open24Hours': True, 'teslaChargingStation': False, 'propane': False, 'chademoChargingStation': False, 'ccsChargingStation': False}",True,True,"[{'category': 'Unleaded'}, {'category': 'Plus'}, {'category': 'Premium'}, {'category': 'Diesel'}, {'category': 'Super'}]",40.24629,-75.09051,True,False,False,False,,True,False,False,False,False
66,29,21.99,870 second street pike,24hours,00:00:00,00:00:00,8121,False,"{'address': '870 second street pike', 'city': 'richboro', 'state': 'PA', 'zip': '18954'}","{'food': True, 'fuel': True, 'restrooms': True, 'diesel': True, 'ethanolFreeGas': False, 'open24Hours': True, 'teslaChargingStation': False, 'propane': True, 'chademoChargingStation': False, 'ccsChargingStation': False}",True,True,"[{'category': 'Unleaded'}, {'category': 'Plus'}, {'category': 'Premium'}, {'category': 'Diesel'}, {'category': 'Super'}]",40.211106,-75.012341,True,True,True,True,False,True,False,True,False,False
67,30,22.52,132 oxford valley rd,24hours,00:00:00,00:00:00,8020,False,"{'address': '132 oxford valley rd', 'city': 'levittown', 'state': 'PA', 'zip': '19056'}","{'food': True, 'fuel': True, 'restrooms': True, 'diesel': True, 'ethanolFreeGas': False, 'open24Hours': True, 'teslaChargingStation': False, 'propane': True, 'chademoChargingStation': False, 'ccsChargingStation': False}",True,True,"[{'category': 'Unleaded'}, {'category': 'Plus'}, {'category': 'Premium'}, {'category': 'Diesel'}, {'category': 'Super'}]",40.179345,-74.870705,True,True,True,True,False,False,False,True,False,False
68,32,22.6,310 larry holmes drive,24hours,00:00:00,00:00:00,0089,False,"{'address': '310 larry holmes drive', 'city': 'easton', 'state': 'PA', 'zip': '18042'}","{'food': True, 'fuel': False, 'restrooms': True, 'diesel': False, 'ethanolFreeGas': None, 'open24Hours': True, 'teslaChargingStation': False, 'propane': False, 'chademoChargingStation': False, 'ccsChargingStation': False}",True,True,[],40.687102,-75.209857,True,True,True,True,False,True,False,True,False,False
69,34,22.93,225 cattell street,24hours,00:00:00,00:00:00,0101,False,"{'address': '225 cattell street', 'city': 'easton', 'state': 'PA', 'zip': '18042'}","{'food': True, 'fuel': False, 'restrooms': False, 'diesel': False, 'ethanolFreeGas': None, 'open24Hours': True, 'teslaChargingStation': False, 'propane': False, 'chademoChargingStation': False, 'ccsChargingStation': False}",True,True,[],40.700153,-75.205536,True,False,False,False,,True,False,False,False,False
70,35,22.96,299 mountain ave,24hours,00:00:00,00:00:00,8390,False,"{'address': '299 mountain ave', 'city': 'hackettstown', 'state': 'NJ', 'zip': '07840'}","{'food': True, 'fuel': True, 'restrooms': True, 'diesel': True, 'ethanolFreeGas': False, 'open24Hours': True, 'teslaChargingStation': False, 'propane': True, 'chademoChargingStation': False, 'ccsChargingStation': False}",True,True,"[{'category': 'Unleaded'}, {'category': 'Plus'}, {'category': 'Premium'}, {'category': 'Diesel'}, {'category': 'Super'}]",40.83658,-74.822702,True,False,True,False,,True,False,False,False,False
71,38,23.1,1244 bristol pike,24hours,00:00:00,00:00:00,0142,False,"{'address': '1244 bristol pike', 'city': 'morrisville', 'state': 'PA', 'zip': '19067-6102'}","{'food': True, 'fuel': False, 'restrooms': True, 'diesel': False, 'ethanolFreeGas': None, 'open24Hours': True, 'teslaChargingStation': False, 'propane': False, 'chademoChargingStation': False, 'ccsChargingStation': False}",True,True,[],40.17363,-74.793032,True,True,True,True,False,True,True,True,False,False
72,40,23.24,3157 broad street,24hours,00:00:00,00:00:00,8452,False,"{'address': '3157 broad street', 'city': 'hamilton', 'state': 'NJ', 'zip': '08610'}","{'food': True, 'fuel': True, 'restrooms': True, 'diesel': True, 'ethanolFreeGas': False, 'open24Hours': True, 'teslaChargingStation': False, 'propane': False, 'chademoChargingStation': False, 'ccsChargingStation': False}",True,True,"[{'category': 'Unleaded'}, {'category': 'Plus'}, {'category': 'Premium'}, {'category': 'Diesel'}, {'category': 'Super'}]",40.187657,-74.705525,True,False,True,False,,True,False,False,False,False
73,43,23.79,639 east lincoln hwy,24hours,00:00:00,00:00:00,8157,False,"{'address': '639 east lincoln hwy', 'city': 'langhorne', 'state': 'PA', 'zip': '19047'}","{'food': True, 'fuel': True, 'restrooms': False, 'diesel': True, 'ethanolFreeGas': False, 'open24Hours': True, 'teslaChargingStation': True, 'propane': False, 'chademoChargingStation': False, 'ccsChargingStation': False}",True,True,"[{'category': 'Unleaded'}, {'category': 'Plus'}, {'category': 'Premium'}, {'category': 'Diesel'}, {'category': 'Super'}]",40.163067,-74.904772,True,True,True,True,False,True,False,True,False,False
74,44,23.83,7625 new falls rd,24hours,00:00:00,00:00:00,8004,False,"{'address': '7625 new falls rd', 'city': 'bristol', 'state': 'PA', 'zip': '19007-6924'}","{'food': True, 'fuel': True, 'restrooms': True, 'diesel': True, 'ethanolFreeGas': False, 'open24Hours': True, 'teslaChargingStation': False, 'propane': True, 'chademoChargingStation': False, 'ccsChargingStation': False}",True,True,"[{'category': 'Unleaded'}, {'category': 'Plus'}, {'category': 'Premium'}, {'category': 'Diesel'}, {'category': 'Super'}]",40.16011,-74.84905,True,True,True,True,False,True,False,True,False,False
75,46,23.97,236 holland pike,24hours,00:00:00,00:00:00,0128,False,"{'address': '236 holland pike', 'city': 'holland', 'state': 'PA', 'zip': '18966-1702'}","{'food': True, 'fuel': False, 'restrooms': False, 'diesel': False, 'ethanolFreeGas': None, 'open24Hours': True, 'teslaChargingStation': False, 'propane': False, 'chademoChargingStation': False, 'ccsChargingStation': False}",True,True,[],40.17369,-74.987457,True,True,True,True,False,True,False,True,False,False
76,47,24.07,631 south 25th st,24hours,00:00:00,00:00:00,8032,False,"{'address': '631 south 25th st', 'city': 'easton', 'state': 'PA', 'zip': '18045-5336'}","{'food': True, 'fuel': True, 'restrooms': True, 'diesel': True, 'ethanolFreeGas': True, 'open24Hours': True, 'teslaChargingStation': False, 'propane': True, 'chademoChargingStation': False, 'ccsChargingStation': False}",True,True,"[{'category': 'Unleaded'}, {'category': 'Plus'}, {'category': 'Premium'}, {'category': 'Diesel'}, {'category': 'Super'}, {'category': 'xEthanol'}]",40.680481,-75.248432,True,True,True,True,False,True,False,True,False,False
77,49,24.18,3817 crosswicks hamilton sq rd,24hours,00:00:00,00:00:00,8342,False,"{'address': '3817 crosswicks hamilton sq rd', 'city': 'trenton', 'state': 'NJ', 'zip': '08691-3760'}","{'food': True, 'fuel': True, 'restrooms': True, 'diesel': True, 'ethanolFreeGas': False, 'open24Hours': True, 'teslaChargingStation': False, 'propane': False, 'chademoChargingStation': False, 'ccsChargingStation': False}",True,True,"[{'category': 'Unleaded'}, {'category': 'Plus'}, {'category': 'Premium'}, {'category': 'Diesel'}, {'category': 'Super'}]",40.192079,-74.646543,True,True,True,True,False,True,True,False,False,False
78,6,4.65,237 rt. 130,24hours,00:00:00,00:00:00,8345,False,"{'address': '237 rt. 130', 'city': 'bordentown', 'state': 'NJ', 'zip': '08505'}","{'food': True, 'fuel': True, 'restrooms': True, 'diesel': True, 'ethanolFreeGas': False, 'open24Hours': True, 'teslaChargingStation': False, 'propane': True, 'chademoChargingStation': False, 'ccsChargingStation': False}",True,True,"[{'category': 'Unleaded'}, {'category': 'Plus'}, {'category': 'Premium'}, {'category': 'Diesel'}, {'category': 'Super'}]",40.1408,-74.7037,True,True,True,True,False,True,False,True,False,False
79,7,5.47,1076 rt. 206,24hours,00:00:00,00:00:00,0919,False,"{'address': '1076 rt. 206', 'city': 'bordentown', 'state': 'NJ', 'zip': '08505'}","{'food': True, 'fuel': False, 'restrooms': True, 'diesel': False, 'ethanolFreeGas': None, 'open24Hours': True, 'teslaChargingStation': False, 'propane': False, 'chademoChargingStation': False, 'ccsChargingStation': False}",True,True,[],40.127617,-74.70683,True,True,True,True,False,True,False,True,False,False
80,13,9.07,210 wrightstown-georgetown,24hours,00:00:00,00:00:00,8475,False,"{'address': '210 wrightstown-georgetown', 'city': 'chesterfield', 'state': 'NJ', 'zip': '08515'}","{'food': True, 'fuel': True, 'restrooms': True, 'diesel': True, 'ethanolFreeGas': False, 'open24Hours': True, 'teslaChargingStation': False, 'propane': True, 'chademoChargingStation': False, 'ccsChargingStation': False}",True,True,"[{'category': 'Unleaded'}, {'category': 'Plus'}, {'category': 'Premium'}, {'category': 'Diesel'}, {'category': 'Super'}]",40.061302,-74.631657,True,True,True,True,False,True,False,True,False,False
81,15,9.78,225 a levittown parkway,24hours,00:00:00,00:00:00,8127,False,"{'address': '225 a levittown parkway', 'city': 'levittown', 'state': 'PA', 'zip': '19054'}","{'food': True, 'fuel': True, 'restrooms': True, 'diesel': True, 'ethanolFreeGas': False, 'open24Hours': True, 'teslaChargingStation': False, 'propane': True, 'chademoChargingStation': False, 'ccsChargingStation': False}",True,True,"[{'category': 'Unleaded'}, {'category': 'Plus'}, {'category': 'Premium'}, {'category': 'Diesel'}, {'category': 'Super'}]",40.144731,-74.821121,True,True,True,True,False,True,False,True,False,False
82,17,9.97,2060 route 130 (@ cedar lane),24hours,00:00:00,00:00:00,0921,False,"{'address': '2060 route 130 (@ cedar lane)', 'city': 'burlington', 'state': 'NJ', 'zip': '08016-9716'}","{'food': True, 'fuel': True, 'restrooms': True, 'diesel': False, 'ethanolFreeGas': False, 'open24Hours': True, 'teslaChargingStation': True, 'propane': True, 'chademoChargingStation': False, 'ccsChargingStation': False}",True,True,"[{'category': 'Unleaded'}, {'category': 'Plus'}, {'category': 'Premium'}, {'category': 'Super'}]",40.10138,-74.793482,True,False,False,False,,True,False,False,False,False
83,19,10.43,1 maple ave,24hours,00:00:00,00:00:00,0798,False,"{'address': '1 maple ave', 'city': 'new egypt', 'state': 'NJ', 'zip': '08533'}","{'food': True, 'fuel': False, 'restrooms': True, 'diesel': False, 'ethanolFreeGas': None, 'open24Hours': True, 'teslaChargingStation': False, 'propane': False, 'chademoChargingStation': False, 'ccsChargingStation': False}",True,True,[],40.067537,-74.53508,True,True,True,True,False,True,True,True,False,False
84,23,11.58,633 route 539,24hours,00:00:00,00:00:00,0979,False,"{'address': '633 route 539', 'city': 'new egypt', 'state': 'NJ', 'zip': '08533-2104'}","{'food': True, 'fuel': True, 'restrooms': True, 'diesel': True, 'ethanolFreeGas': False, 'open24Hours': True, 'teslaChargingStation': False, 'propane': True, 'chademoChargingStation': False, 'ccsChargingStation': False}",True,True,"[{'category': 'Unleaded'}, {'category': 'Plus'}, {'category': 'Premium'}, {'category': 'Diesel'}, {'category': 'Super'}]",40.082701,-74.480352,True,True,True,True,False,True,False,False,False,False
85,24,11.61,200 green lane,18hours,05:00:00,00:00:00,0196,False,"{'address': '200 green lane', 'city': 'bristol', 'state': 'PA', 'zip': '19007'}","{'food': True, 'fuel': False, 'restrooms': True, 'diesel': False, 'ethanolFreeGas': None, 'open24Hours': False, 'teslaChargingStation': False, 'propane': False, 'chademoChargingStation': False, 'ccsChargingStation': False}",True,True,[],40.110235,-74.83844,True,True,True,True,False,True,False,True,False,False
86,25,11.65,5900 bristol pike,24hours,00:00:00,00:00:00,0268,False,"{'address': '5900 bristol pike', 'city': 'bristol', 'state': 'PA', 'zip': '19007-4006'}","{'food': True, 'fuel': True, 'restrooms': True, 'diesel': True, 'ethanolFreeGas': False, 'open24Hours': True, 'teslaChargingStation': True, 'propane': True, 'chademoChargingStation': False, 'ccsChargingStation': False}",True,True,"[{'category': 'Unleaded'}, {'category': 'Plus'}, {'category': 'Premium'}, {'category': 'Diesel'}, {'category': 'Super'}]",40.11764,-74.844486,True,False,True,False,,True,False,True,False,False
87,26,11.69,548 monmouth road,24hours,00:00:00,00:00:00,0909,False,"{'address': '548 monmouth road', 'city': 'clarksburg', 'state': 'NJ', 'zip': '08510-2208'}","{'food': True, 'fuel': True, 'restrooms': True, 'diesel': True, 'ethanolFreeGas': False, 'open24Hours': True, 'teslaChargingStation': True, 'propane': False, 'chademoChargingStation': False, 'ccsChargingStation': False}",True,True,"[{'category': 'Unleaded'}, {'category': 'Plus'}, {'category': 'Premium'}, {'category': 'Diesel'}, {'category': 'Super'}]",40.157278,-74.42987,True,False,False,False,,True,False,False,False,False
88,28,12.55,3800 bristol-oxford valley rd,24hours,00:00:00,00:00:00,8163,False,"{'address': '3800 bristol-oxford valley rd', 'city': 'levittown', 'state': 'PA', 'zip': '19057'}","{'food': True, 'fuel': True, 'restrooms': True, 'diesel': True, 'ethanolFreeGas': False, 'open24Hours': True, 'teslaChargingStation': False, 'propane': True, 'chademoChargingStation': False, 'ccsChargingStation': False}",True,True,"[{'category': 'Unleaded'}, {'category': 'Plus'}, {'category': 'Premium'}, {'category': 'Diesel'}, {'category': 'Super'}]",40.13636,-74.87284,True,False,False,False,,True,False,False,False,False
89,29,12.95,2671 route 206,24hours,00:00:00,00:00:00,8459,False,"{'address': '2671 route 206', 'city': 'mount holly', 'state': 'NJ', 'zip': '08060'}","{'food': True, 'fuel': True, 'restrooms': True, 'diesel': True, 'ethanolFreeGas': False, 'open24Hours': True, 'teslaChargingStation': False, 'propane': True, 'chademoChargingStation': False, 'ccsChargingStation': False}",True,True,"[{'category': 'Unleaded'}, {'category': 'Plus'}, {'category': 'Premium'}, {'category': 'Diesel'}, {'category': 'Super'}]",40.016897,-74.733841,True,True,True,True,False,True,False,True,False,False
90,31,13.18,3260 bath road,24hours,00:00:00,00:00:00,0219,False,"{'address': '3260 bath road', 'city': 'bristol', 'state': 'PA', 'zip': '19007-2125'}","{'food': True, 'fuel': True, 'restrooms': True, 'diesel': True, 'ethanolFreeGas': False, 'open24Hours': True, 'teslaChargingStation': False, 'propane': True, 'chademoChargingStation': True, 'ccsChargingStation': True}",True,True,"[{'category': 'Unleaded'}, {'category': 'Plus'}, {'category': 'Premium'}, {'category': 'Diesel'}, {'category': 'Super'}]",40.126996,-74.881219,True,True,True,True,False,True,True,True,False,False
91,32,13.45,1528 trenton rd,24hours,00:00:00,00:00:00,0070,False,"{'address': '1528 trenton rd', 'city': 'langhorne', 'state': 'PA', 'zip': '19047'}","{'food': True, 'fuel': False, 'restrooms': True, 'diesel': False, 'ethanolFreeGas': None, 'open24Hours': True, 'teslaChargingStation': False, 'propane': True, 'chademoChargingStation': False, 'ccsChargingStation': False}",True,True,[],40.154818,-74.896529,True,True,True,True,False,True,False,True,False,False
92,33,13.56,350 e rt 130 s,18hours,04:00:00,00:00:00,8314,False,"{'address': '350 e rt 130 s', 'city': 'burlington', 'state': 'NJ', 'zip': '08016'}","{'food': True, 'fuel': True, 'restrooms': True, 'diesel': True, 'ethanolFreeGas': False, 'open24Hours': False, 'teslaChargingStation': False, 'propane': True, 'chademoChargingStation': False, 'ccsChargingStation': False}",True,True,"[{'category': 'Unleaded'}, {'category': 'Plus'}, {'category': 'Premium'}, {'category': 'Diesel'}, {'category': 'Super'}]",40.072809,-74.850337,True,True,False,True,False,True,False,True,False,False
93,34,13.69,3111 state road,24hours,00:00:00,00:00:00,8107,False,"{'address': '3111 state road', 'city': 'croydon', 'state': 'PA', 'zip': '19021'}","{'food': True, 'fuel': True, 'restrooms': True, 'diesel': True, 'ethanolFreeGas': False, 'open24Hours': True, 'teslaChargingStation': False, 'propane': True, 'chademoChargingStation': False, 'ccsChargingStation': False}",True,True,"[{'category': 'Unleaded'}, {'category': 'Plus'}, {'category': 'Premium'}, {'category': 'Diesel'}, {'category': 'Super'}]",40.097059,-74.873985,True,False,False,False,,True,False,False,False,False
94,36,14.09,2003 mount holly rd,24hours,00:00:00,00:00:00,0943,False,"{'address': '2003 mount holly rd', 'city': 'burlington', 'state': 'NJ', 'zip': '08016-4721'}","{'food': True, 'fuel': True, 'restrooms': True, 'diesel': True, 'ethanolFreeGas': False, 'open24Hours': True, 'teslaChargingStation': False, 'propane': True, 'chademoChargingStation': False, 'ccsChargingStation': False}",True,True,"[{'category': 'Unleaded'}, {'category': 'Plus'}, {'category': 'Premium'}, {'category': 'Diesel'}, {'category': 'Super'}]",40.052215,-74.84056,True,True,True,True,False,True,True,True,False,False
95,39,14.91,3 arneys mount rd,24hours,00:00:00,00:00:00,0982,False,"{'address': '3 arneys mount rd', 'city': 'pemberton', 'state': 'NJ', 'zip': '08068-1314'}","{'food': True, 'fuel': True, 'restrooms': True, 'diesel': True, 'ethanolFreeGas': False, 'open24Hours': True, 'teslaChargingStation': False, 'propane': True, 'chademoChargingStation': False, 'ccsChargingStation': False}",True,True,"[{'category': 'Unleaded'}, {'category': 'Plus'}, {'category': 'Premium'}, {'category': 'Diesel'}, {'category': 'Super'}]",39.977906,-74.68166,True,True,True,True,False,True,True,False,True,True
96,40,15.0,798 woodlane avenue,24hours,00:00:00,00:00:00,0366,False,"{'address': '798 woodlane avenue', 'city': 'mount holly', 'state': 'NJ', 'zip': '08060-3317'}","{'food': True, 'fuel': False, 'restrooms': True, 'diesel': False, 'ethanolFreeGas': None, 'open24Hours': True, 'teslaChargingStation': False, 'propane': False, 'chademoChargingStation': False, 'ccsChargingStation': False}",True,True,[],40.011275,-74.803762,True,False,True,False,,True,False,False,False,False
97,42,15.41,1814 salem rd,24hours,00:00:00,00:00:00,0382,False,"{'address': '1814 salem rd', 'city': 'burlington', 'state': 'NJ', 'zip': '08016-3668'}","{'food': True, 'fuel': True, 'restrooms': True, 'diesel': True, 'ethanolFreeGas': False, 'open24Hours': True, 'teslaChargingStation': False, 'propane': True, 'chademoChargingStation': False, 'ccsChargingStation': False}",True,True,"[{'category': 'Unleaded'}, {'category': 'Plus'}, {'category': 'Premium'}, {'category': 'Diesel'}, {'category': 'Super'}]",40.05031,-74.871598,True,True,False,True,False,True,False,False,False,False
98,43,15.41,4662 bensalem blvd.,18hours,05:00:00,00:00:00,0165,False,"{'address': '4662 bensalem blvd.', 'city': 'bensalem', 'state': 'PA', 'zip': '19020-4943'}","{'food': True, 'fuel': False, 'restrooms': False, 'diesel': False, 'ethanolFreeGas': None, 'open24Hours': False, 'teslaChargingStation': False, 'propane': False, 'chademoChargingStation': False, 'ccsChargingStation': False}",True,True,[],40.105423,-74.91545,True,True,True,True,False,True,False,True,False,False
99,44,15.72,7 juliustown road,24hours,00:00:00,00:00:00,0745,False,"{'address': '7 juliustown road', 'city': 'browns mills', 'state': 'NJ', 'zip': '08015'}","{'food': True, 'fuel': False, 'restrooms': False, 'diesel': False, 'ethanolFreeGas': None, 'open24Hours': True, 'teslaChargingStation': False, 'propane': False, 'chademoChargingStation': False, 'ccsChargingStation': False}",True,True,[],39.969761,-74.58297,True,True,True,True,False,True,False,True,False,False
100,45,15.98,2356 vincentown columbus rd,24hours,00:00:00,00:00:00,8300,False,"{'address': '2356 vincentown columbus rd', 'city': 'southampton', 'state': 'NJ', 'zip': '08088-1629'}","{'food': True, 'fuel': True, 'restrooms': True, 'diesel': True, 'ethanolFreeGas': False, 'open24Hours': True, 'teslaChargingStation': False, 'propane': True, 'chademoChargingStation': False, 'ccsChargingStation': False}",True,True,"[{'category': 'Unleaded'}, {'category': 'Plus'}, {'category': 'Premium'}, {'category': 'Diesel'}, {'category': 'Super'}]",39.970756,-74.734526,True,True,True,True,False,True,False,True,False,False
101,46,16.03,76 springside road,24hours,00:00:00,00:00:00,8423,False,"{'address': '76 springside road', 'city': 'westampton', 'state': 'NJ', 'zip': '08060'}","{'food': True, 'fuel': True, 'restrooms': True, 'diesel': True, 'ethanolFreeGas': False, 'open24Hours': True, 'teslaChargingStation': False, 'propane': True, 'chademoChargingStation': False, 'ccsChargingStation': False}",True,True,"[{'category': 'Unleaded'}, {'category': 'Plus'}, {'category': 'Premium'}, {'category': 'Diesel'}, {'category': 'Super'}]",40.02386,-74.855533,True,True,True,True,False,True,False,True,False,False
102,47,16.11,3338 bristol road,24hours,00:00:00,00:00:00,0077,False,"{'address': '3338 bristol road', 'city': 'bensalem', 'state': 'PA', 'zip': '19020-2120'}","{'food': True, 'fuel': False, 'restrooms': False, 'diesel': False, 'ethanolFreeGas': None, 'open24Hours': True, 'teslaChargingStation': False, 'propane': False, 'chademoChargingStation': False, 'ccsChargingStation': False}",True,True,[],40.135507,-74.942444,True,True,True,True,False,True,False,True,False,False
103,49,16.81,1522 route 38,24hours,00:00:00,00:00:00,0957,False,"{'address': '1522 route 38', 'city': 'lumberton', 'state': 'NJ', 'zip': '08048'}","{'food': True, 'fuel': True, 'restrooms': True, 'diesel': True, 'ethanolFreeGas': False, 'open24Hours': True, 'teslaChargingStation': False, 'propane': True, 'chademoChargingStation': False, 'ccsChargingStation': False}",True,True,"[{'category': 'Unleaded'}, {'category': 'Plus'}, {'category': 'Premium'}, {'category': 'Diesel'}, {'category': 'Super'}]",39.98176,-74.806402,True,True,True,True,False,True,True,False,False,False
104,2,3.38,570 rancocas road,24hours,00:00:00,00:00:00,8458,False,"{'address': '570 rancocas road', 'city': 'mount holly', 'state': 'NJ', 'zip': '08060'}","{'food': True, 'fuel': True, 'restrooms': True, 'diesel': True, 'ethanolFreeGas': False, 'open24Hours': True, 'teslaChargingStation': True, 'propane': True, 'chademoChargingStation': False, 'ccsChargingStation': False}",True,True,"[{'category': 'Unleaded'}, {'category': 'Plus'}, {'category': 'Premium'}, {'category': 'Diesel'}, {'category': 'Super'}]",40.007295,-74.860958,True,True,True,True,False,True,True,True,False,False
105,5,3.95,200 larchmont boulevard,24hours,00:00:00,00:00:00,0358,False,"{'address': '200 larchmont boulevard', 'city': 'mount laurel', 'state': 'NJ', 'zip': '08054-3379'}","{'food': True, 'fuel': False, 'restrooms': True, 'diesel': False, 'ethanolFreeGas': None, 'open24Hours': True, 'teslaChargingStation': False, 'propane': False, 'chademoChargingStation': False, 'ccsChargingStation': False}",True,True,[],39.952705,-74.870563,True,True,False,True,False,True,False,False,False,False
106,6,4.28,3230 route 38,24hours,00:00:00,00:00:00,8491,False,"{'address': '3230 route 38', 'city': 'mount laurel', 'state': 'NJ', 'zip': '08054'}","{'food': True, 'fuel': True, 'restrooms': True, 'diesel': True, 'ethanolFreeGas': False, 'open24Hours': True, 'teslaChargingStation': False, 'propane': False, 'chademoChargingStation': False, 'ccsChargingStation': False}",True,True,"[{'category': 'Unleaded'}, {'category': 'Plus'}, {'category': 'Premium'}, {'category': 'Diesel'}, {'category': 'Super'}]",39.96916341,-74.88562043,True,True,True,True,False,True,False,True,False,False
107,8,4.7,199 mt. holly road,24hours,00:00:00,00:00:00,0353,False,"{'address': '199 mt. holly road', 'city': 'medford', 'state': 'NJ', 'zip': '08055-2513'}","{'food': True, 'fuel': False, 'restrooms': True, 'diesel': False, 'ethanolFreeGas': None, 'open24Hours': True, 'teslaChargingStation': False, 'propane': False, 'chademoChargingStation': False, 'ccsChargingStation': False}",True,True,[],39.915453,-74.826565,True,False,False,False,,True,False,False,False,False
108,9,4.8,2075 route 206,24hours,00:00:00,00:00:00,0376,False,"{'address': '2075 route 206', 'city': 'vincentown', 'state': 'NJ', 'zip': '08088-3337'}","{'food': True, 'fuel': False, 'restrooms': False, 'diesel': False, 'ethanolFreeGas': None, 'open24Hours': True, 'teslaChargingStation': False, 'propane': False, 'chademoChargingStation': False, 'ccsChargingStation': False}",True,True,[],39.931955,-74.743228,True,False,False,False,,True,False,False,False,False
109,11,5.35,257 route 70,24hours,00:00:00,00:00:00,0915,False,"{'address': '257 route 70', 'city': 'medford', 'state': 'NJ', 'zip': '08055-9421'}","{'food': True, 'fuel': True, 'restrooms': True, 'diesel': True, 'ethanolFreeGas': False, 'open24Hours': True, 'teslaChargingStation': True, 'propane': False, 'chademoChargingStation': False, 'ccsChargingStation': False}",True,True,"[{'category': 'Unleaded'}, {'category': 'Plus'}, {'category': 'Premium'}, {'category': 'Diesel'}, {'category': 'Super'}]",39.904288,-74.804799,True,True,True,True,False,True,True,True,False,False
110,13,6.11,3605 route 38,24hours,00:00:00,00:00:00,8321,False,"{'address': '3605 route 38', 'city': 'mount laurel', 'state': 'NJ', 'zip': '08054-9511'}","{'food': True, 'fuel': True, 'restrooms': True, 'diesel': True, 'ethanolFreeGas': False, 'open24Hours': True, 'teslaChargingStation': False, 'propane': True, 'chademoChargingStation': False, 'ccsChargingStation': False}",True,True,"[{'category': 'Unleaded'}, {'category': 'Plus'}, {'category': 'Premium'}, {'category': 'Diesel'}, {'category': 'Super'}]",39.966599,-74.920015,True,True,True,True,False,True,False,True,False,False
111,16,7.21,4167 s route 130,24hours,00:00:00,00:00:00,0959,False,"{'address': '4167 s route 130', 'city': 'edgewater park', 'state': 'NJ', 'zip': '08010'}","{'food': True, 'fuel': True, 'restrooms': True, 'diesel': True, 'ethanolFreeGas': False, 'open24Hours': True, 'teslaChargingStation': False, 'propane': True, 'chademoChargingStation': False, 'ccsChargingStation': False}",True,True,"[{'category': 'Unleaded'}, {'category': 'Plus'}, {'category': 'Premium'}, {'category': 'Diesel'}, {'category': 'Super'}]",40.035856,-74.92291,True,True,True,True,False,True,False,True,True,True
112,17,7.7,270 e greentree rd,24hours,00:00:00,00:00:00,0369,False,"{'address': '270 e greentree rd', 'city': 'marlton', 'state': 'NJ', 'zip': '08053'}","{'food': True, 'fuel': True, 'restrooms': True, 'diesel': True, 'ethanolFreeGas': False, 'open24Hours': True, 'teslaChargingStation': False, 'propane': True, 'chademoChargingStation': False, 'ccsChargingStation': False}",True,True,"[{'category': 'Unleaded'}, {'category': 'Plus'}, {'category': 'Premium'}, {'category': 'Diesel'}, {'category': 'Super'}]",39.91482,-74.922718,True,False,False,False,,True,False,False,False,False
113,18,7.8,236 west main street,24hours,00:00:00,00:00:00,0725,False,"{'address': '236 west main street', 'city': 'moorestown', 'state': 'NJ', 'zip': '08057-2357'}","{'food': True, 'fuel': False, 'restrooms': False, 'diesel': False, 'ethanolFreeGas': None, 'open24Hours': True, 'teslaChargingStation': False, 'propane': False, 'chademoChargingStation': False, 'ccsChargingStation': False}",True,True,[],39.961355,-74.95121,True,True,True,True,False,True,True,False,False,False
114,19,8.0,211 tuckerton road (@ taunton),24hours,00:00:00,00:00:00,0748,False,"{'address': '211 tuckerton road (@ taunton)', 'city': 'medford', 'state': 'NJ', 'zip': '08055-8870'}","{'food': True, 'fuel': False, 'restrooms': False, 'diesel': False, 'ethanolFreeGas': None, 'open24Hours': True, 'teslaChargingStation': False, 'propane': False, 'chademoChargingStation': False, 'ccsChargingStation': False}",True,True,[],39.869624,-74.84382,True,True,True,True,False,True,True,True,False,False
115,20,8.08,5010 rt 130 north,24hours,00:00:00,00:00:00,8304,False,"{'address': '5010 rt 130 north', 'city': 'delran', 'state': 'NJ', 'zip': '08075-1758'}","{'food': True, 'fuel': True, 'restrooms': True, 'diesel': True, 'ethanolFreeGas': False, 'open24Hours': True, 'teslaChargingStation': False, 'propane': True, 'chademoChargingStation': False, 'ccsChargingStation': False}",True,True,"[{'category': 'Unleaded'}, {'category': 'Plus'}, {'category': 'Premium'}, {'category': 'Diesel'}, {'category': 'Super'}]",40.016179,-74.952213,True,True,True,True,False,True,False,False,False,False
116,22,8.65,1115 rt 73 & howard blvd,24hours,00:00:00,00:00:00,0960,False,"{'address': '1115 rt 73 & howard blvd', 'city': 'mount laurel', 'state': 'NJ', 'zip': '08054-5115'}","{'food': True, 'fuel': True, 'restrooms': True, 'diesel': True, 'ethanolFreeGas': False, 'open24Hours': True, 'teslaChargingStation': False, 'propane': True, 'chademoChargingStation': False, 'ccsChargingStation': False}",True,True,"[{'category': 'Unleaded'}, {'category': 'Plus'}, {'category': 'Premium'}, {'category': 'Diesel'}, {'category': 'Super'}]",39.9275,-74.9535,True,True,True,True,False,True,False,False,False,False
117,24,9.0,1911 taylor lane,24hours,00:00:00,00:00:00,8361,False,"{'address': '1911 taylor lane', 'city': 'cinnaminson', 'state': 'NJ', 'zip': '08077'}","{'food': True, 'fuel': True, 'restrooms': True, 'diesel': True, 'ethanolFreeGas': False, 'open24Hours': True, 'teslaChargingStation': False, 'propane': True, 'chademoChargingStation': False, 'ccsChargingStation': False}",True,True,"[{'category': 'Unleaded'}, {'category': 'Plus'}, {'category': 'Premium'}, {'category': 'Diesel'}, {'category': 'Super'}]",40.008361,-74.972791,True,True,True,True,False,True,False,True,False,False
118,25,9.0,250 w. route 70,24hours,00:00:00,00:00:00,8334,False,"{'address': '250 w. route 70', 'city': 'marlton', 'state': 'NJ', 'zip': '08053-1634'}","{'food': True, 'fuel': True, 'restrooms': True, 'diesel': True, 'ethanolFreeGas': False, 'open24Hours': True, 'teslaChargingStation': False, 'propane': False, 'chademoChargingStation': False, 'ccsChargingStation': False}",True,True,"[{'category': 'Unleaded'}, {'category': 'Plus'}, {'category': 'Premium'}, {'category': 'Diesel'}, {'category': 'Super'}]",39.894,-74.932,True,False,True,False,,True,False,True,False,False
119,26,9.02,600 route 38 east,24hours,00:00:00,00:00:00,8337,False,"{'address': '600 route 38 east', 'city': 'maple shade', 'state': 'NJ', 'zip': '08052'}","{'food': True, 'fuel': True, 'restrooms': True, 'diesel': True, 'ethanolFreeGas': False, 'open24Hours': True, 'teslaChargingStation': True, 'propane': True, 'chademoChargingStation': False, 'ccsChargingStation': False}",True,True,"[{'category': 'Unleaded'}, {'category': 'Plus'}, {'category': 'Premium'}, {'category': 'Diesel'}, {'category': 'Super'}]",39.94298,-74.96912,True,False,False,False,,True,False,False,False,False
120,28,9.19,2801 rt 73 south,24hours,00:00:00,00:00:00,8419,False,"{'address': '2801 rt 73 south', 'city': 'maple shade', 'state': 'NJ', 'zip': '08052'}","{'food': True, 'fuel': True, 'restrooms': True, 'diesel': True, 'ethanolFreeGas': False, 'open24Hours': True, 'teslaChargingStation': True, 'propane': True, 'chademoChargingStation': False, 'ccsChargingStation': False}",True,True,"[{'category': 'Unleaded'}, {'category': 'Plus'}, {'category': 'Premium'}, {'category': 'Diesel'}, {'category': 'Super'}]",39.936746,-74.969634,True,False,False,False,,True,False,False,False,False
121,29,9.27,491 route 73 south,24hours,00:00:00,00:00:00,0418,False,"{'address': '491 route 73 south', 'city': 'marlton', 'state': 'NJ', 'zip': '08053-2073'}","{'food': True, 'fuel': False, 'restrooms': False, 'diesel': False, 'ethanolFreeGas': None, 'open24Hours': True, 'teslaChargingStation': False, 'propane': False, 'chademoChargingStation': False, 'ccsChargingStation': False}",True,True,[],39.881617,-74.92284,True,True,True,True,False,True,False,True,False,False
122,30,9.58,3763 church road,24hours,00:00:00,00:00:00,0344,False,"{'address': '3763 church road', 'city': 'mount laurel', 'state': 'NJ', 'zip': '08054-1103'}","{'food': True, 'fuel': False, 'restrooms': False, 'diesel': False, 'ethanolFreeGas': None, 'open24Hours': True, 'teslaChargingStation': False, 'propane': False, 'chademoChargingStation': False, 'ccsChargingStation': False}",True,True,[],39.929962,-74.9741,True,True,True,True,False,False,False,True,False,False
123,32,9.76,2920 route 73 n,24hours,00:00:00,00:00:00,8316,False,"{'address': '2920 route 73 n', 'city': 'maple shade', 'state': 'NJ', 'zip': '08052-2000'}","{'food': True, 'fuel': True, 'restrooms': True, 'diesel': True, 'ethanolFreeGas': False, 'open24Hours': True, 'teslaChargingStation': False, 'propane': True, 'chademoChargingStation': False, 'ccsChargingStation': False}",True,True,"[{'category': 'Unleaded'}, {'category': 'Plus'}, {'category': 'Premium'}, {'category': 'Diesel'}, {'category': 'Super'}]",39.949981,-74.98597,True,True,True,True,False,True,False,True,False,False
124,33,10.14,2999 evesham ave,24hours,00:00:00,00:00:00,0455,False,"{'address': '2999 evesham ave', 'city': 'voorhees', 'state': 'NJ', 'zip': '08043-1698'}","{'food': True, 'fuel': False, 'restrooms': True, 'diesel': False, 'ethanolFreeGas': None, 'open24Hours': True, 'teslaChargingStation': False, 'propane': False, 'chademoChargingStation': False, 'ccsChargingStation': False}",True,True,[],39.871738,-74.933146,True,True,False,True,False,True,False,True,False,False
125,34,10.3,1824 marlton pike east,24hours,00:00:00,00:00:00,8311,False,"{'address': '1824 marlton pike east', 'city': 'cherry hill', 'state': 'NJ', 'zip': '08003-2014'}","{'food': True, 'fuel': True, 'restrooms': True, 'diesel': True, 'ethanolFreeGas': False, 'open24Hours': True, 'teslaChargingStation': False, 'propane': True, 'chademoChargingStation': False, 'ccsChargingStation': False}",True,True,"[{'category': 'Unleaded'}, {'category': 'Plus'}, {'category': 'Premium'}, {'category': 'Diesel'}, {'category': 'Super'}]",39.906475,-74.974152,True,False,False,False,,True,False,False,False,False
126,36,10.34,1549 bristol pike,24hours,00:00:00,00:00:00,0045,False,"{'address': '1549 bristol pike', 'city': 'bensalem', 'state': 'PA', 'zip': '19020-5762'}","{'food': True, 'fuel': False, 'restrooms': True, 'diesel': False, 'ethanolFreeGas': None, 'open24Hours': True, 'teslaChargingStation': False, 'propane': False, 'chademoChargingStation': False, 'ccsChargingStation': False}",True,True,[],40.074181,-74.960157,True,True,True,True,False,True,True,True,False,False
127,37,10.52,55 north fork landing rd (@ st,24hours,00:00:00,00:00:00,0740,False,"{'address': '55 north fork landing rd (@ st', 'city': 'maple shade', 'state': 'NJ', 'zip': '08052-2631'}","{'food': True, 'fuel': False, 'restrooms': True, 'diesel': False, 'ethanolFreeGas': None, 'open24Hours': True, 'teslaChargingStation': False, 'propane': False, 'chademoChargingStation': False, 'ccsChargingStation': False}",True,True,[],39.95708,-75.0025,True,True,True,True,False,True,True,True,False,False
128,38,10.73,2114 church road,24hours,00:00:00,00:00:00,8428,False,"{'address': '2114 church road', 'city': 'cinnaminson', 'state': 'NJ', 'zip': '08077'}","{'food': True, 'fuel': True, 'restrooms': True, 'diesel': True, 'ethanolFreeGas': False, 'open24Hours': True, 'teslaChargingStation': False, 'propane': False, 'chademoChargingStation': False, 'ccsChargingStation': False}",True,True,"[{'category': 'Unleaded'}, {'category': 'Plus'}, {'category': 'Premium'}, {'category': 'Diesel'}, {'category': 'Super'}]",39.98769452,-75.00892873,True,True,True,True,False,True,True,True,False,False
129,39,10.75,1883 street road,24hours,00:00:00,00:00:00,0267,False,"{'address': '1883 street road', 'city': 'bensalem', 'state': 'PA', 'zip': '19020-4351'}","{'food': True, 'fuel': False, 'restrooms': True, 'diesel': False, 'ethanolFreeGas': None, 'open24Hours': True, 'teslaChargingStation': False, 'propane': True, 'chademoChargingStation': False, 'ccsChargingStation': False}",True,True,[],40.095943,-74.944346,True,True,True,True,False,True,True,False,True,True
130,40,10.75,9440 state road,24hours,00:00:00,00:00:00,0108,False,"{'address': '9440 state road', 'city': 'philadelphia', 'state': 'PA', 'zip': '19114'}","{'food': True, 'fuel': False, 'restrooms': False, 'diesel': False, 'ethanolFreeGas': None, 'open24Hours': True, 'teslaChargingStation': False, 'propane': False, 'chademoChargingStation': False, 'ccsChargingStation': False}",True,True,[],40.049315,-74.989492,True,False,True,False,,True,False,False,False,False
131,43,11.06,2428 route 38,24hours,00:00:00,00:00:00,8402,False,"{'address': '2428 route 38', 'city': 'cherry hill', 'state': 'NJ', 'zip': '08002'}","{'food': True, 'fuel': True, 'restrooms': True, 'diesel': True, 'ethanolFreeGas': False, 'open24Hours': True, 'teslaChargingStation': False, 'propane': True, 'chademoChargingStation': False, 'ccsChargingStation': False}",True,True,"[{'category': 'Unleaded'}, {'category': 'Plus'}, {'category': 'Premium'}, {'category': 'Diesel'}, {'category': 'Super'}]",39.941361,-75.008525,True,True,True,True,False,True,False,True,False,False
132,47,11.46,600 cinnaminson street,24hours,00:00:00,00:00:00,0460,False,"{'address': '600 cinnaminson street', 'city': 'palmyra', 'state': 'NJ', 'zip': '08065'}","{'food': True, 'fuel': False, 'restrooms': False, 'diesel': False, 'ethanolFreeGas': None, 'open24Hours': True, 'teslaChargingStation': False, 'propane': False, 'chademoChargingStation': False, 'ccsChargingStation': False}",True,True,[],40.003721,-75.02104,True,True,True,True,False,True,False,True,False,False
133,48,11.47,1505 rt. 73,24hours,00:00:00,00:00:00,0952,False,"{'address': '1505 rt. 73', 'city': 'pennsauken', 'state': 'NJ', 'zip': '08110-1325'}","{'food': True, 'fuel': True, 'restrooms': True, 'diesel': True, 'ethanolFreeGas': False, 'open24Hours': True, 'teslaChargingStation': False, 'propane': True, 'chademoChargingStation': False, 'ccsChargingStation': False}",True,True,"[{'category': 'Unleaded'}, {'category': 'Plus'}, {'category': 'Premium'}, {'category': 'Diesel'}, {'category': 'Super'}]",39.98726,-75.022866,True,True,True,True,False,False,False,False,False,False
134,49,11.64,436 oakshade rd,24hours,00:00:00,00:00:00,0457,False,"{'address': '436 oakshade rd', 'city': 'shamong', 'state': 'NJ', 'zip': '08088-8411'}","{'food': True, 'fuel': False, 'restrooms': True, 'diesel': False, 'ethanolFreeGas': None, 'open24Hours': True, 'teslaChargingStation': False, 'propane': False, 'chademoChargingStation': False, 'ccsChargingStation': False}",True,True,[],39.817036,-74.760416,True,True,True,True,False,True,True,False,False,False
135,5,8.4,1 north white horse pike,24hours,00:00:00,00:00:00,0322,False,"{'address': '1 north white horse pike', 'city': 'waterford works', 'state': 'NJ', 'zip': '08089'}","{'food': True, 'fuel': False, 'restrooms': False, 'diesel': False, 'ethanolFreeGas': None, 'open24Hours': True, 'teslaChargingStation': False, 'propane': False, 'chademoChargingStation': False, 'ccsChargingStation': False}",True,True,[],39.722673,-74.860242,True,True,False,True,False,True,False,False,False,False
136,6,8.67,401 route 73,24hours,00:00:00,00:00:00,0956,False,"{'address': '401 route 73', 'city': 'berlin', 'state': 'NJ', 'zip': '08009'}","{'food': True, 'fuel': True, 'restrooms': True, 'diesel': True, 'ethanolFreeGas': False, 'open24Hours': True, 'teslaChargingStation': False, 'propane': True, 'chademoChargingStation': False, 'ccsChargingStation': False}",True,True,"[{'category': 'Unleaded'}, {'category': 'Plus'}, {'category': 'Premium'}, {'category': 'Diesel'}, {'category': 'Super'}]",39.794975,-74.921123,True,True,True,True,False,True,False,True,False,False
137,7,9.06,400 south route 73,24hours,00:00:00,00:00:00,0391,False,"{'address': '400 south route 73', 'city': 'berlin', 'state': 'NJ', 'zip': '08009'}","{'food': True, 'fuel': False, 'restrooms': True, 'diesel': False, 'ethanolFreeGas': None, 'open24Hours': True, 'teslaChargingStation': False, 'propane': False, 'chademoChargingStation': False, 'ccsChargingStation': False}",True,True,[],39.812399,-74.930942,True,True,True,True,False,True,False,True,False,False
138,10,10.16,201 w. white horse pike,24hours,00:00:00,00:00:00,8310,False,"{'address': '201 w. white horse pike', 'city': 'berlin', 'state': 'NJ', 'zip': '08009'}","{'food': True, 'fuel': True, 'restrooms': True, 'diesel': True, 'ethanolFreeGas': False, 'open24Hours': True, 'teslaChargingStation': False, 'propane': True, 'chademoChargingStation': False, 'ccsChargingStation': False}",True,True,"[{'category': 'Unleaded'}, {'category': 'Plus'}, {'category': 'Premium'}, {'category': 'Diesel'}, {'category': 'Super'}]",39.802783,-74.950857,True,True,True,True,False,True,False,True,False,False
139,11,10.38,4 rt. 72,24hours,00:00:00,00:00:00,0388,False,"{'address': '4 rt. 72', 'city': 'vincentown', 'state': 'NJ', 'zip': '08088-9634'}","{'food': True, 'fuel': False, 'restrooms': False, 'diesel': False, 'ethanolFreeGas': None, 'open24Hours': True, 'teslaChargingStation': False, 'propane': False, 'chademoChargingStation': False, 'ccsChargingStation': False}",True,True,[],39.897553,-74.59515,True,True,True,True,False,True,True,True,False,False
140,14,10.86,3 lakeview drive north,24hours,00:00:00,00:00:00,8453,False,"{'address': '3 lakeview drive north', 'city': 'gibbsboro', 'state': 'NJ', 'zip': '08026'}","{'food': True, 'fuel': True, 'restrooms': True, 'diesel': True, 'ethanolFreeGas': False, 'open24Hours': True, 'teslaChargingStation': False, 'propane': False, 'chademoChargingStation': False, 'ccsChargingStation': False}",True,True,"[{'category': 'Unleaded'}, {'category': 'Plus'}, {'category': 'Premium'}, {'category': 'Diesel'}, {'category': 'Super'}]",39.841322,-74.962704,True,True,True,True,False,True,False,False,False,False
141,18,11.79,8 north white horse pike,24hours,00:00:00,00:00:00,8431,False,"{'address': '8 north white horse pike', 'city': 'hammonton', 'state': 'NJ', 'zip': '08037'}","{'food': True, 'fuel': True, 'restrooms': True, 'diesel': True, 'ethanolFreeGas': False, 'open24Hours': True, 'teslaChargingStation': False, 'propane': True, 'chademoChargingStation': False, 'ccsChargingStation': False}",True,True,"[{'category': 'Unleaded'}, {'category': 'Plus'}, {'category': 'Premium'}, {'category': 'Diesel'}, {'category': 'Super'}]",39.64794,-74.78974,True,True,True,True,False,True,True,False,False,False
142,19,11.85,100 springdale rd.,24hours,00:00:00,00:00:00,0374,False,"{'address': '100 springdale rd.', 'city': 'cherry hill', 'state': 'NJ', 'zip': '08003-3300'}","{'food': True, 'fuel': False, 'restrooms': True, 'diesel': False, 'ethanolFreeGas': None, 'open24Hours': True, 'teslaChargingStation': False, 'propane': False, 'chademoChargingStation': False, 'ccsChargingStation': False}",True,True,[],39.861075,-74.9763,True,True,True,True,False,True,True,True,False,False
143,21,12.13,421 white horse pike,24hours,00:00:00,00:00:00,0973,False,"{'address': '421 white horse pike', 'city': 'lindenwold', 'state': 'NJ', 'zip': '08021'}","{'food': True, 'fuel': True, 'restrooms': True, 'diesel': True, 'ethanolFreeGas': False, 'open24Hours': True, 'teslaChargingStation': False, 'propane': True, 'chademoChargingStation': False, 'ccsChargingStation': False}",True,True,"[{'category': 'Unleaded'}, {'category': 'Plus'}, {'category': 'Premium'}, {'category': 'Diesel'}, {'category': 'Super'}]",39.815101,-74.98888,True,True,True,True,False,True,False,True,False,False
144,23,12.73,1702 burnt mill rd,24hours,00:00:00,00:00:00,8462,False,"{'address': '1702 burnt mill rd', 'city': 'voorhees', 'state': 'NJ', 'zip': '08043'}","{'food': True, 'fuel': True, 'restrooms': True, 'diesel': True, 'ethanolFreeGas': False, 'open24Hours': True, 'teslaChargingStation': False, 'propane': False, 'chademoChargingStation': False, 'ccsChargingStation': False}",True,True,"[{'category': 'Unleaded'}, {'category': 'Plus'}, {'category': 'Premium'}, {'category': 'Diesel'}, {'category': 'Super'}]",39.838604,-74.998583,True,True,True,True,False,True,False,False,False,False
145,25,12.9,100 12th st,24hours,00:00:00,00:00:00,0383,False,"{'address': '100 12th st', 'city': 'hammonton', 'state': 'NJ', 'zip': '08037'}","{'food': True, 'fuel': False, 'restrooms': True, 'diesel': False, 'ethanolFreeGas': None, 'open24Hours': True, 'teslaChargingStation': False, 'propane': False, 'chademoChargingStation': False, 'ccsChargingStation': False}",True,True,[],39.633603,-74.80545,True,False,True,False,,True,False,True,False,False
146,27,13.06,519 williamstown rd.,24hours,00:00:00,00:00:00,0416,False,"{'address': '519 williamstown rd.', 'city': 'sicklerville', 'state': 'NJ', 'zip': '08081-2553'}","{'food': True, 'fuel': True, 'restrooms': True, 'diesel': True, 'ethanolFreeGas': False, 'open24Hours': True, 'teslaChargingStation': False, 'propane': True, 'chademoChargingStation': False, 'ccsChargingStation': False}",True,True,"[{'category': 'Unleaded'}, {'category': 'Plus'}, {'category': 'Premium'}, {'category': 'Diesel'}, {'category': 'Super'}]",39.718309,-74.97007,True,True,True,True,False,True,False,True,False,False
147,28,13.33,1990 new brooklyn erial road,24hours,00:00:00,00:00:00,8493,False,"{'address': '1990 new brooklyn erial road', 'city': 'sicklerville', 'state': 'NJ', 'zip': '08081'}","{'food': True, 'fuel': True, 'restrooms': True, 'diesel': True, 'ethanolFreeGas': False, 'open24Hours': True, 'teslaChargingStation': False, 'propane': True, 'chademoChargingStation': False, 'ccsChargingStation': False}",True,True,"[{'category': 'Unleaded'}, {'category': 'Plus'}, {'category': 'Premium'}, {'category': 'Diesel'}, {'category': 'Super'}]",39.773419,-75.005078,True,False,False,False,,True,False,False,False,False
148,30,13.38,501 berlin-cross keys rd,24hours,00:00:00,00:00:00,0984,False,"{'address': '501 berlin-cross keys rd', 'city': 'sicklerville', 'state': 'NJ', 'zip': '08081-4368'}","{'food': True, 'fuel': True, 'restrooms': True, 'diesel': True, 'ethanolFreeGas': False, 'open24Hours': True, 'teslaChargingStation': False, 'propane': True, 'chademoChargingStation': False, 'ccsChargingStation': False}",True,True,"[{'category': 'Unleaded'}, {'category': 'Plus'}, {'category': 'Premium'}, {'category': 'Diesel'}, {'category': 'Super'}]",39.745676,-74.994731,True,True,True,True,False,False,False,True,False,False
149,32,13.64,635 chews landing road,24hours,00:00:00,00:00:00,8382,False,"{'address': '635 chews landing road', 'city': 'lindenwold', 'state': 'NJ', 'zip': '08021'}","{'food': True, 'fuel': True, 'restrooms': True, 'diesel': True, 'ethanolFreeGas': False, 'open24Hours': True, 'teslaChargingStation': False, 'propane': True, 'chademoChargingStation': False, 'ccsChargingStation': False}",True,True,"[{'category': 'Unleaded'}, {'category': 'Plus'}, {'category': 'Premium'}, {'category': 'Diesel'}, {'category': 'Super'}]",39.812388,-75.017432,True,True,True,True,False,True,False,True,False,False
150,34,13.81,2 north white horse pike,24hours,00:00:00,00:00:00,8346,False,"{'address': '2 north white horse pike', 'city': 'somerdale', 'state': 'NJ', 'zip': '08083'}","{'food': True, 'fuel': True, 'restrooms': True, 'diesel': True, 'ethanolFreeGas': False, 'open24Hours': True, 'teslaChargingStation': False, 'propane': True, 'chademoChargingStation': False, 'ccsChargingStation': False}",True,True,"[{'category': 'Unleaded'}, {'category': 'Plus'}, {'category': 'Premium'}, {'category': 'Diesel'}, {'category': 'Super'}]",39.84451,-75.01824,True,False,False,False,,True,False,False,False,False
151,41,14.44,1340 blackwood clementon rd,24hours,00:00:00,00:00:00,8469,False,"{'address': '1340 blackwood clementon rd', 'city': 'clementon', 'state': 'NJ', 'zip': '08021'}","{'food': True, 'fuel': True, 'restrooms': True, 'diesel': True, 'ethanolFreeGas': False, 'open24Hours': True, 'teslaChargingStation': False, 'propane': False, 'chademoChargingStation': False, 'ccsChargingStation': False}",True,True,"[{'category': 'Unleaded'}, {'category': 'Plus'}, {'category': 'Premium'}, {'category': 'Diesel'}, {'category': 'Super'}]",39.803113,-75.031891,True,False,False,False,,True,False,False,False,False
152,42,14.67,101 s. warwick rd,24hours,00:00:00,00:00:00,0355,False,"{'address': '101 s. warwick rd', 'city': 'magnolia', 'state': 'NJ', 'zip': '08049'}","{'food': True, 'fuel': False, 'restrooms': False, 'diesel': False, 'ethanolFreeGas': None, 'open24Hours': True, 'teslaChargingStation': False, 'propane': False, 'chademoChargingStation': False, 'ccsChargingStation': False}",True,True,[],39.854848,-75.03241,True,True,False,True,False,True,False,False,False,False
153,43,14.75,672 berlin-cross keys rd,24hours,00:00:00,00:00:00,0377,False,"{'address': '672 berlin-cross keys rd', 'city': 'sicklerville', 'state': 'NJ', 'zip': '08081-4178'}","{'food': True, 'fuel': False, 'restrooms': True, 'diesel': False, 'ethanolFreeGas': None, 'open24Hours': True, 'teslaChargingStation': False, 'propane': False, 'chademoChargingStation': False, 'ccsChargingStation': False}",True,True,[],39.727687,-75.01272,True,True,True,True,False,True,False,True,False,False
154,44,14.9,1301 little gloucester road,24hours,00:00:00,00:00:00,0967,False,"{'address': '1301 little gloucester road', 'city': 'blackwood', 'state': 'NJ', 'zip': '08012'}","{'food': True, 'fuel': True, 'restrooms': True, 'diesel': True, 'ethanolFreeGas': False, 'open24Hours': True, 'teslaChargingStation': False, 'propane': True, 'chademoChargingStation': False, 'ccsChargingStation': False}",True,True,"[{'category': 'Unleaded'}, {'category': 'Plus'}, {'category': 'Premium'}, {'category': 'Diesel'}, {'category': 'Super'}]",39.796086,-75.03982,True,True,True,True,False,True,False,True,False,False
155,46,15.12,332 south black horse pike,24hours,00:00:00,00:00:00,0721,False,"{'address': '332 south black horse pike', 'city': 'williamstown', 'state': 'NJ', 'zip': '08094'}","{'food': True, 'fuel': True, 'restrooms': True, 'diesel': True, 'ethanolFreeGas': False, 'open24Hours': True, 'teslaChargingStation': False, 'propane': True, 'chademoChargingStation': False, 'ccsChargingStation': False}",True,True,"[{'category': 'Unleaded'}, {'category': 'Plus'}, {'category': 'Premium'}, {'category': 'Diesel'}, {'category': 'Super'}]",39.686009,-74.98829,True,True,True,True,False,True,False,True,False,False
156,48,15.31,1413 south black horse pike,24hours,00:00:00,00:00:00,0775,False,"{'address': '1413 south black horse pike', 'city': 'williamstown', 'state': 'NJ', 'zip': '08094'}","{'food': True, 'fuel': True, 'restrooms': True, 'diesel': True, 'ethanolFreeGas': False, 'open24Hours': True, 'teslaChargingStation': False, 'propane': True, 'chademoChargingStation': False, 'ccsChargingStation': False}",True,True,"[{'category': 'Unleaded'}, {'category': 'Plus'}, {'category': 'Premium'}, {'category': 'Diesel'}, {'category': 'Super'}]",39.668616,-74.97434,True,True,True,True,False,False,False,False,False,False
157,49,15.49,2700 sicklerville road,24hours,00:00:00,00:00:00,0981,False,"{'address': '2700 sicklerville road', 'city': 'sicklerville', 'state': 'NJ', 'zip': '08081-1087'}","{'food': True, 'fuel': True, 'restrooms': True, 'diesel': True, 'ethanolFreeGas': False, 'open24Hours': True, 'teslaChargingStation': False, 'propane': True, 'chademoChargingStation': False, 'ccsChargingStation': False}",True,True,"[{'category': 'Unleaded'}, {'category': 'Plus'}, {'category': 'Premium'}, {'category': 'Diesel'}, {'category': 'Super'}]",39.771194,-75.04595,True,True,True,True,False,True,True,False,False,False
158,2,2.1,388 egg harbor rd,24hours,00:00:00,00:00:00,0499,False,"{'address': '388 egg harbor rd', 'city': 'sewell', 'state': 'NJ', 'zip': '08080-1858'}","{'food': True, 'fuel': False, 'restrooms': False, 'diesel': False, 'ethanolFreeGas': None, 'open24Hours': True, 'teslaChargingStation': False, 'propane': False, 'chademoChargingStation': False, 'ccsChargingStation': False}",True,True,[],39.751328,-75.075918,True,True,True,True,False,True,True,True,False,False
159,4,2.27,4231 rt 42,24hours,00:00:00,00:00:00,0975,False,"{'address': '4231 rt 42', 'city': 'turnersville', 'state': 'NJ', 'zip': '08012-1712'}","{'food': True, 'fuel': True, 'restrooms': True, 'diesel': True, 'ethanolFreeGas': False, 'open24Hours': True, 'teslaChargingStation': False, 'propane': True, 'chademoChargingStation': False, 'ccsChargingStation': False}",True,True,"[{'category': 'Unleaded'}, {'category': 'Plus'}, {'category': 'Premium'}, {'category': 'Diesel'}, {'category': 'Super'}]",39.738429,-75.043086,True,True,True,True,False,True,True,False,False,False
160,6,2.75,464 hurffvillle-cross keys roa,24hours,00:00:00,00:00:00,0780,False,"{'address': '464 hurffvillle-cross keys roa', 'city': 'sewell', 'state': 'NJ', 'zip': '08080-2340'}","{'food': True, 'fuel': False, 'restrooms': False, 'diesel': False, 'ethanolFreeGas': None, 'open24Hours': True, 'teslaChargingStation': False, 'propane': False, 'chademoChargingStation': False, 'ccsChargingStation': False}",True,True,[],39.736472,-75.071097,True,True,True,True,False,True,False,True,False,False
161,7,3.02,108 egg harbor road,24hours,00:00:00,00:00:00,8472,False,"{'address': '108 egg harbor road', 'city': 'sewell', 'state': 'NJ', 'zip': '08080'}","{'food': True, 'fuel': True, 'restrooms': True, 'diesel': True, 'ethanolFreeGas': False, 'open24Hours': True, 'teslaChargingStation': False, 'propane': True, 'chademoChargingStation': False, 'ccsChargingStation': False}",True,True,"[{'category': 'Unleaded'}, {'category': 'Plus'}, {'category': 'Premium'}, {'category': 'Diesel'}, {'category': 'Super'}]",39.783464,-75.100456,True,True,True,True,False,True,False,True,False,False
162,8,3.09,800 n. black horse pike,24hours,00:00:00,00:00:00,0998,False,"{'address': '800 n. black horse pike', 'city': 'blackwood', 'state': 'NJ', 'zip': '08012'}","{'food': True, 'fuel': True, 'restrooms': True, 'diesel': True, 'ethanolFreeGas': False, 'open24Hours': True, 'teslaChargingStation': False, 'propane': True, 'chademoChargingStation': False, 'ccsChargingStation': False}",True,True,"[{'category': 'Unleaded'}, {'category': 'Plus'}, {'category': 'Premium'}, {'category': 'Diesel'}, {'category': 'Super'}]",39.812352,-75.068901,True,False,False,False,,True,False,False,False,False
163,13,4.36,2 somerdale road,24hours,00:00:00,00:00:00,0392,False,"{'address': '2 somerdale road', 'city': 'blackwood', 'state': 'NJ', 'zip': '08012-5366'}","{'food': True, 'fuel': False, 'restrooms': True, 'diesel': False, 'ethanolFreeGas': None, 'open24Hours': True, 'teslaChargingStation': False, 'propane': False, 'chademoChargingStation': False, 'ccsChargingStation': False}",True,True,[],39.833099,-75.06209,True,True,True,True,False,True,False,True,False,False
164,14,4.54,485 woodbury glassboro road,24hours,00:00:00,00:00:00,8403,False,"{'address': '485 woodbury glassboro road', 'city': 'pitman', 'state': 'NJ', 'zip': '08071'}","{'food': True, 'fuel': True, 'restrooms': True, 'diesel': True, 'ethanolFreeGas': False, 'open24Hours': True, 'teslaChargingStation': False, 'propane': False, 'chademoChargingStation': False, 'ccsChargingStation': False}",True,True,"[{'category': 'Unleaded'}, {'category': 'Plus'}, {'category': 'Premium'}, {'category': 'Diesel'}, {'category': 'Super'}]",39.749389,-75.126667,True,True,True,True,False,True,False,False,False,False
165,15,4.7,701-703 woodbury-glassboro roa,24hours,00:00:00,00:00:00,0360,False,"{'address': '701-703 woodbury-glassboro roa', 'city': 'sewell', 'state': 'NJ', 'zip': '08080-4601'}","{'food': True, 'fuel': False, 'restrooms': True, 'diesel': False, 'ethanolFreeGas': None, 'open24Hours': True, 'teslaChargingStation': False, 'propane': False, 'chademoChargingStation': False, 'ccsChargingStation': False}",True,True,[],39.769924,-75.13436,True,True,True,True,False,True,False,True,False,False
166,16,5.09,692 n delsea drive,24hours,00:00:00,00:00:00,8327,False,"{'address': '692 n delsea drive', 'city': 'glassboro', 'state': 'NJ', 'zip': '08028'}","{'food': True, 'fuel': True, 'restrooms': True, 'diesel': True, 'ethanolFreeGas': False, 'open24Hours': True, 'teslaChargingStation': False, 'propane': True, 'chademoChargingStation': False, 'ccsChargingStation': False}",True,True,"[{'category': 'Unleaded'}, {'category': 'Plus'}, {'category': 'Premium'}, {'category': 'Diesel'}, {'category': 'Super'}]",39.718935,-75.113434,True,True,True,True,False,True,False,True,True,True
167,17,5.21,1465 clements bridge road,24hours,00:00:00,00:00:00,8351,False,"{'address': '1465 clements bridge road', 'city': 'deptford', 'state': 'NJ', 'zip': '08096'}","{'food': True, 'fuel': True, 'restrooms': True, 'diesel': True, 'ethanolFreeGas': False, 'open24Hours': True, 'teslaChargingStation': False, 'propane': False, 'chademoChargingStation': False, 'ccsChargingStation': False}",True,True,"[{'category': 'Unleaded'}, {'category': 'Plus'}, {'category': 'Premium'}, {'category': 'Diesel'}, {'category': 'Super'}]",39.829364,-75.108375,True,False,False,False,,True,False,False,False,False
168,22,5.81,882 glassboro rd,24hours,00:00:00,00:00:00,0379,False,"{'address': '882 glassboro rd', 'city': 'williamstown', 'state': 'NJ', 'zip': '08094-3501'}","{'food': True, 'fuel': False, 'restrooms': True, 'diesel': False, 'ethanolFreeGas': None, 'open24Hours': True, 'teslaChargingStation': False, 'propane': False, 'chademoChargingStation': False, 'ccsChargingStation': False}",True,True,[],39.690061,-75.01716,True,True,True,True,False,True,False,False,False,False
169,24,6.1,825 n. black horse pike,24hours,00:00:00,00:00:00,0932,False,"{'address': '825 n. black horse pike', 'city': 'runnemede', 'state': 'NJ', 'zip': '08078'}","{'food': True, 'fuel': True, 'restrooms': True, 'diesel': True, 'ethanolFreeGas': False, 'open24Hours': True, 'teslaChargingStation': False, 'propane': False, 'chademoChargingStation': False, 'ccsChargingStation': False}",True,True,"[{'category': 'Unleaded'}, {'category': 'Plus'}, {'category': 'Premium'}, {'category': 'Diesel'}, {'category': 'Super'}]",39.856273,-75.07639,True,True,True,True,False,True,False,True,False,False
170,29,6.95,280 white horse pike,24hours,00:00:00,00:00:00,8340,False,"{'address': '280 white horse pike', 'city': 'barrington', 'state': 'NJ', 'zip': '08007'}","{'food': True, 'fuel': True, 'restrooms': True, 'diesel': True, 'ethanolFreeGas': False, 'open24Hours': True, 'teslaChargingStation': False, 'propane': False, 'chademoChargingStation': False, 'ccsChargingStation': False}",True,True,"[{'category': 'Unleaded'}, {'category': 'Plus'}, {'category': 'Premium'}, {'category': 'Diesel'}, {'category': 'Super'}]",39.871758,-75.045183,True,True,True,True,False,True,False,True,False,False
171,30,6.96,631 mullica hill road,24hours,00:00:00,00:00:00,8308,False,"{'address': '631 mullica hill road', 'city': 'mullica hill', 'state': 'NJ', 'zip': '08062'}","{'food': True, 'fuel': True, 'restrooms': True, 'diesel': True, 'ethanolFreeGas': False, 'open24Hours': True, 'teslaChargingStation': False, 'propane': True, 'chademoChargingStation': False, 'ccsChargingStation': False}",True,True,"[{'category': 'Unleaded'}, {'category': 'Plus'}, {'category': 'Premium'}, {'category': 'Diesel'}, {'category': 'Super'}]",39.721477,-75.159863,True,True,True,True,False,False,False,True,False,False
172,31,6.98,856 mantua pike,24hours,00:00:00,00:00:00,0951,False,"{'address': '856 mantua pike', 'city': 'woodbury heights', 'state': 'NJ', 'zip': '08097'}","{'food': True, 'fuel': True, 'restrooms': True, 'diesel': True, 'ethanolFreeGas': False, 'open24Hours': True, 'teslaChargingStation': False, 'propane': True, 'chademoChargingStation': False, 'ccsChargingStation': False}",True,True,"[{'category': 'Unleaded'}, {'category': 'Plus'}, {'category': 'Premium'}, {'category': 'Diesel'}, {'category': 'Super'}]",39.820524,-75.16068,True,True,True,True,False,True,True,True,False,False
173,32,7.03,1080 delsea dr,24hours,00:00:00,00:00:00,0779,False,"{'address': '1080 delsea dr', 'city': 'westville', 'state': 'NJ', 'zip': '08093-1641'}","{'food': True, 'fuel': False, 'restrooms': False, 'diesel': False, 'ethanolFreeGas': None, 'open24Hours': True, 'teslaChargingStation': False, 'propane': False, 'chademoChargingStation': False, 'ccsChargingStation': False}",True,True,[],39.852533,-75.12546,True,True,True,True,False,True,False,True,False,False
174,33,7.06,112 edgewood ave,24hours,00:00:00,00:00:00,0396,False,"{'address': '112 edgewood ave', 'city': 'bellmawr', 'state': 'NJ', 'zip': '08031'}","{'food': True, 'fuel': True, 'restrooms': True, 'diesel': True, 'ethanolFreeGas': False, 'open24Hours': True, 'teslaChargingStation': False, 'propane': True, 'chademoChargingStation': False, 'ccsChargingStation': False}",True,True,"[{'category': 'Unleaded'}, {'category': 'Plus'}, {'category': 'Premium'}, {'category': 'Diesel'}, {'category': 'Super'}]",39.864618,-75.0999,True,True,False,True,False,True,False,True,False,False
175,34,7.21,590 n evergreen ave,24hours,00:00:00,00:00:00,0427,False,"{'address': '590 n evergreen ave', 'city': 'woodbury', 'state': 'NJ', 'zip': '08096'}","{'food': True, 'fuel': False, 'restrooms': True, 'diesel': False, 'ethanolFreeGas': None, 'open24Hours': True, 'teslaChargingStation': False, 'propane': False, 'chademoChargingStation': False, 'ccsChargingStation': False}",True,True,[],39.843494,-75.144,True,False,False,False,,True,False,False,False,False
176,36,7.34,400 bridgeton pike,24hours,00:00:00,00:00:00,0398,False,"{'address': '400 bridgeton pike', 'city': 'mantua', 'state': 'NJ', 'zip': '08051-1914'}","{'food': True, 'fuel': False, 'restrooms': False, 'diesel': False, 'ethanolFreeGas': None, 'open24Hours': True, 'teslaChargingStation': False, 'propane': False, 'chademoChargingStation': False, 'ccsChargingStation': False}",True,True,[],39.782242,-75.18338,True,True,True,True,False,True,True,True,False,False
177,38,8.23,690 crescent blvd,24hours,00:00:00,00:00:00,8424,False,"{'address': '690 crescent blvd', 'city': 'brooklawn', 'state': 'NJ', 'zip': '08030'}","{'food': True, 'fuel': True, 'restrooms': True, 'diesel': True, 'ethanolFreeGas': False, 'open24Hours': True, 'teslaChargingStation': False, 'propane': True, 'chademoChargingStation': False, 'ccsChargingStation': False}",True,True,"[{'category': 'Unleaded'}, {'category': 'Plus'}, {'category': 'Premium'}, {'category': 'Diesel'}, {'category': 'Super'}]",39.877895,-75.114955,True,True,True,True,False,True,True,True,False,False
178,39,8.29,602 black horse pike,24hours,00:00:00,00:00:00,0972,False,"{'address': '602 black horse pike', 'city': 'mount ephraim', 'state': 'NJ', 'zip': '08059'}","{'food': True, 'fuel': True, 'restrooms': True, 'diesel': True, 'ethanolFreeGas': False, 'open24Hours': True, 'teslaChargingStation': False, 'propane': False, 'chademoChargingStation': False, 'ccsChargingStation': False}",True,True,"[{'category': 'Unleaded'}, {'category': 'Plus'}, {'category': 'Premium'}, {'category': 'Diesel'}, {'category': 'Super'}]",39.886989,-75.08717,True,True,True,True,False,True,True,False,True,True
179,40,8.3,320 s. white horse pike,18hours,06:00:00,23:00:00,0730,False,"{'address': '320 s. white horse pike', 'city': 'audubon', 'state': 'NJ', 'zip': '08106'}","{'food': True, 'fuel': False, 'restrooms': False, 'diesel': False, 'ethanolFreeGas': None, 'open24Hours': False, 'teslaChargingStation': False, 'propane': False, 'chademoChargingStation': False, 'ccsChargingStation': False}",True,True,[],39.890414,-75.065489,True,False,True,False,,True,False,False,False,False
180,41,8.78,1317 market street,24hours,00:00:00,00:00:00,0778,False,"{'address': '1317 market street', 'city': 'gloucester city', 'state': 'NJ', 'zip': '08030'}","{'food': True, 'fuel': False, 'restrooms': False, 'diesel': False, 'ethanolFreeGas': None, 'open24Hours': True, 'teslaChargingStation': False, 'propane': False, 'chademoChargingStation': False, 'ccsChargingStation': False}",True,True,[],39.887948,-75.11111,True,False,False,False,,True,False,False,False,False
181,42,8.94,1006 white horse pike,24hours,00:00:00,00:00:00,8492,False,"{'address': '1006 white horse pike', 'city': 'oaklyn', 'state': 'NJ', 'zip': '08107'}","{'food': True, 'fuel': True, 'restrooms': True, 'diesel': True, 'ethanolFreeGas': False, 'open24Hours': True, 'teslaChargingStation': False, 'propane': False, 'chademoChargingStation': False, 'ccsChargingStation': False}",True,True,"[{'category': 'Unleaded'}, {'category': 'Plus'}, {'category': 'Premium'}, {'category': 'Diesel'}, {'category': 'Super'}]",39.89884523,-75.0739083,True,True,False,True,False,True,False,False,False,False
182,43,9.0,496 crown point road,24hours,00:00:00,00:00:00,0480,False,"{'address': '496 crown point road', 'city': 'west deptford', 'state': 'NJ', 'zip': '08086-2109'}","{'food': True, 'fuel': True, 'restrooms': True, 'diesel': True, 'ethanolFreeGas': False, 'open24Hours': True, 'teslaChargingStation': False, 'propane': True, 'chademoChargingStation': False, 'ccsChargingStation': False}",True,True,"[{'category': 'Unleaded'}, {'category': 'Plus'}, {'category': 'Premium'}, {'category': 'Diesel'}, {'category': 'Super'}]",39.847183,-75.18359,True,True,True,True,False,True,False,True,False,False
183,45,9.81,1 haddon avenue,24hours,00:00:00,00:00:00,0468,False,"{'address': '1 haddon avenue', 'city': 'collingswood', 'state': 'NJ', 'zip': '08108-2705'}","{'food': True, 'fuel': False, 'restrooms': True, 'diesel': False, 'ethanolFreeGas': None, 'open24Hours': True, 'teslaChargingStation': False, 'propane': False, 'chademoChargingStation': False, 'ccsChargingStation': False}",True,True,[],39.913013,-75.056343,True,True,True,True,False,True,False,True,False,False
184,48,10.12,668 haddon avenue,18hours,05:00:00,00:00:00,0352,False,"{'address': '668 haddon avenue', 'city': 'collingswood', 'state': 'NJ', 'zip': '08108'}","{'food': True, 'fuel': False, 'restrooms': False, 'diesel': False, 'ethanolFreeGas': None, 'open24Hours': False, 'teslaChargingStation': False, 'propane': False, 'chademoChargingStation': False, 'ccsChargingStation': False}",False,True,[],39.916465,-75.06979,True,True,True,True,False,False,False,False,False,False
185,2,1.09,8000 s. crescent blvd,24hours,00:00:00,00:00:00,8449,False,"{'address': '8000 s. crescent blvd', 'city': 'pennsauken', 'state': 'NJ', 'zip': '08109'}","{'food': True, 'fuel': True, 'restrooms': True, 'diesel': True, 'ethanolFreeGas': False, 'open24Hours': True, 'teslaChargingStation': False, 'propane': True, 'chademoChargingStation': False, 'ccsChargingStation': False}",True,True,"[{'category': 'Unleaded'}, {'category': 'Plus'}, {'category': 'Premium'}, {'category': 'Diesel'}, {'category': 'Super'}]",39.928274,-75.083401,True,True,True,True,False,True,True,True,False,False
186,4,1.26,5221 route 70,24hours,00:00:00,00:00:00,0965,False,"{'address': '5221 route 70', 'city': 'pennsauken', 'state': 'NJ', 'zip': '08109'}","{'food': True, 'fuel': True, 'restrooms': True, 'diesel': True, 'ethanolFreeGas': False, 'open24Hours': True, 'teslaChargingStation': False, 'propane': True, 'chademoChargingStation': False, 'ccsChargingStation': False}",True,True,"[{'category': 'Unleaded'}, {'category': 'Plus'}, {'category': 'Premium'}, {'category': 'Diesel'}, {'category': 'Super'}]",39.934642,-75.068688,True,True,True,True,False,True,True,False,False,False
187,5,1.78,500 new jersey highway 38,24hours,00:00:00,00:00:00,8336,False,"{'address': '500 new jersey highway 38', 'city': 'cherry hill', 'state': 'NJ', 'zip': '08002-2935'}","{'food': True, 'fuel': True, 'restrooms': True, 'diesel': True, 'ethanolFreeGas': False, 'open24Hours': True, 'teslaChargingStation': False, 'propane': True, 'chademoChargingStation': False, 'ccsChargingStation': False}",True,True,"[{'category': 'Unleaded'}, {'category': 'Plus'}, {'category': 'Premium'}, {'category': 'Diesel'}, {'category': 'Super'}]",39.936428,-75.048616,True,True,False,True,False,True,False,False,False,False
188,7,2.08,904 haddonfield road,24hours,00:00:00,00:00:00,8347,False,"{'address': '904 haddonfield road', 'city': 'cherry hill', 'state': 'NJ', 'zip': '08002'}","{'food': True, 'fuel': True, 'restrooms': True, 'diesel': True, 'ethanolFreeGas': False, 'open24Hours': True, 'teslaChargingStation': True, 'propane': True, 'chademoChargingStation': False, 'ccsChargingStation': False}",True,True,"[{'category': 'Unleaded'}, {'category': 'Plus'}, {'category': 'Premium'}, {'category': 'Diesel'}, {'category': 'Super'}]",39.925258,-75.032335,True,True,True,True,False,True,False,True,False,False
189,10,3.18,50 haddonfield rd,24hours,00:00:00,00:00:00,8325,False,"{'address': '50 haddonfield rd', 'city': 'cherry hill', 'state': 'NJ', 'zip': '08002-1446'}","{'food': True, 'fuel': True, 'restrooms': True, 'diesel': True, 'ethanolFreeGas': False, 'open24Hours': True, 'teslaChargingStation': False, 'propane': True, 'chademoChargingStation': False, 'ccsChargingStation': False}",True,True,"[{'category': 'Unleaded'}, {'category': 'Plus'}, {'category': 'Premium'}, {'category': 'Diesel'}, {'category': 'Super'}]",39.94957,-75.02811,True,True,True,True,False,True,False,True,False,False
190,12,3.46,2290 clement avenue,24hours,00:00:00,00:00:00,0990,False,"{'address': '2290 clement avenue', 'city': 'pennsauken', 'state': 'NJ', 'zip': '08110'}","{'food': True, 'fuel': True, 'restrooms': True, 'diesel': True, 'ethanolFreeGas': False, 'open24Hours': True, 'teslaChargingStation': True, 'propane': True, 'chademoChargingStation': False, 'ccsChargingStation': False}",True,True,"[{'category': 'Unleaded'}, {'category': 'Plus'}, {'category': 'Premium'}, {'category': 'Diesel'}, {'category': 'Super'}]",39.964236,-75.050479,True,True,True,True,False,True,True,True,False,False
191,16,4.07,1602-04 delaware avenue,24hours,00:00:00,00:00:00,0191,False,"{'address': '1602-04 delaware avenue', 'city': 'philadelphia', 'state': 'PA', 'zip': '19148'}","{'food': True, 'fuel': False, 'restrooms': False, 'diesel': False, 'ethanolFreeGas': None, 'open24Hours': True, 'teslaChargingStation': False, 'propane': False, 'chademoChargingStation': False, 'ccsChargingStation': False}",True,True,[],39.926456,-75.145407,True,True,True,True,False,True,False,True,True,True
192,20,4.85,150 s. independ w ml #102/103,18hours,06:00:00,23:00:00,8131,False,"{'address': '150 s. independ w ml #102/103', 'city': 'philadelphia', 'state': 'PA', 'zip': '19106'}","{'food': True, 'fuel': False, 'restrooms': True, 'diesel': False, 'ethanolFreeGas': None, 'open24Hours': False, 'teslaChargingStation': False, 'propane': False, 'chademoChargingStation': False, 'ccsChargingStation': False}",True,True,[],39.949084,-75.150854,True,True,True,True,False,True,False,False,False,False
193,21,4.92,2535 aramingo ave.,18hours,05:00:00,23:00:00,8013,False,"{'address': '2535 aramingo ave.', 'city': 'philadelphia', 'state': 'PA', 'zip': '19125-3728'}","{'food': True, 'fuel': True, 'restrooms': True, 'diesel': True, 'ethanolFreeGas': False, 'open24Hours': False, 'teslaChargingStation': False, 'propane': True, 'chademoChargingStation': False, 'ccsChargingStation': False}",True,True,"[{'category': 'Unleaded'}, {'category': 'Plus'}, {'category': 'Premium'}, {'category': 'Diesel'}, {'category': 'Super'}]",39.977182,-75.11823,True,True,True,True,False,True,False,True,False,False
194,23,5.1,912-916 walnut street,24hours,00:00:00,00:00:00,0103,False,"{'address': '912-916 walnut street', 'city': 'philadelphia', 'state': 'PA', 'zip': '19107'}","{'food': True, 'fuel': False, 'restrooms': False, 'diesel': False, 'ethanolFreeGas': None, 'open24Hours': True, 'teslaChargingStation': False, 'propane': False, 'chademoChargingStation': False, 'ccsChargingStation': False}",True,True,[],39.948289,-75.156638,True,True,True,True,False,True,False,False,False,False
195,29,5.55,4371 richmond street,18hours,03:00:00,01:00:00,0252,False,"{'address': '4371 richmond street', 'city': 'philadelphia', 'state': 'PA', 'zip': '19137'}","{'food': True, 'fuel': False, 'restrooms': False, 'diesel': False, 'ethanolFreeGas': None, 'open24Hours': False, 'teslaChargingStation': False, 'propane': False, 'chademoChargingStation': False, 'ccsChargingStation': False}",True,True,[],39.996728,-75.07429,True,True,True,True,False,True,False,True,False,False
196,31,5.67,3901 aramingo ave,24hours,00:00:00,00:00:00,8065,False,"{'address': '3901 aramingo ave', 'city': 'philadelphia', 'state': 'PA', 'zip': '19137'}","{'food': True, 'fuel': True, 'restrooms': True, 'diesel': True, 'ethanolFreeGas': False, 'open24Hours': True, 'teslaChargingStation': True, 'propane': True, 'chademoChargingStation': True, 'ccsChargingStation': True}",True,True,"[{'category': 'Unleaded'}, {'category': 'Plus'}, {'category': 'Premium'}, {'category': 'Diesel'}, {'category': 'Super'}]",39.997332,-75.088345,True,True,True,True,False,True,True,True,False,False
197,34,5.87,1707 arch street,18hours,05:00:00,23:00:00,0086,False,"{'address': '1707 arch street', 'city': 'philadelphia', 'state': 'PA', 'zip': '19103'}","{'food': True, 'fuel': False, 'restrooms': True, 'diesel': False, 'ethanolFreeGas': None, 'open24Hours': False, 'teslaChargingStation': False, 'propane': False, 'chademoChargingStation': False, 'ccsChargingStation': False}",True,True,[],39.9550826,-75.168469,True,False,False,False,,True,False,False,False,False
198,36,6.1,2131 south street,24hours,00:00:00,00:00:00,8105,False,"{'address': '2131 south street', 'city': 'philadelphia', 'state': 'PA', 'zip': '19146'}","{'food': True, 'fuel': False, 'restrooms': True, 'diesel': False, 'ethanolFreeGas': None, 'open24Hours': True, 'teslaChargingStation': False, 'propane': False, 'chademoChargingStation': False, 'ccsChargingStation': False}",True,False,[],39.945345,-75.178594,True,True,True,True,False,True,True,True,False,False
199,43,6.62,5597 tulip street,18hours,05:00:00,23:00:00,8104,False,"{'address': '5597 tulip street', 'city': 'philadelphia', 'state': 'PA', 'zip': '19124'}","{'food': True, 'fuel': True, 'restrooms': True, 'diesel': True, 'ethanolFreeGas': False, 'open24Hours': False, 'teslaChargingStation': False, 'propane': True, 'chademoChargingStation': False, 'ccsChargingStation': False}",True,True,"[{'category': 'Unleaded'}, {'category': 'Plus'}, {'category': 'Premium'}, {'category': 'Diesel'}, {'category': 'Super'}]",40.012341,-75.068497,True,True,True,True,False,True,False,True,False,False
200,44,6.83,2600 penrose ave,24hours,00:00:00,00:00:00,8132,False,"{'address': '2600 penrose ave', 'city': 'philadelphia', 'state': 'PA', 'zip': '19145'}","{'food': True, 'fuel': True, 'restrooms': True, 'diesel': True, 'ethanolFreeGas': False, 'open24Hours': True, 'teslaChargingStation': True, 'propane': True, 'chademoChargingStation': False, 'ccsChargingStation': False}",True,True,"[{'category': 'Unleaded'}, {'category': 'Plus'}, {'category': 'Premium'}, {'category': 'Diesel'}, {'category': 'Super'}]",39.903539,-75.197467,True,True,True,True,False,True,False,True,False,False
201,45,6.98,3300 market street,24hours,00:00:00,00:00:00,8141,False,"{'address': '3300 market street', 'city': 'philadelphia', 'state': 'PA', 'zip': '19104'}","{'food': True, 'fuel': False, 'restrooms': False, 'diesel': False, 'ethanolFreeGas': None, 'open24Hours': True, 'teslaChargingStation': False, 'propane': False, 'chademoChargingStation': False, 'ccsChargingStation': False}",True,True,[],39.955459,-75.191319,True,True,True,True,False,True,False,True,False,False
202,47,7.15,3604 chestnut street,24hours,00:00:00,00:00:00,0055,False,"{'address': '3604 chestnut street', 'city': 'philadelphia', 'state': 'PA', 'zip': '19104'}","{'food': True, 'fuel': False, 'restrooms': False, 'diesel': False, 'ethanolFreeGas': None, 'open24Hours': True, 'teslaChargingStation': False, 'propane': False, 'chademoChargingStation': False, 'ccsChargingStation': False}",True,True,[],39.954701,-75.1951,True,True,True,True,False,True,False,True,False,False
203,49,7.22,4510 castor avenue,18hours,05:00:00,23:00:00,0240,False,"{'address': '4510 castor avenue', 'city': 'philadelphia', 'state': 'PA', 'zip': '19124'}","{'food': True, 'fuel': False, 'restrooms': True, 'diesel': False, 'ethanolFreeGas': None, 'open24Hours': False, 'teslaChargingStation': False, 'propane': False, 'chademoChargingStation': False, 'ccsChargingStation': False}",True,True,[],40.018802,-75.09729,True,True,True,True,False,True,True,False,False,False
204,3,1.87,6400 bustleton avenue,18hours,05:00:00,23:00:00,0115,False,"{'address': '6400 bustleton avenue', 'city': 'philadelphia', 'state': 'PA', 'zip': '19149'}","{'food': True, 'fuel': True, 'restrooms': True, 'diesel': True, 'ethanolFreeGas': False, 'open24Hours': False, 'teslaChargingStation': False, 'propane': True, 'chademoChargingStation': False, 'ccsChargingStation': False}",True,True,"[{'category': 'Unleaded'}, {'category': 'Plus'}, {'category': 'Premium'}, {'category': 'Diesel'}, {'category': 'Super'}]",40.036242,-75.070251,True,True,True,True,False,True,False,False,False,False
205,5,2.32,6506 frankford ave.,18hours,05:00:00,23:00:00,8009,False,"{'address': '6506 frankford ave.', 'city': 'philadelphia', 'state': 'PA', 'zip': '19135'}","{'food': True, 'fuel': False, 'restrooms': True, 'diesel': False, 'ethanolFreeGas': None, 'open24Hours': False, 'teslaChargingStation': False, 'propane': False, 'chademoChargingStation': False, 'ccsChargingStation': False}",True,True,[],40.030297,-75.05609,True,True,False,True,False,True,False,False,False,False
206,6,2.4,6919-6935 castor avenue,18hours,05:00:00,00:00:00,0183,False,"{'address': '6919-6935 castor avenue', 'city': 'philadelphia', 'state': 'PA', 'zip': '19149'}","{'food': True, 'fuel': False, 'restrooms': False, 'diesel': False, 'ethanolFreeGas': None, 'open24Hours': False, 'teslaChargingStation': False, 'propane': False, 'chademoChargingStation': False, 'ccsChargingStation': False}",True,True,[],40.046581,-75.0702,True,True,True,True,False,True,False,True,False,False
207,7,2.58,6858 rising sun avenue,18hours,05:00:00,23:00:00,8006,False,"{'address': '6858 rising sun avenue', 'city': 'philadelphia', 'state': 'PA', 'zip': '19111'}","{'food': True, 'fuel': True, 'restrooms': True, 'diesel': True, 'ethanolFreeGas': False, 'open24Hours': False, 'teslaChargingStation': False, 'propane': True, 'chademoChargingStation': False, 'ccsChargingStation': False}",True,True,"[{'category': 'Unleaded'}, {'category': 'Plus'}, {'category': 'Premium'}, {'category': 'Diesel'}, {'category': 'Super'}]",40.055801,-75.09063,True,True,True,True,False,True,False,True,False,False
208,8,2.58,7001 roosevelt blvd,18hours,05:00:00,23:00:00,8052,False,"{'address': '7001 roosevelt blvd', 'city': 'philadelphia', 'state': 'PA', 'zip': '19149'}","{'food': True, 'fuel': True, 'restrooms': True, 'diesel': True, 'ethanolFreeGas': False, 'open24Hours': False, 'teslaChargingStation': False, 'propane': True, 'chademoChargingStation': False, 'ccsChargingStation': False}",True,True,"[{'category': 'Unleaded'}, {'category': 'Plus'}, {'category': 'Premium'}, {'category': 'Diesel'}, {'category': 'Super'}]",40.040209,-75.057297,True,False,False,False,,True,False,False,False,False
209,10,3.6,7912 e. roosevelt blvd,24hours,00:00:00,00:00:00,8087,False,"{'address': '7912 e. roosevelt blvd', 'city': 'philadelphia', 'state': 'PA', 'zip': '19152'}","{'food': True, 'fuel': True, 'restrooms': True, 'diesel': True, 'ethanolFreeGas': False, 'open24Hours': True, 'teslaChargingStation': False, 'propane': True, 'chademoChargingStation': False, 'ccsChargingStation': False}",True,True,"[{'category': 'Unleaded'}, {'category': 'Plus'}, {'category': 'Premium'}, {'category': 'Diesel'}, {'category': 'Super'}]",40.05557761,-75.04906265,True,True,True,True,False,True,False,True,False,False
210,11,3.71,7715 frankford avenue,18hours,05:00:00,00:00:00,0262,False,"{'address': '7715 frankford avenue', 'city': 'philadelphia', 'state': 'PA', 'zip': '19136'}","{'food': True, 'fuel': False, 'restrooms': False, 'diesel': False, 'ethanolFreeGas': None, 'open24Hours': False, 'teslaChargingStation': False, 'propane': False, 'chademoChargingStation': False, 'ccsChargingStation': False}",True,True,[],40.039413,-75.03261,True,True,True,True,False,True,True,True,False,False
211,12,3.86,8144-8152 castor avenue,18hours,05:00:00,00:00:00,0181,False,"{'address': '8144-8152 castor avenue', 'city': 'philadelphia', 'state': 'PA', 'zip': '19152'}","{'food': True, 'fuel': False, 'restrooms': False, 'diesel': False, 'ethanolFreeGas': None, 'open24Hours': False, 'teslaChargingStation': False, 'propane': False, 'chademoChargingStation': False, 'ccsChargingStation': False}",True,True,[],40.064118,-75.05461,True,True,True,True,False,True,True,True,False,False
212,13,3.94,7913-29 oxford avenue,24hours,00:00:00,00:00:00,0276,False,"{'address': '7913-29 oxford avenue', 'city': 'philadelphia', 'state': 'PA', 'zip': '19111'}","{'food': True, 'fuel': True, 'restrooms': True, 'diesel': True, 'ethanolFreeGas': False, 'open24Hours': True, 'teslaChargingStation': False, 'propane': True, 'chademoChargingStation': False, 'ccsChargingStation': False}",True,True,"[{'category': 'Unleaded'}, {'category': 'Plus'}, {'category': 'Premium'}, {'category': 'Diesel'}, {'category': 'Super'}]",40.074939,-75.08407,True,True,True,True,False,True,False,True,False,False
213,18,5.32,9101 frankford ave,24hours,00:00:00,00:00:00,8152,False,"{'address': '9101 frankford ave', 'city': 'philadelphia', 'state': 'PA', 'zip': '19114'}","{'food': True, 'fuel': True, 'restrooms': True, 'diesel': True, 'ethanolFreeGas': False, 'open24Hours': True, 'teslaChargingStation': False, 'propane': True, 'chademoChargingStation': False, 'ccsChargingStation': False}",True,True,"[{'category': 'Unleaded'}, {'category': 'Plus'}, {'category': 'Premium'}, {'category': 'Diesel'}, {'category': 'Super'}]",40.052521,-75.006788,True,True,True,True,False,True,True,False,False,False
214,19,5.33,8250 limekiln pk,24hours,00:00:00,00:00:00,8080,False,"{'address': '8250 limekiln pk', 'city': 'wyncote', 'state': 'PA', 'zip': '19095'}","{'food': True, 'fuel': True, 'restrooms': True, 'diesel': True, 'ethanolFreeGas': False, 'open24Hours': True, 'teslaChargingStation': False, 'propane': True, 'chademoChargingStation': True, 'ccsChargingStation': True}",True,True,"[{'category': 'Unleaded'}, {'category': 'Plus'}, {'category': 'Premium'}, {'category': 'Diesel'}, {'category': 'Super'}]",40.078909,-75.160561,True,True,True,True,False,True,True,True,False,False
215,20,5.52,9377 krewstown rd,24hours,00:00:00,00:00:00,8054,False,"{'address': '9377 krewstown rd', 'city': 'philadelphia', 'state': 'PA', 'zip': '19115-3710'}","{'food': True, 'fuel': True, 'restrooms': True, 'diesel': True, 'ethanolFreeGas': False, 'open24Hours': True, 'teslaChargingStation': False, 'propane': True, 'chademoChargingStation': False, 'ccsChargingStation': False}",True,True,"[{'category': 'Unleaded'}, {'category': 'Plus'}, {'category': 'Premium'}, {'category': 'Diesel'}, {'category': 'Super'}]",40.087571,-75.044338,True,True,True,True,False,True,False,False,False,False
216,22,5.61,2600 grant ave.,24hours,00:00:00,00:00:00,8030,False,"{'address': '2600 grant ave.', 'city': 'philadelphia', 'state': 'PA', 'zip': '19114'}","{'food': True, 'fuel': True, 'restrooms': True, 'diesel': True, 'ethanolFreeGas': False, 'open24Hours': True, 'teslaChargingStation': False, 'propane': True, 'chademoChargingStation': False, 'ccsChargingStation': False}",True,True,"[{'category': 'Unleaded'}, {'category': 'Plus'}, {'category': 'Premium'}, {'category': 'Diesel'}, {'category': 'Super'}]",40.077481,-75.023952,True,True,True,True,False,True,False,False,False,False
217,23,5.79,7236-40 germantown ave.,18hours,05:00:00,00:00:00,0125,False,"{'address': '7236-40 germantown ave.', 'city': 'philadelphia', 'state': 'PA', 'zip': '19119'}","{'food': True, 'fuel': False, 'restrooms': False, 'diesel': False, 'ethanolFreeGas': None, 'open24Hours': False, 'teslaChargingStation': False, 'propane': False, 'chademoChargingStation': False, 'ccsChargingStation': False}",True,True,[],40.060921,-75.191957,True,True,True,True,False,True,False,False,False,False
218,26,5.97,3341 grant avenue,24hours,00:00:00,00:00:00,8064,False,"{'address': '3341 grant avenue', 'city': 'philadelphia', 'state': 'PA', 'zip': '19114-2629'}","{'food': True, 'fuel': True, 'restrooms': True, 'diesel': True, 'ethanolFreeGas': False, 'open24Hours': True, 'teslaChargingStation': False, 'propane': True, 'chademoChargingStation': False, 'ccsChargingStation': False}",True,True,"[{'category': 'Unleaded'}, {'category': 'Plus'}, {'category': 'Premium'}, {'category': 'Diesel'}, {'category': 'Super'}]",40.068885,-75.005211,True,False,False,False,,True,False,False,False,False
219,30,6.18,816 old york rd,24hours,00:00:00,00:00:00,8066,False,"{'address': '816 old york rd', 'city': 'jenkintown', 'state': 'PA', 'zip': '19046'}","{'food': True, 'fuel': True, 'restrooms': True, 'diesel': True, 'ethanolFreeGas': False, 'open24Hours': True, 'teslaChargingStation': False, 'propane': True, 'chademoChargingStation': False, 'ccsChargingStation': False}",True,True,"[{'category': 'Unleaded'}, {'category': 'Plus'}, {'category': 'Premium'}, {'category': 'Diesel'}, {'category': 'Super'}]",40.105748,-75.125005,True,True,True,True,False,False,False,True,False,False
220,33,6.32,200 easton rd,24hours,00:00:00,00:00:00,8158,False,"{'address': '200 easton rd', 'city': 'glenside', 'state': 'PA', 'zip': '19038'}","{'food': True, 'fuel': True, 'restrooms': False, 'diesel': True, 'ethanolFreeGas': False, 'open24Hours': True, 'teslaChargingStation': False, 'propane': False, 'chademoChargingStation': False, 'ccsChargingStation': False}",True,True,"[{'category': 'Unleaded'}, {'category': 'Plus'}, {'category': 'Premium'}, {'category': 'Diesel'}, {'category': 'Super'}]",40.098396,-75.155995,True,True,False,True,False,True,False,True,False,False
221,39,6.85,6701 ridge ave,24hours,00:00:00,00:00:00,8049,False,"{'address': '6701 ridge ave', 'city': 'philadelphia', 'state': 'PA', 'zip': '19128'}","{'food': True, 'fuel': True, 'restrooms': True, 'diesel': True, 'ethanolFreeGas': False, 'open24Hours': True, 'teslaChargingStation': False, 'propane': True, 'chademoChargingStation': False, 'ccsChargingStation': False}",True,True,"[{'category': 'Unleaded'}, {'category': 'Plus'}, {'category': 'Premium'}, {'category': 'Diesel'}, {'category': 'Super'}]",40.040692,-75.223499,True,True,True,True,False,True,True,False,True,True
222,41,6.93,82 limekiln pike,24hours,00:00:00,00:00:00,0111,False,"{'address': '82 limekiln pike', 'city': 'glenside', 'state': 'PA', 'zip': '19038'}","{'food': True, 'fuel': False, 'restrooms': True, 'diesel': False, 'ethanolFreeGas': None, 'open24Hours': True, 'teslaChargingStation': False, 'propane': False, 'chademoChargingStation': False, 'ccsChargingStation': False}",True,True,[],40.104708,-75.16489,True,False,False,False,,True,False,False,False,False
223,42,7.07,193 belmont avenue,24hours,00:00:00,00:00:00,0040,False,"{'address': '193 belmont avenue', 'city': 'bala cynwyd', 'state': 'PA', 'zip': '19004-1933'}","{'food': True, 'fuel': False, 'restrooms': False, 'diesel': False, 'ethanolFreeGas': None, 'open24Hours': True, 'teslaChargingStation': False, 'propane': False, 'chademoChargingStation': False, 'ccsChargingStation': False}",True,True,[],40.023222,-75.23086,True,True,False,True,False,True,False,False,False,False
224,44,7.13,3724-3744 spruce street,24hours,00:00:00,00:00:00,0179,False,"{'address': '3724-3744 spruce street', 'city': 'philadelphia', 'state': 'PA', 'zip': '19104'}","{'food': True, 'fuel': False, 'restrooms': True, 'diesel': False, 'ethanolFreeGas': None, 'open24Hours': True, 'teslaChargingStation': False, 'propane': False, 'chademoChargingStation': False, 'ccsChargingStation': False}",True,False,[],39.951065,-75.19898,True,True,True,True,False,True,False,True,False,False
225,47,7.35,2500 philmont ave,24hours,00:00:00,00:00:00,8057,False,"{'address': '2500 philmont ave', 'city': 'huntingdon valley', 'state': 'PA', 'zip': '19006-6240'}","{'food': True, 'fuel': True, 'restrooms': True, 'diesel': True, 'ethanolFreeGas': False, 'open24Hours': True, 'teslaChargingStation': False, 'propane': True, 'chademoChargingStation': False, 'ccsChargingStation': False}",True,True,"[{'category': 'Unleaded'}, {'category': 'Plus'}, {'category': 'Premium'}, {'category': 'Diesel'}, {'category': 'Super'}]",40.121051,-75.058776,True,True,True,True,False,True,False,True,False,False
226,48,7.47,10901a bustleton ave,24hours,00:00:00,00:00:00,8047,False,"{'address': '10901a bustleton ave', 'city': 'philadelphia', 'state': 'PA', 'zip': '19115'}","{'food': True, 'fuel': True, 'restrooms': True, 'diesel': True, 'ethanolFreeGas': False, 'open24Hours': True, 'teslaChargingStation': False, 'propane': True, 'chademoChargingStation': False, 'ccsChargingStation': False}",True,True,"[{'category': 'Unleaded'}, {'category': 'Plus'}, {'category': 'Premium'}, {'category': 'Diesel'}, {'category': 'Super'}]",40.11126,-75.02405,True,True,True,True,False,False,False,False,False,False
227,49,7.56,801 conshohocken state road,24hours,00:00:00,00:00:00,0155,False,"{'address': '801 conshohocken state road', 'city': 'bala cynwyd', 'state': 'PA', 'zip': '19004-2045'}","{'food': True, 'fuel': False, 'restrooms': False, 'diesel': False, 'ethanolFreeGas': None, 'open24Hours': True, 'teslaChargingStation': False, 'propane': False, 'chademoChargingStation': False, 'ccsChargingStation': False}",True,True,[],40.018669,-75.240112,True,True,True,True,False,True,True,False,False,False
228,2,1.24,949 montgomery ave.,18hours,05:00:00,00:00:00,0294,False,"{'address': '949 montgomery ave.', 'city': 'narberth', 'state': 'PA', 'zip': '19072-1501'}","{'food': True, 'fuel': False, 'restrooms': True, 'diesel': False, 'ethanolFreeGas': None, 'open24Hours': False, 'teslaChargingStation': False, 'propane': False, 'chademoChargingStation': False, 'ccsChargingStation': False}",True,True,[],40.012268,-75.262005,True,True,True,True,False,True,True,True,False,False
229,4,2.98,19 woodside road,24hours,00:00:00,00:00:00,0066,False,"{'address': '19 woodside road', 'city': 'ardmore', 'state': 'PA', 'zip': '19003'}","{'food': True, 'fuel': False, 'restrooms': True, 'diesel': False, 'ethanolFreeGas': None, 'open24Hours': True, 'teslaChargingStation': False, 'propane': False, 'chademoChargingStation': False, 'ccsChargingStation': False}",True,True,[],40.01064,-75.29543,True,True,True,True,False,True,True,False,False,False
230,6,4.21,33-35 east eagle road,24hours,00:00:00,00:00:00,0054,False,"{'address': '33-35 east eagle road', 'city': 'havertown', 'state': 'PA', 'zip': '19083-1531'}","{'food': True, 'fuel': False, 'restrooms': True, 'diesel': False, 'ethanolFreeGas': None, 'open24Hours': True, 'teslaChargingStation': False, 'propane': False, 'chademoChargingStation': False, 'ccsChargingStation': False}",True,True,[],39.988593,-75.30934,True,True,True,True,False,True,False,True,False,False
231,7,4.26,8240 west chester pk,24hours,00:00:00,00:00:00,8070,False,"{'address': '8240 west chester pk', 'city': 'upper darby', 'state': 'PA', 'zip': '19082-2723'}","{'food': True, 'fuel': True, 'restrooms': True, 'diesel': True, 'ethanolFreeGas': False, 'open24Hours': True, 'teslaChargingStation': False, 'propane': True, 'chademoChargingStation': False, 'ccsChargingStation': False}",True,True,"[{'category': 'Unleaded'}, {'category': 'Plus'}, {'category': 'Premium'}, {'category': 'Diesel'}, {'category': 'Super'}]",39.965574,-75.280898,True,True,True,True,False,True,False,True,False,False
232,8,4.35,201 south bryn mawr avenue,24hours,00:00:00,00:00:00,0168,False,"{'address': '201 south bryn mawr avenue', 'city': 'bryn mawr', 'state': 'PA', 'zip': '19010-2273'}","{'food': True, 'fuel': False, 'restrooms': True, 'diesel': False, 'ethanolFreeGas': None, 'open24Hours': True, 'teslaChargingStation': False, 'propane': False, 'chademoChargingStation': False, 'ccsChargingStation': False}",True,True,[],40.017186,-75.32227,True,False,False,False,,True,False,False,False,False
233,9,4.46,1000 darby road,24hours,00:00:00,00:00:00,0265,False,"{'address': '1000 darby road', 'city': 'havertown', 'state': 'PA', 'zip': '19083-3616'}","{'food': True, 'fuel': False, 'restrooms': False, 'diesel': False, 'ethanolFreeGas': None, 'open24Hours': True, 'teslaChargingStation': False, 'propane': False, 'chademoChargingStation': False, 'ccsChargingStation': False}",True,True,[],39.976279,-75.3037,True,False,False,False,,True,False,False,False,False
234,10,4.46,202 south state road,24hours,00:00:00,00:00:00,0014,False,"{'address': '202 south state road', 'city': 'upper darby', 'state': 'PA', 'zip': '19082-2908'}","{'food': True, 'fuel': False, 'restrooms': True, 'diesel': False, 'ethanolFreeGas': None, 'open24Hours': True, 'teslaChargingStation': False, 'propane': False, 'chademoChargingStation': False, 'ccsChargingStation': False}",True,True,[],39.96122,-75.27861,True,True,True,True,False,True,False,True,False,False
235,11,4.67,460 south 69th street,18hours,06:00:00,23:00:00,0011,False,"{'address': '460 south 69th street', 'city': 'upper darby', 'state': 'PA', 'zip': '19082-4901'}","{'food': True, 'fuel': False, 'restrooms': True, 'diesel': False, 'ethanolFreeGas': None, 'open24Hours': False, 'teslaChargingStation': False, 'propane': False, 'chademoChargingStation': False, 'ccsChargingStation': False}",True,True,[],39.952475,-75.257527,True,True,True,True,False,True,True,True,False,False
236,13,5.04,100 crawford avenue,24hours,00:00:00,00:00:00,0253,False,"{'address': '100 crawford avenue', 'city': 'west conshohocken', 'state': 'PA', 'zip': '19428'}","{'food': True, 'fuel': False, 'restrooms': False, 'diesel': False, 'ethanolFreeGas': None, 'open24Hours': True, 'teslaChargingStation': False, 'propane': False, 'chademoChargingStation': False, 'ccsChargingStation': False}",True,True,[],40.068072,-75.31009,True,True,True,True,False,True,False,True,False,False
237,16,5.22,406 germantown pike,24hours,00:00:00,00:00:00,0097,False,"{'address': '406 germantown pike', 'city': 'lafayette hill', 'state': 'PA', 'zip': '19444-1804'}","{'food': True, 'fuel': False, 'restrooms': False, 'diesel': False, 'ethanolFreeGas': None, 'open24Hours': True, 'teslaChargingStation': False, 'propane': False, 'chademoChargingStation': False, 'ccsChargingStation': False}",True,True,[],40.092422,-75.26154,True,True,True,True,False,True,False,True,True,True
238,17,5.63,1726 butler pike,24hours,00:00:00,00:00:00,0067,False,"{'address': '1726 butler pike', 'city': 'conshohocken', 'state': 'PA', 'zip': '19428-1565'}","{'food': True, 'fuel': False, 'restrooms': False, 'diesel': False, 'ethanolFreeGas': None, 'open24Hours': True, 'teslaChargingStation': False, 'propane': False, 'chademoChargingStation': False, 'ccsChargingStation': False}",True,True,[],40.090168,-75.29099,True,False,False,False,,True,False,False,False,False
239,18,5.64,67 n. lansdowne ave,18hours,04:00:00,00:00:00,0073,False,"{'address': '67 n. lansdowne ave', 'city': 'lansdowne', 'state': 'PA', 'zip': '19050'}","{'food': True, 'fuel': False, 'restrooms': False, 'diesel': False, 'ethanolFreeGas': None, 'open24Hours': False, 'teslaChargingStation': False, 'propane': False, 'chademoChargingStation': False, 'ccsChargingStation': False}",True,True,[],39.9409779,-75.2726519,True,True,True,True,False,True,True,False,False,False
240,21,5.92,525 burmont avenue,24hours,00:00:00,00:00:00,0012,False,"{'address': '525 burmont avenue', 'city': 'drexel hill', 'state': 'PA', 'zip': '19026'}","{'food': True, 'fuel': False, 'restrooms': True, 'diesel': False, 'ethanolFreeGas': None, 'open24Hours': True, 'teslaChargingStation': False, 'propane': False, 'chademoChargingStation': False, 'ccsChargingStation': False}",True,True,[],39.947078,-75.30158,True,True,True,True,False,True,False,True,False,False
241,22,5.98,3800 garrett  ave,24hours,00:00:00,00:00:00,0212,False,"{'address': '3800 garrett  ave', 'city': 'drexel hill', 'state': 'PA', 'zip': '19026'}","{'food': True, 'fuel': False, 'restrooms': True, 'diesel': False, 'ethanolFreeGas': None, 'open24Hours': True, 'teslaChargingStation': False, 'propane': False, 'chademoChargingStation': False, 'ccsChargingStation': False}",True,True,[],39.943979,-75.297279,True,True,True,True,False,True,False,False,False,False
242,24,6.23,1601 bethlehem pike,24hours,00:00:00,00:00:00,0021,False,"{'address': '1601 bethlehem pike', 'city': 'flourtown', 'state': 'PA', 'zip': '19031-1916'}","{'food': True, 'fuel': False, 'restrooms': False, 'diesel': False, 'ethanolFreeGas': None, 'open24Hours': True, 'teslaChargingStation': False, 'propane': False, 'chademoChargingStation': False, 'ccsChargingStation': False}",True,True,[],40.106592,-75.213911,True,True,True,True,False,True,False,True,False,False
243,27,6.79,5100 state rd,24hours,00:00:00,00:00:00,8145,False,"{'address': '5100 state rd', 'city': 'drexel hill', 'state': 'PA', 'zip': '19026'}","{'food': True, 'fuel': True, 'restrooms': True, 'diesel': True, 'ethanolFreeGas': False, 'open24Hours': True, 'teslaChargingStation': False, 'propane': True, 'chademoChargingStation': False, 'ccsChargingStation': False}",True,True,"[{'category': 'Unleaded'}, {'category': 'Plus'}, {'category': 'Premium'}, {'category': 'Diesel'}, {'category': 'Super'}]",39.945445,-75.32554,True,True,True,True,False,True,False,True,False,False
244,31,7.19,418 w. baltimore pike,24hours,00:00:00,00:00:00,8128,False,"{'address': '418 w. baltimore pike', 'city': 'clifton heights', 'state': 'PA', 'zip': '19018'}","{'food': True, 'fuel': True, 'restrooms': True, 'diesel': True, 'ethanolFreeGas': False, 'open24Hours': True, 'teslaChargingStation': False, 'propane': True, 'chademoChargingStation': False, 'ccsChargingStation': False}",True,True,"[{'category': 'Unleaded'}, {'category': 'Plus'}, {'category': 'Premium'}, {'category': 'Diesel'}, {'category': 'Super'}]",39.926556,-75.30339,True,True,True,True,False,True,True,True,False,False
245,32,7.29,2050 sproul road,24hours,00:00:00,00:00:00,0008,False,"{'address': '2050 sproul road', 'city': 'broomall', 'state': 'PA', 'zip': '19008-2725'}","{'food': True, 'fuel': False, 'restrooms': True, 'diesel': False, 'ethanolFreeGas': None, 'open24Hours': True, 'teslaChargingStation': False, 'propane': False, 'chademoChargingStation': False, 'ccsChargingStation': False}",True,True,[],39.966343,-75.35965,True,True,True,True,False,True,False,True,False,False
246,33,7.43,19 north bishop avenue,24hours,00:00:00,00:00:00,0293,False,"{'address': '19 north bishop avenue', 'city': 'clifton heights', 'state': 'PA', 'zip': '19018-1812'}","{'food': True, 'fuel': True, 'restrooms': True, 'diesel': True, 'ethanolFreeGas': False, 'open24Hours': True, 'teslaChargingStation': False, 'propane': False, 'chademoChargingStation': False, 'ccsChargingStation': False}",True,True,"[{'category': 'Unleaded'}, {'category': 'Plus'}, {'category': 'Premium'}, {'category': 'Diesel'}, {'category': 'Super'}]",39.925625,-75.310294,True,True,False,True,False,True,False,True,False,False
247,34,7.43,1300 e. ridge pike,24hours,00:00:00,00:00:00,8071,False,"{'address': '1300 e. ridge pike', 'city': 'plymouth meeting', 'state': 'PA', 'zip': '19462'}","{'food': True, 'fuel': True, 'restrooms': True, 'diesel': True, 'ethanolFreeGas': False, 'open24Hours': True, 'teslaChargingStation': False, 'propane': True, 'chademoChargingStation': False, 'ccsChargingStation': False}",True,True,"[{'category': 'Unleaded'}, {'category': 'Plus'}, {'category': 'Premium'}, {'category': 'Diesel'}, {'category': 'Super'}]",40.107195,-75.319863,True,False,False,False,,True,False,False,False,False
248,36,7.76,910 macdade blvd,24hours,00:00:00,00:00:00,8108,False,"{'address': '910 macdade blvd', 'city': 'collingdale', 'state': 'PA', 'zip': '19023'}","{'food': True, 'fuel': True, 'restrooms': True, 'diesel': True, 'ethanolFreeGas': False, 'open24Hours': True, 'teslaChargingStation': False, 'propane': True, 'chademoChargingStation': False, 'ccsChargingStation': False}",True,True,"[{'category': 'Unleaded'}, {'category': 'Plus'}, {'category': 'Premium'}, {'category': 'Diesel'}, {'category': 'Super'}]",39.910383,-75.278666,True,True,True,True,False,True,True,True,False,False
249,37,8.01,195 saxer avenue,24hours,00:00:00,00:00:00,0154,False,"{'address': '195 saxer avenue', 'city': 'springfield', 'state': 'PA', 'zip': '19064'}","{'food': True, 'fuel': False, 'restrooms': False, 'diesel': False, 'ethanolFreeGas': None, 'open24Hours': True, 'teslaChargingStation': False, 'propane': False, 'chademoChargingStation': False, 'ccsChargingStation': False}",True,True,[],39.927374,-75.33321,True,True,True,True,False,True,True,True,False,False
250,39,8.17,100 w 4th st,24hours,00:00:00,00:00:00,0216,False,"{'address': '100 w 4th st', 'city': 'bridgeport', 'state': 'PA', 'zip': '19405'}","{'food': True, 'fuel': False, 'restrooms': True, 'diesel': False, 'ethanolFreeGas': None, 'open24Hours': True, 'teslaChargingStation': False, 'propane': False, 'chademoChargingStation': False, 'ccsChargingStation': False}",True,True,[],40.105374,-75.345053,True,True,True,True,False,True,True,False,True,True
251,41,8.2,1550 chester pike,24hours,00:00:00,00:00:00,8007,False,"{'address': '1550 chester pike', 'city': 'folcroft', 'state': 'PA', 'zip': '19032'}","{'food': True, 'fuel': True, 'restrooms': True, 'diesel': True, 'ethanolFreeGas': False, 'open24Hours': True, 'teslaChargingStation': False, 'propane': True, 'chademoChargingStation': True, 'ccsChargingStation': True}",True,True,"[{'category': 'Unleaded'}, {'category': 'Plus'}, {'category': 'Premium'}, {'category': 'Diesel'}, {'category': 'Super'}]",39.904548,-75.28294,True,False,False,False,,True,False,False,False,False
252,42,8.26,215 west lancaster avenue,24hours,00:00:00,00:00:00,0257,False,"{'address': '215 west lancaster avenue', 'city': 'wayne', 'state': 'PA', 'zip': '19087-3306'}","{'food': True, 'fuel': False, 'restrooms': True, 'diesel': False, 'ethanolFreeGas': None, 'open24Hours': True, 'teslaChargingStation': False, 'propane': False, 'chademoChargingStation': False, 'ccsChargingStation': False}",True,True,[],40.044479,-75.39257,True,True,False,True,False,True,False,False,False,False
253,45,8.32,3 n macdade blvd,24hours,00:00:00,00:00:00,0174,False,"{'address': '3 n macdade blvd', 'city': 'glenolden', 'state': 'PA', 'zip': '19036'}","{'food': True, 'fuel': False, 'restrooms': True, 'diesel': False, 'ethanolFreeGas': None, 'open24Hours': True, 'teslaChargingStation': False, 'propane': True, 'chademoChargingStation': False, 'ccsChargingStation': False}",True,True,[],39.904903,-75.29179,True,True,True,True,False,True,False,True,False,False
254,46,8.36,1100 calcon hook rd,24hours,00:00:00,00:00:00,8160,False,"{'address': '1100 calcon hook rd', 'city': 'sharon hill', 'state': 'PA', 'zip': '19079'}","{'food': True, 'fuel': True, 'restrooms': False, 'diesel': True, 'ethanolFreeGas': False, 'open24Hours': True, 'teslaChargingStation': False, 'propane': True, 'chademoChargingStation': False, 'ccsChargingStation': False}",True,True,"[{'category': 'Unleaded'}, {'category': 'Plus'}, {'category': 'Premium'}, {'category': 'Diesel'}, {'category': 'Super'}]",39.899032,-75.263274,True,True,True,True,False,True,False,True,False,False
255,47,8.38,145 w dekalb pike,24hours,00:00:00,00:00:00,8058,False,"{'address': '145 w dekalb pike', 'city': 'king of prussia', 'state': 'PA', 'zip': '19406'}","{'food': True, 'fuel': True, 'restrooms': True, 'diesel': True, 'ethanolFreeGas': False, 'open24Hours': True, 'teslaChargingStation': False, 'propane': True, 'chademoChargingStation': False, 'ccsChargingStation': False}",True,True,"[{'category': 'Unleaded'}, {'category': 'Plus'}, {'category': 'Premium'}, {'category': 'Diesel'}, {'category': 'Super'}]",40.093232,-75.364997,True,True,True,True,False,True,False,True,False,False
256,48,8.38,106 bethlehem pike,24hours,00:00:00,00:00:00,0156,False,"{'address': '106 bethlehem pike', 'city': 'fort washington', 'state': 'PA', 'zip': '19034-1206'}","{'food': True, 'fuel': False, 'restrooms': False, 'diesel': False, 'ethanolFreeGas': None, 'open24Hours': True, 'teslaChargingStation': False, 'propane': False, 'chademoChargingStation': False, 'ccsChargingStation': False}",True,True,[],40.138141,-75.21267,True,True,True,True,False,False,False,False,False,False
257,1,2.15,1145 virginia drive,24hours,00:00:00,00:00:00,8060,False,"{'address': '1145 virginia drive', 'city': 'fort washington', 'state': 'PA', 'zip': '19034-3203'}","{'food': True, 'fuel': True, 'restrooms': True, 'diesel': True, 'ethanolFreeGas': False, 'open24Hours': True, 'teslaChargingStation': True, 'propane': True, 'chademoChargingStation': False, 'ccsChargingStation': False}",True,True,"[{'category': 'Unleaded'}, {'category': 'Plus'}, {'category': 'Premium'}, {'category': 'Diesel'}, {'category': 'Super'}]",40.139187,-75.172083,True,True,True,True,False,True,False,True,False,False
258,3,2.84,752 north bethlehem pike,24hours,00:00:00,00:00:00,0043,False,"{'address': '752 north bethlehem pike', 'city': 'ambler', 'state': 'PA', 'zip': '19002-2650'}","{'food': True, 'fuel': False, 'restrooms': False, 'diesel': False, 'ethanolFreeGas': None, 'open24Hours': True, 'teslaChargingStation': False, 'propane': False, 'chademoChargingStation': False, 'ccsChargingStation': False}",True,True,[],40.178057,-75.225157,True,True,True,True,False,True,False,False,False,False
259,5,3.82,132 welsh road,24hours,00:00:00,00:00:00,8156,False,"{'address': '132 welsh road', 'city': 'horsham', 'state': 'PA', 'zip': '19044'}","{'food': True, 'fuel': True, 'restrooms': True, 'diesel': True, 'ethanolFreeGas': False, 'open24Hours': True, 'teslaChargingStation': False, 'propane': True, 'chademoChargingStation': False, 'ccsChargingStation': False}",True,True,"[{'category': 'Unleaded'}, {'category': 'Plus'}, {'category': 'Premium'}, {'category': 'Diesel'}, {'category': 'Super'}]",40.160222,-75.146337,True,True,False,True,False,True,False,False,False,False
260,8,4.39,1345-51 easton road,24hours,00:00:00,00:00:00,8171,False,"{'address': '1345-51 easton road', 'city': 'abington', 'state': 'PA', 'zip': '19001'}","{'food': True, 'fuel': False, 'restrooms': True, 'diesel': False, 'ethanolFreeGas': None, 'open24Hours': True, 'teslaChargingStation': False, 'propane': False, 'chademoChargingStation': False, 'ccsChargingStation': False}",True,True,[],40.127222,-75.130854,True,False,False,False,,True,False,False,False,False
261,9,4.64,1015 dekalb pike,24hours,00:00:00,00:00:00,8034,False,"{'address': '1015 dekalb pike', 'city': 'blue bell', 'state': 'PA', 'zip': '19422-1811'}","{'food': True, 'fuel': True, 'restrooms': True, 'diesel': True, 'ethanolFreeGas': False, 'open24Hours': True, 'teslaChargingStation': False, 'propane': True, 'chademoChargingStation': False, 'ccsChargingStation': False}",True,True,"[{'category': 'Unleaded'}, {'category': 'Plus'}, {'category': 'Premium'}, {'category': 'Diesel'}, {'category': 'Super'}]",40.165841,-75.292716,True,False,False,False,,True,False,False,False,False
262,10,4.9,535 horsham road,24hours,00:00:00,00:00:00,0271,False,"{'address': '535 horsham road', 'city': 'horsham', 'state': 'PA', 'zip': '19044'}","{'food': True, 'fuel': True, 'restrooms': True, 'diesel': True, 'ethanolFreeGas': False, 'open24Hours': True, 'teslaChargingStation': False, 'propane': True, 'chademoChargingStation': False, 'ccsChargingStation': False}",True,True,"[{'category': 'Unleaded'}, {'category': 'Plus'}, {'category': 'Premium'}, {'category': 'Diesel'}, {'category': 'Super'}]",40.186961,-75.14543,True,True,True,True,False,True,False,True,False,False
263,12,5.04,101 easton road,24hours,00:00:00,00:00:00,8088,False,"{'address': '101 easton road', 'city': 'horsham', 'state': 'PA', 'zip': '19044'}","{'food': True, 'fuel': True, 'restrooms': True, 'diesel': True, 'ethanolFreeGas': False, 'open24Hours': True, 'teslaChargingStation': False, 'propane': True, 'chademoChargingStation': False, 'ccsChargingStation': False}",True,True,"[{'category': 'Unleaded'}, {'category': 'Plus'}, {'category': 'Premium'}, {'category': 'Diesel'}, {'category': 'Super'}]",40.172653,-75.128566,True,True,True,True,False,True,True,True,False,False
264,14,5.17,201 york rd,24hours,00:00:00,00:00:00,8063,False,"{'address': '201 york rd', 'city': 'willow grove', 'state': 'PA', 'zip': '19090-3213'}","{'food': True, 'fuel': True, 'restrooms': True, 'diesel': True, 'ethanolFreeGas': False, 'open24Hours': True, 'teslaChargingStation': False, 'propane': True, 'chademoChargingStation': False, 'ccsChargingStation': False}",True,True,"[{'category': 'Unleaded'}, {'category': 'Plus'}, {'category': 'Premium'}, {'category': 'Diesel'}, {'category': 'Super'}]",40.144995,-75.115235,True,True,True,True,False,True,False,False,False,False
265,15,5.22,14 e. germantown pk,24hours,00:00:00,00:00:00,8079,False,"{'address': '14 e. germantown pk', 'city': 'east norriton', 'state': 'PA', 'zip': '19401-1512'}","{'food': True, 'fuel': True, 'restrooms': False, 'diesel': True, 'ethanolFreeGas': False, 'open24Hours': True, 'teslaChargingStation': False, 'propane': True, 'chademoChargingStation': False, 'ccsChargingStation': False}",True,True,"[{'category': 'Unleaded'}, {'category': 'Plus'}, {'category': 'Premium'}, {'category': 'Diesel'}, {'category': 'Super'}]",40.140861,-75.311408,True,True,True,True,False,True,False,True,False,False
266,16,5.23,1139 horsham road,24hours,00:00:00,00:00:00,0148,False,"{'address': '1139 horsham road', 'city': 'horsham', 'state': 'PA', 'zip': '19044'}","{'food': True, 'fuel': True, 'restrooms': True, 'diesel': True, 'ethanolFreeGas': False, 'open24Hours': True, 'teslaChargingStation': False, 'propane': True, 'chademoChargingStation': False, 'ccsChargingStation': False}",True,True,"[{'category': 'Unleaded'}, {'category': 'Plus'}, {'category': 'Premium'}, {'category': 'Diesel'}, {'category': 'Super'}]",40.210803,-75.18524,True,True,True,True,False,True,False,True,True,True
267,19,5.86,593 dekalb pike,24hours,00:00:00,00:00:00,0157,False,"{'address': '593 dekalb pike', 'city': 'north wales', 'state': 'PA', 'zip': '19454-2221'}","{'food': True, 'fuel': True, 'restrooms': True, 'diesel': True, 'ethanolFreeGas': False, 'open24Hours': True, 'teslaChargingStation': True, 'propane': True, 'chademoChargingStation': True, 'ccsChargingStation': True}",True,True,"[{'category': 'Unleaded'}, {'category': 'Plus'}, {'category': 'Premium'}, {'category': 'Diesel'}, {'category': 'Super'}]",40.218872,-75.24664,True,True,True,True,False,True,True,True,False,False
268,20,5.87,412 s. york road,24hours,00:00:00,00:00:00,8122,False,"{'address': '412 s. york road', 'city': 'hatboro', 'state': 'PA', 'zip': '19040'}","{'food': True, 'fuel': True, 'restrooms': False, 'diesel': True, 'ethanolFreeGas': False, 'open24Hours': True, 'teslaChargingStation': False, 'propane': True, 'chademoChargingStation': False, 'ccsChargingStation': False}",True,True,"[{'category': 'Unleaded'}, {'category': 'Plus'}, {'category': 'Premium'}, {'category': 'Diesel'}, {'category': 'Super'}]",40.17161,-75.110444,True,True,True,True,False,True,False,False,False,False
269,21,5.91,1008 bethlehem pike,24hours,00:00:00,00:00:00,8101,False,"{'address': '1008 bethlehem pike', 'city': 'montgomeryville', 'state': 'PA', 'zip': '18936'}","{'food': True, 'fuel': True, 'restrooms': True, 'diesel': True, 'ethanolFreeGas': False, 'open24Hours': True, 'teslaChargingStation': False, 'propane': True, 'chademoChargingStation': False, 'ccsChargingStation': False}",True,True,"[{'category': 'Unleaded'}, {'category': 'Plus'}, {'category': 'Premium'}, {'category': 'Diesel'}, {'category': 'Super'}]",40.222324,-75.232707,True,True,True,True,False,True,False,True,False,False
270,23,6.32,1510 easton road,24hours,00:00:00,00:00:00,0285,False,"{'address': '1510 easton road', 'city': 'horsham', 'state': 'PA', 'zip': '19044'}","{'food': True, 'fuel': True, 'restrooms': True, 'diesel': True, 'ethanolFreeGas': False, 'open24Hours': True, 'teslaChargingStation': False, 'propane': True, 'chademoChargingStation': False, 'ccsChargingStation': False}",True,True,"[{'category': 'Unleaded'}, {'category': 'Plus'}, {'category': 'Premium'}, {'category': 'Diesel'}, {'category': 'Super'}]",40.210006,-75.13856,True,True,True,True,False,True,False,False,False,False
271,24,6.35,710 east walnut street,24hours,00:00:00,00:00:00,0096,False,"{'address': '710 east walnut street', 'city': 'north wales', 'state': 'PA', 'zip': '19454'}","{'food': True, 'fuel': False, 'restrooms': False, 'diesel': False, 'ethanolFreeGas': None, 'open24Hours': True, 'teslaChargingStation': False, 'propane': False, 'chademoChargingStation': False, 'ccsChargingStation': False}",True,True,[],40.216271,-75.27605,True,True,True,True,False,True,False,True,False,False
272,27,7.26,701 w. germantown pike,24hours,00:00:00,00:00:00,0292,False,"{'address': '701 w. germantown pike', 'city': 'norristown', 'state': 'PA', 'zip': '19403-4256'}","{'food': True, 'fuel': True, 'restrooms': True, 'diesel': True, 'ethanolFreeGas': False, 'open24Hours': True, 'teslaChargingStation': False, 'propane': True, 'chademoChargingStation': False, 'ccsChargingStation': False}",True,True,"[{'category': 'Unleaded'}, {'category': 'Plus'}, {'category': 'Premium'}, {'category': 'Diesel'}, {'category': 'Super'}]",40.152857,-75.348815,True,True,True,True,False,True,False,True,False,False
273,28,7.3,550 easton rd,24hours,00:00:00,00:00:00,8117,False,"{'address': '550 easton rd', 'city': 'warrington', 'state': 'PA', 'zip': '18976'}","{'food': True, 'fuel': True, 'restrooms': True, 'diesel': True, 'ethanolFreeGas': False, 'open24Hours': True, 'teslaChargingStation': False, 'propane': False, 'chademoChargingStation': False, 'ccsChargingStation': False}",True,True,"[{'category': 'Unleaded'}, {'category': 'Plus'}, {'category': 'Premium'}, {'category': 'Diesel'}, {'category': 'Super'}]",40.228038,-75.139897,True,False,False,False,,True,False,False,False,False
274,30,7.71,555 west street rd,24hours,00:00:00,00:00:00,8055,False,"{'address': '555 west street rd', 'city': 'ivyland', 'state': 'PA', 'zip': '18974-3212'}","{'food': True, 'fuel': True, 'restrooms': True, 'diesel': True, 'ethanolFreeGas': False, 'open24Hours': True, 'teslaChargingStation': False, 'propane': False, 'chademoChargingStation': False, 'ccsChargingStation': False}",True,True,"[{'category': 'Unleaded'}, {'category': 'Plus'}, {'category': 'Premium'}, {'category': 'Diesel'}, {'category': 'Super'}]",40.20414,-75.094889,True,True,True,True,False,False,False,True,False,False
275,31,7.82,10 davisville road,24hours,00:00:00,00:00:00,0149,False,"{'address': '10 davisville road', 'city': 'warminster', 'state': 'PA', 'zip': '18974-5541'}","{'food': True, 'fuel': True, 'restrooms': True, 'diesel': True, 'ethanolFreeGas': False, 'open24Hours': True, 'teslaChargingStation': False, 'propane': True, 'chademoChargingStation': False, 'ccsChargingStation': False}",True,True,"[{'category': 'Unleaded'}, {'category': 'Plus'}, {'category': 'Premium'}, {'category': 'Diesel'}, {'category': 'Super'}]",40.17174,-75.071299,True,True,True,True,False,True,True,True,False,False
276,35,8.24,1601 valley forge road,24hours,00:00:00,00:00:00,0273,False,"{'address': '1601 valley forge road', 'city': 'lansdale', 'state': 'PA', 'zip': '19446-5450'}","{'food': True, 'fuel': False, 'restrooms': True, 'diesel': False, 'ethanolFreeGas': None, 'open24Hours': True, 'teslaChargingStation': False, 'propane': False, 'chademoChargingStation': False, 'ccsChargingStation': False}",True,True,[],40.228403,-75.314581,True,False,True,False,,True,False,False,False,False
277,39,8.82,1900 n broad street,24hours,00:00:00,00:00:00,8149,False,"{'address': '1900 n broad street', 'city': 'lansdale', 'state': 'PA', 'zip': '19446'}","{'food': True, 'fuel': True, 'restrooms': True, 'diesel': True, 'ethanolFreeGas': False, 'open24Hours': True, 'teslaChargingStation': False, 'propane': True, 'chademoChargingStation': False, 'ccsChargingStation': False}",True,True,"[{'category': 'Unleaded'}, {'category': 'Plus'}, {'category': 'Premium'}, {'category': 'Diesel'}, {'category': 'Super'}]",40.25932,-75.264919,True,True,True,True,False,True,True,False,True,True
278,40,8.96,525 w. butler ave,24hours,00:00:00,00:00:00,8147,False,"{'address': '525 w. butler ave', 'city': 'chalfont', 'state': 'PA', 'zip': '18914'}","{'food': True, 'fuel': True, 'restrooms': True, 'diesel': True, 'ethanolFreeGas': False, 'open24Hours': True, 'teslaChargingStation': False, 'propane': True, 'chademoChargingStation': False, 'ccsChargingStation': False}",True,True,"[{'category': 'Unleaded'}, {'category': 'Plus'}, {'category': 'Premium'}, {'category': 'Diesel'}, {'category': 'Super'}]",40.267231,-75.227873,True,False,True,False,,True,False,False,False,False
279,42,9.34,2540 2544 w main st,24hours,00:00:00,00:00:00,8061,False,"{'address': '2540 2544 w main st', 'city': 'norristown', 'state': 'PA', 'zip': '19403'}","{'food': True, 'fuel': True, 'restrooms': True, 'diesel': True, 'ethanolFreeGas': False, 'open24Hours': True, 'teslaChargingStation': False, 'propane': True, 'chademoChargingStation': False, 'ccsChargingStation': False}",True,True,"[{'category': 'Unleaded'}, {'category': 'Plus'}, {'category': 'Premium'}, {'category': 'Diesel'}, {'category': 'Super'}]",40.141086,-75.389379,True,True,False,True,False,True,False,False,False,False
280,43,9.36,119 bethlehem pk,24hours,00:00:00,00:00:00,8018,False,"{'address': '119 bethlehem pk', 'city': 'colmar', 'state': 'PA', 'zip': '18915-9778'}","{'food': True, 'fuel': True, 'restrooms': True, 'diesel': True, 'ethanolFreeGas': False, 'open24Hours': True, 'teslaChargingStation': False, 'propane': True, 'chademoChargingStation': False, 'ccsChargingStation': False}",True,True,"[{'category': 'Unleaded'}, {'category': 'Plus'}, {'category': 'Premium'}, {'category': 'Diesel'}, {'category': 'Super'}]",40.269737,-75.25497,True,True,True,True,False,True,False,True,False,False
281,49,9.93,196 s gulph road,24hours,00:00:00,00:00:00,0042,False,"{'address': '196 s gulph road', 'city': 'king of prussia', 'state': 'PA', 'zip': '19406'}","{'food': True, 'fuel': False, 'restrooms': False, 'diesel': False, 'ethanolFreeGas': None, 'open24Hours': True, 'teslaChargingStation': False, 'propane': False, 'chademoChargingStation': False, 'ccsChargingStation': False}",True,True,[],40.08469,-75.387148,True,True,True,True,False,True,True,False,False,False
282,4,2.91,151 sugartown rd,24hours,00:00:00,00:00:00,0291,False,"{'address': '151 sugartown rd', 'city': 'strafford', 'state': 'PA', 'zip': '19087'}","{'food': True, 'fuel': False, 'restrooms': False, 'diesel': False, 'ethanolFreeGas': None, 'open24Hours': True, 'teslaChargingStation': False, 'propane': False, 'chademoChargingStation': False, 'ccsChargingStation': False}",True,True,[],40.044899,-75.40524,True,True,True,True,False,True,True,False,False,False
283,5,3.11,705 south trooper road,24hours,00:00:00,00:00:00,8003,False,"{'address': '705 south trooper road', 'city': 'norristown', 'state': 'PA', 'zip': '19403-2310'}","{'food': True, 'fuel': True, 'restrooms': True, 'diesel': True, 'ethanolFreeGas': False, 'open24Hours': True, 'teslaChargingStation': False, 'propane': True, 'chademoChargingStation': False, 'ccsChargingStation': False}",True,True,"[{'category': 'Unleaded'}, {'category': 'Plus'}, {'category': 'Premium'}, {'category': 'Diesel'}, {'category': 'Super'}]",40.127292,-75.405954,True,True,False,True,False,True,False,False,False,False
284,9,4.83,1600 egypt road,24hours,00:00:00,00:00:00,8062,False,"{'address': '1600 egypt road', 'city': 'phoenixville', 'state': 'PA', 'zip': '19460-6100'}","{'food': True, 'fuel': True, 'restrooms': True, 'diesel': True, 'ethanolFreeGas': False, 'open24Hours': True, 'teslaChargingStation': False, 'propane': True, 'chademoChargingStation': False, 'ccsChargingStation': False}",True,True,"[{'category': 'Unleaded'}, {'category': 'Plus'}, {'category': 'Premium'}, {'category': 'Diesel'}, {'category': 'Super'}]",40.134394,-75.451377,True,False,False,False,,True,False,False,False,False
285,14,6.01,52 w. lancaster avenue,24hours,00:00:00,00:00:00,0057,False,"{'address': '52 w. lancaster avenue', 'city': 'paoli', 'state': 'PA', 'zip': '19301'}","{'food': True, 'fuel': False, 'restrooms': True, 'diesel': False, 'ethanolFreeGas': None, 'open24Hours': True, 'teslaChargingStation': False, 'propane': False, 'chademoChargingStation': False, 'ccsChargingStation': False}",True,True,[],40.041515,-75.485852,True,True,True,True,False,True,False,False,False,False
286,16,6.68,50 n newtown street rd,24hours,00:00:00,00:00:00,8086,False,"{'address': '50 n newtown street rd', 'city': 'newtown square', 'state': 'PA', 'zip': '19073'}","{'food': True, 'fuel': False, 'restrooms': True, 'diesel': False, 'ethanolFreeGas': None, 'open24Hours': True, 'teslaChargingStation': False, 'propane': True, 'chademoChargingStation': False, 'ccsChargingStation': False}",True,True,[],39.98875,-75.40264,True,True,True,True,False,True,False,True,True,True
287,18,7.43,1860 south collegeville rd,24hours,00:00:00,00:00:00,8019,False,"{'address': '1860 south collegeville rd', 'city': 'collegeville', 'state': 'PA', 'zip': '19426-3930'}","{'food': True, 'fuel': True, 'restrooms': True, 'diesel': True, 'ethanolFreeGas': False, 'open24Hours': True, 'teslaChargingStation': False, 'propane': True, 'chademoChargingStation': False, 'ccsChargingStation': False}",True,True,"[{'category': 'Unleaded'}, {'category': 'Plus'}, {'category': 'Premium'}, {'category': 'Diesel'}, {'category': 'Super'}]",40.177154,-75.458815,True,True,True,True,False,True,True,False,False,False
288,20,7.63,105 king st (malvern shop),24hours,00:00:00,00:00:00,0236,False,"{'address': '105 king st (malvern shop)', 'city': 'malvern', 'state': 'PA', 'zip': '19355'}","{'food': True, 'fuel': False, 'restrooms': True, 'diesel': False, 'ethanolFreeGas': None, 'open24Hours': True, 'teslaChargingStation': False, 'propane': False, 'chademoChargingStation': False, 'ccsChargingStation': False}",True,True,[],40.035614,-75.51638,True,True,True,True,False,True,False,False,False,False
289,21,7.64,5 matthews road,24hours,00:00:00,00:00:00,0205,False,"{'address': '5 matthews road', 'city': 'malvern', 'state': 'PA', 'zip': '19355-1749'}","{'food': True, 'fuel': True, 'restrooms': True, 'diesel': True, 'ethanolFreeGas': False, 'open24Hours': True, 'teslaChargingStation': True, 'propane': True, 'chademoChargingStation': True, 'ccsChargingStation': True}",True,True,"[{'category': 'Unleaded'}, {'category': 'Plus'}, {'category': 'Premium'}, {'category': 'Diesel'}, {'category': 'Super'}]",40.050612,-75.524571,True,True,True,True,False,True,False,True,False,False
290,23,7.97,605 morehall rd,24hours,00:00:00,00:00:00,8091,False,"{'address': '605 morehall rd', 'city': 'malvern', 'state': 'PA', 'zip': '19355'}","{'food': True, 'fuel': True, 'restrooms': True, 'diesel': True, 'ethanolFreeGas': False, 'open24Hours': True, 'teslaChargingStation': False, 'propane': True, 'chademoChargingStation': False, 'ccsChargingStation': False}",True,True,"[{'category': 'Unleaded'}, {'category': 'Plus'}, {'category': 'Premium'}, {'category': 'Diesel'}, {'category': 'Super'}]",40.066753,-75.535967,True,True,True,True,False,True,False,False,False,False
291,26,8.57,120 schuykill road,24hours,00:00:00,00:00:00,8024,False,"{'address': '120 schuykill road', 'city': 'phoenixville', 'state': 'PA', 'zip': '19460-2232'}","{'food': True, 'fuel': True, 'restrooms': True, 'diesel': True, 'ethanolFreeGas': False, 'open24Hours': True, 'teslaChargingStation': False, 'propane': True, 'chademoChargingStation': False, 'ccsChargingStation': False}",True,True,"[{'category': 'Unleaded'}, {'category': 'Plus'}, {'category': 'Premium'}, {'category': 'Diesel'}, {'category': 'Super'}]",40.132042,-75.536999,True,False,False,False,,True,False,False,False,False
292,34,9.98,4121 skippack pike,24hours,00:00:00,00:00:00,0143,False,"{'address': '4121 skippack pike', 'city': 'schwenksville', 'state': 'PA', 'zip': '19473'}","{'food': True, 'fuel': True, 'restrooms': True, 'diesel': True, 'ethanolFreeGas': False, 'open24Hours': True, 'teslaChargingStation': False, 'propane': True, 'chademoChargingStation': False, 'ccsChargingStation': False}",True,True,"[{'category': 'Unleaded'}, {'category': 'Plus'}, {'category': 'Premium'}, {'category': 'Diesel'}, {'category': 'Super'}]",40.228541,-75.404795,True,False,False,False,,True,False,False,False,False
293,37,10.33,567 lancaster avenue,24hours,00:00:00,00:00:00,0208,False,"{'address': '567 lancaster avenue', 'city': 'malvern', 'state': 'PA', 'zip': '19355-1814'}","{'food': True, 'fuel': True, 'restrooms': True, 'diesel': True, 'ethanolFreeGas': False, 'open24Hours': True, 'teslaChargingStation': False, 'propane': True, 'chademoChargingStation': False, 'ccsChargingStation': False}",True,True,"[{'category': 'Unleaded'}, {'category': 'Plus'}, {'category': 'Premium'}, {'category': 'Diesel'}, {'category': 'Super'}]",40.035876,-75.571785,True,True,True,True,False,True,True,True,False,False
294,38,10.42,1260 n. providence rd,24hours,00:00:00,00:00:00,8114,False,"{'address': '1260 n. providence rd', 'city': 'media', 'state': 'PA', 'zip': '19063'}","{'food': True, 'fuel': True, 'restrooms': True, 'diesel': True, 'ethanolFreeGas': False, 'open24Hours': True, 'teslaChargingStation': False, 'propane': True, 'chademoChargingStation': False, 'ccsChargingStation': False}",True,True,"[{'category': 'Unleaded'}, {'category': 'Plus'}, {'category': 'Premium'}, {'category': 'Diesel'}, {'category': 'Super'}]",39.933951,-75.391168,True,True,True,True,False,True,True,True,False,False
295,39,10.44,1594 paoli pike,24hours,00:00:00,00:00:00,0088,False,"{'address': '1594 paoli pike', 'city': 'west chester', 'state': 'PA', 'zip': '19380-6107'}","{'food': True, 'fuel': False, 'restrooms': False, 'diesel': False, 'ethanolFreeGas': None, 'open24Hours': True, 'teslaChargingStation': False, 'propane': False, 'chademoChargingStation': False, 'ccsChargingStation': False}",True,True,[],39.994199,-75.54522,True,True,True,True,False,True,True,False,True,True
296,42,10.56,934 main street,24hours,00:00:00,00:00:00,0284,False,"{'address': '934 main street', 'city': 'royersford', 'state': 'PA', 'zip': '19468'}","{'food': True, 'fuel': True, 'restrooms': True, 'diesel': True, 'ethanolFreeGas': False, 'open24Hours': True, 'teslaChargingStation': False, 'propane': True, 'chademoChargingStation': False, 'ccsChargingStation': False}",True,True,"[{'category': 'Unleaded'}, {'category': 'Plus'}, {'category': 'Premium'}, {'category': 'Diesel'}, {'category': 'Super'}]",40.192906,-75.52833,True,True,False,True,False,True,False,False,False,False
297,45,10.73,1860 ridge pike,24hours,00:00:00,00:00:00,0141,False,"{'address': '1860 ridge pike', 'city': 'royersford', 'state': 'PA', 'zip': '19468-2819'}","{'food': True, 'fuel': True, 'restrooms': True, 'diesel': True, 'ethanolFreeGas': False, 'open24Hours': True, 'teslaChargingStation': False, 'propane': True, 'chademoChargingStation': False, 'ccsChargingStation': False}",True,True,"[{'category': 'Unleaded'}, {'category': 'Plus'}, {'category': 'Premium'}, {'category': 'Diesel'}, {'category': 'Super'}]",40.214043,-75.49944,True,True,True,True,False,True,False,True,False,False
298,48,10.97,1501 west chester pike,24hours,00:00:00,00:00:00,8045,False,"{'address': '1501 west chester pike', 'city': 'west chester', 'state': 'PA', 'zip': '19382-7753'}","{'food': True, 'fuel': True, 'restrooms': True, 'diesel': True, 'ethanolFreeGas': False, 'open24Hours': True, 'teslaChargingStation': False, 'propane': True, 'chademoChargingStation': False, 'ccsChargingStation': False}",True,True,"[{'category': 'Unleaded'}, {'category': 'Plus'}, {'category': 'Premium'}, {'category': 'Diesel'}, {'category': 'Super'}]",39.967453,-75.526977,True,True,True,True,False,False,False,False,False,False
299,2,2.63,1050 west chester pike,24hours,00:00:00,00:00:00,8068,False,"{'address': '1050 west chester pike', 'city': 'west chester', 'state': 'PA', 'zip': '19382-5003'}","{'food': True, 'fuel': True, 'restrooms': True, 'diesel': True, 'ethanolFreeGas': False, 'open24Hours': True, 'teslaChargingStation': True, 'propane': True, 'chademoChargingStation': False, 'ccsChargingStation': False}",True,True,"[{'category': 'Unleaded'}, {'category': 'Plus'}, {'category': 'Premium'}, {'category': 'Diesel'}, {'category': 'Super'}]",39.96775,-75.57673,True,True,True,True,False,True,True,True,False,False
300,3,3.54,706 east gay street,24hours,00:00:00,00:00:00,0278,False,"{'address': '706 east gay street', 'city': 'west chester', 'state': 'PA', 'zip': '19380-4546'}","{'food': True, 'fuel': True, 'restrooms': True, 'diesel': True, 'ethanolFreeGas': False, 'open24Hours': True, 'teslaChargingStation': False, 'propane': True, 'chademoChargingStation': False, 'ccsChargingStation': False}",True,True,"[{'category': 'Unleaded'}, {'category': 'Plus'}, {'category': 'Premium'}, {'category': 'Diesel'}, {'category': 'Super'}]",39.965266,-75.593791,True,True,True,True,False,True,False,False,False,False
301,4,3.8,2 east rhodes avenue,24hours,00:00:00,00:00:00,0025,False,"{'address': '2 east rhodes avenue', 'city': 'west chester', 'state': 'PA', 'zip': '19382-5520'}","{'food': True, 'fuel': False, 'restrooms': False, 'diesel': False, 'ethanolFreeGas': None, 'open24Hours': True, 'teslaChargingStation': False, 'propane': False, 'chademoChargingStation': False, 'ccsChargingStation': False}",True,True,[],39.943617,-75.591667,True,True,True,True,False,True,True,False,False,False
302,6,4.96,1195 pottstown pike,24hours,00:00:00,00:00:00,0081,False,"{'address': '1195 pottstown pike', 'city': 'west chester', 'state': 'PA', 'zip': '19380-4137'}","{'food': True, 'fuel': True, 'restrooms': True, 'diesel': True, 'ethanolFreeGas': False, 'open24Hours': True, 'teslaChargingStation': False, 'propane': True, 'chademoChargingStation': False, 'ccsChargingStation': False}",True,True,"[{'category': 'Unleaded'}, {'category': 'Plus'}, {'category': 'Premium'}, {'category': 'Diesel'}, {'category': 'Super'}]",39.990756,-75.61559,True,True,True,True,False,True,False,True,False,False
303,7,4.96,1413 wilmington pike,24hours,00:00:00,00:00:00,0298,False,"{'address': '1413 wilmington pike', 'city': 'west chester', 'state': 'PA', 'zip': '19382-8316'}","{'food': True, 'fuel': True, 'restrooms': True, 'diesel': True, 'ethanolFreeGas': False, 'open24Hours': True, 'teslaChargingStation': False, 'propane': True, 'chademoChargingStation': False, 'ccsChargingStation': False}",True,True,"[{'category': 'Unleaded'}, {'category': 'Plus'}, {'category': 'Premium'}, {'category': 'Diesel'}, {'category': 'Super'}]",39.900831,-75.56201,True,True,True,True,False,True,False,True,False,False
304,9,5.38,36 baltimore pike,24hours,00:00:00,00:00:00,0269,False,"{'address': '36 baltimore pike', 'city': 'glen mills', 'state': 'PA', 'zip': '19342-9441'}","{'food': True, 'fuel': True, 'restrooms': True, 'diesel': True, 'ethanolFreeGas': False, 'open24Hours': True, 'teslaChargingStation': False, 'propane': True, 'chademoChargingStation': False, 'ccsChargingStation': False}",True,True,"[{'category': 'Unleaded'}, {'category': 'Plus'}, {'category': 'Premium'}, {'category': 'Diesel'}, {'category': 'Super'}]",39.896461,-75.485462,True,False,False,False,,True,False,False,False,False
305,10,5.55,10 boot road,24hours,00:00:00,00:00:00,0203,False,"{'address': '10 boot road', 'city': 'west chester', 'state': 'PA', 'zip': '19380-2158'}","{'food': True, 'fuel': False, 'restrooms': True, 'diesel': False, 'ethanolFreeGas': None, 'open24Hours': True, 'teslaChargingStation': False, 'propane': True, 'chademoChargingStation': False, 'ccsChargingStation': False}",True,True,[],40.009384,-75.616307,True,True,True,True,False,True,False,True,False,False
306,13,5.85,970 baltimore pike,24hours,00:00:00,00:00:00,0198,False,"{'address': '970 baltimore pike', 'city': 'glen mills', 'state': 'PA', 'zip': '19342'}","{'food': True, 'fuel': True, 'restrooms': True, 'diesel': True, 'ethanolFreeGas': False, 'open24Hours': True, 'teslaChargingStation': True, 'propane': True, 'chademoChargingStation': False, 'ccsChargingStation': False}",True,True,"[{'category': 'Unleaded'}, {'category': 'Plus'}, {'category': 'Premium'}, {'category': 'Diesel'}, {'category': 'Super'}]",39.882932,-75.53483,True,True,True,True,False,True,False,True,False,False
307,14,5.93,1242 w. baltimore pike,24hours,00:00:00,00:00:00,8083,False,"{'address': '1242 w. baltimore pike', 'city': 'media', 'state': 'PA', 'zip': '19063'}","{'food': True, 'fuel': True, 'restrooms': True, 'diesel': True, 'ethanolFreeGas': False, 'open24Hours': True, 'teslaChargingStation': False, 'propane': True, 'chademoChargingStation': False, 'ccsChargingStation': False}",True,True,"[{'category': 'Unleaded'}, {'category': 'Plus'}, {'category': 'Premium'}, {'category': 'Diesel'}, {'category': 'Super'}]",39.910855,-75.442783,True,True,True,True,False,True,False,False,False,False
308,15,6.14,690 east lincoln highway,24hours,00:00:00,00:00:00,8183,False,"{'address': '690 east lincoln highway', 'city': 'exton', 'state': 'PA', 'zip': '19341'}","{'food': True, 'fuel': True, 'restrooms': True, 'diesel': True, 'ethanolFreeGas': False, 'open24Hours': True, 'teslaChargingStation': False, 'propane': False, 'chademoChargingStation': False, 'ccsChargingStation': False}",True,True,"[{'category': 'Unleaded'}, {'category': 'Plus'}, {'category': 'Premium'}, {'category': 'Diesel'}, {'category': 'Super'}]",40.029033,-75.610501,True,True,True,True,False,True,False,True,False,False
309,16,6.24,1073 baltimore pike,24hours,00:00:00,00:00:00,8148,False,"{'address': '1073 baltimore pike', 'city': 'media', 'state': 'PA', 'zip': '19063'}","{'food': True, 'fuel': True, 'restrooms': True, 'diesel': True, 'ethanolFreeGas': False, 'open24Hours': True, 'teslaChargingStation': False, 'propane': True, 'chademoChargingStation': False, 'ccsChargingStation': False}",True,True,"[{'category': 'Unleaded'}, {'category': 'Plus'}, {'category': 'Premium'}, {'category': 'Diesel'}, {'category': 'Super'}]",39.914938,-75.431093,True,True,True,True,False,True,False,True,True,True
310,19,7.43,401 west lincoln hwy,24hours,00:00:00,00:00:00,8161,False,"{'address': '401 west lincoln hwy', 'city': 'exton', 'state': 'PA', 'zip': '19341'}","{'food': True, 'fuel': True, 'restrooms': True, 'diesel': True, 'ethanolFreeGas': False, 'open24Hours': True, 'teslaChargingStation': False, 'propane': False, 'chademoChargingStation': False, 'ccsChargingStation': False}",True,True,"[{'category': 'Unleaded'}, {'category': 'Plus'}, {'category': 'Premium'}, {'category': 'Diesel'}, {'category': 'Super'}]",40.025137,-75.645389,True,True,True,True,False,True,True,True,False,False
311,21,8.14,721 naamans creek road,24hours,00:00:00,00:00:00,0170,False,"{'address': '721 naamans creek road', 'city': 'chadds ford', 'state': 'PA', 'zip': '19317-9030'}","{'food': True, 'fuel': True, 'restrooms': True, 'diesel': True, 'ethanolFreeGas': False, 'open24Hours': True, 'teslaChargingStation': False, 'propane': True, 'chademoChargingStation': False, 'ccsChargingStation': False}",True,True,"[{'category': 'Unleaded'}, {'category': 'Plus'}, {'category': 'Premium'}, {'category': 'Diesel'}, {'category': 'Super'}]",39.84986,-75.536871,True,True,True,True,False,True,False,True,False,False
312,22,8.19,100 east baltimore pike,24hours,00:00:00,00:00:00,0100,False,"{'address': '100 east baltimore pike', 'city': 'media', 'state': 'PA', 'zip': '19063'}","{'food': True, 'fuel': False, 'restrooms': False, 'diesel': False, 'ethanolFreeGas': None, 'open24Hours': True, 'teslaChargingStation': False, 'propane': False, 'chademoChargingStation': False, 'ccsChargingStation': False}",True,True,[],39.916213,-75.387627,True,True,True,True,False,True,False,False,False,False
313,24,8.52,435 e. baltimore ave,24hours,00:00:00,00:00:00,8082,False,"{'address': '435 e. baltimore ave', 'city': 'media', 'state': 'PA', 'zip': '19063'}","{'food': True, 'fuel': True, 'restrooms': True, 'diesel': True, 'ethanolFreeGas': False, 'open24Hours': True, 'teslaChargingStation': False, 'propane': True, 'chademoChargingStation': False, 'ccsChargingStation': False}",True,True,"[{'category': 'Unleaded'}, {'category': 'Plus'}, {'category': 'Premium'}, {'category': 'Diesel'}, {'category': 'Super'}]",39.91579,-75.38101,True,True,True,True,False,True,False,True,False,False
314,25,8.77,1083 east lancaster avenue,24hours,00:00:00,00:00:00,0118,False,"{'address': '1083 east lancaster avenue', 'city': 'downingtown', 'state': 'PA', 'zip': '19335-3329'}","{'food': True, 'fuel': True, 'restrooms': True, 'diesel': True, 'ethanolFreeGas': False, 'open24Hours': True, 'teslaChargingStation': False, 'propane': True, 'chademoChargingStation': False, 'ccsChargingStation': False}",True,True,"[{'category': 'Unleaded'}, {'category': 'Plus'}, {'category': 'Premium'}, {'category': 'Diesel'}, {'category': 'Super'}]",40.019025,-75.678412,True,False,True,False,,True,False,True,False,False
315,26,8.78,750 n. pottstown pike,24hours,00:00:00,00:00:00,0085,False,"{'address': '750 n. pottstown pike', 'city': 'exton', 'state': 'PA', 'zip': '19341-1525'}","{'food': True, 'fuel': True, 'restrooms': True, 'diesel': True, 'ethanolFreeGas': False, 'open24Hours': True, 'teslaChargingStation': False, 'propane': False, 'chademoChargingStation': False, 'ccsChargingStation': False}",True,True,"[{'category': 'Unleaded'}, {'category': 'Plus'}, {'category': 'Premium'}, {'category': 'Diesel'}, {'category': 'Super'}]",40.05509,-75.64716,True,False,False,False,,True,False,False,False,False
316,27,8.82,5008 pennell rd,24hours,00:00:00,00:00:00,8027,False,"{'address': '5008 pennell rd', 'city': 'aston', 'state': 'PA', 'zip': '19014-1868'}","{'food': True, 'fuel': True, 'restrooms': True, 'diesel': True, 'ethanolFreeGas': False, 'open24Hours': True, 'teslaChargingStation': False, 'propane': True, 'chademoChargingStation': False, 'ccsChargingStation': False}",True,True,"[{'category': 'Unleaded'}, {'category': 'Plus'}, {'category': 'Premium'}, {'category': 'Diesel'}, {'category': 'Super'}]",39.86538,-75.42698,True,True,True,True,False,True,False,True,False,False
317,30,9.08,551 west uwchlan ave,24hours,00:00:00,00:00:00,8033,False,"{'address': '551 west uwchlan ave', 'city': 'exton', 'state': 'PA', 'zip': '19341-1563'}","{'food': True, 'fuel': True, 'restrooms': True, 'diesel': True, 'ethanolFreeGas': False, 'open24Hours': True, 'teslaChargingStation': True, 'propane': True, 'chademoChargingStation': False, 'ccsChargingStation': False}",True,True,"[{'category': 'Unleaded'}, {'category': 'Plus'}, {'category': 'Premium'}, {'category': 'Diesel'}, {'category': 'Super'}]",40.047518,-75.66307,True,True,True,True,False,False,False,True,False,False
318,31,9.44,489 conchester hwy,24hours,00:00:00,00:00:00,8059,False,"{'address': '489 conchester hwy', 'city': 'aston', 'state': 'PA', 'zip': '19014-3105'}","{'food': True, 'fuel': True, 'restrooms': True, 'diesel': True, 'ethanolFreeGas': False, 'open24Hours': True, 'teslaChargingStation': True, 'propane': True, 'chademoChargingStation': False, 'ccsChargingStation': False}",True,True,"[{'category': 'Unleaded'}, {'category': 'Plus'}, {'category': 'Premium'}, {'category': 'Diesel'}, {'category': 'Super'}]",39.849276,-75.437411,True,True,True,True,False,True,True,True,False,False
319,32,9.46,4703 edgmont avenue,24hours,00:00:00,00:00:00,8042,False,"{'address': '4703 edgmont avenue', 'city': 'brookhaven', 'state': 'PA', 'zip': '19015'}","{'food': True, 'fuel': True, 'restrooms': True, 'diesel': True, 'ethanolFreeGas': False, 'open24Hours': True, 'teslaChargingStation': False, 'propane': True, 'chademoChargingStation': False, 'ccsChargingStation': False}",True,True,"[{'category': 'Unleaded'}, {'category': 'Plus'}, {'category': 'Premium'}, {'category': 'Diesel'}, {'category': 'Super'}]",39.876699,-75.39336,True,True,True,True,False,True,False,True,False,False
320,33,9.51,100 boot road,24hours,00:00:00,00:00:00,0245,False,"{'address': '100 boot road', 'city': 'downingtown', 'state': 'PA', 'zip': '19335-3445'}","{'food': True, 'fuel': True, 'restrooms': True, 'diesel': True, 'ethanolFreeGas': False, 'open24Hours': True, 'teslaChargingStation': False, 'propane': True, 'chademoChargingStation': False, 'ccsChargingStation': False}",True,True,"[{'category': 'Unleaded'}, {'category': 'Plus'}, {'category': 'Premium'}, {'category': 'Diesel'}, {'category': 'Super'}]",40.000549,-75.701261,True,True,False,True,False,True,False,True,False,False
321,34,9.84,1702 rocky run parkway,24hours,00:00:00,00:00:00,0872,False,"{'address': '1702 rocky run parkway', 'city': 'wilmington', 'state': 'DE', 'zip': '19803'}","{'food': True, 'fuel': True, 'restrooms': True, 'diesel': True, 'ethanolFreeGas': False, 'open24Hours': True, 'teslaChargingStation': False, 'propane': True, 'chademoChargingStation': False, 'ccsChargingStation': False}",True,True,"[{'category': 'Unleaded'}, {'category': 'Plus'}, {'category': 'Premium'}, {'category': 'Diesel'}, {'category': 'Super'}]",39.825722,-75.545548,True,False,False,False,,True,False,False,False,False
322,35,10.21,1800 naamans rd,24hours,00:00:00,00:00:00,0892,False,"{'address': '1800 naamans rd', 'city': 'wilmington', 'state': 'DE', 'zip': '19810'}","{'food': True, 'fuel': True, 'restrooms': False, 'diesel': True, 'ethanolFreeGas': False, 'open24Hours': True, 'teslaChargingStation': False, 'propane': False, 'chademoChargingStation': False, 'ccsChargingStation': False}",True,True,"[{'category': 'Unleaded'}, {'category': 'Plus'}, {'category': 'Premium'}, {'category': 'Diesel'}, {'category': 'Super'}]",39.822517,-75.489197,True,False,True,False,,True,False,False,False,False
323,36,10.46,2608 chichester ave,24hours,00:00:00,00:00:00,8151,False,"{'address': '2608 chichester ave', 'city': 'boothwyn', 'state': 'PA', 'zip': '19061'}","{'food': True, 'fuel': True, 'restrooms': False, 'diesel': True, 'ethanolFreeGas': False, 'open24Hours': True, 'teslaChargingStation': False, 'propane': True, 'chademoChargingStation': False, 'ccsChargingStation': False}",True,True,"[{'category': 'Unleaded'}, {'category': 'Plus'}, {'category': 'Premium'}, {'category': 'Diesel'}, {'category': 'Super'}]",39.83129054,-75.44069916,True,True,True,True,False,True,True,True,False,False
324,39,10.79,901 east baltimore pike,24hours,00:00:00,00:00:00,8015,False,"{'address': '901 east baltimore pike', 'city': 'kennett square', 'state': 'PA', 'zip': '19348-1802'}","{'food': True, 'fuel': True, 'restrooms': True, 'diesel': True, 'ethanolFreeGas': False, 'open24Hours': True, 'teslaChargingStation': True, 'propane': True, 'chademoChargingStation': False, 'ccsChargingStation': False}",True,True,"[{'category': 'Unleaded'}, {'category': 'Plus'}, {'category': 'Premium'}, {'category': 'Diesel'}, {'category': 'Super'}]",39.864005,-75.67945,True,True,True,True,False,True,True,False,True,True
325,40,10.94,4030 concord pike,24hours,00:00:00,00:00:00,0862,False,"{'address': '4030 concord pike', 'city': 'talleyville', 'state': 'DE', 'zip': '19803-1718'}","{'food': True, 'fuel': True, 'restrooms': True, 'diesel': True, 'ethanolFreeGas': False, 'open24Hours': True, 'teslaChargingStation': False, 'propane': True, 'chademoChargingStation': False, 'ccsChargingStation': False}",True,True,"[{'category': 'Unleaded'}, {'category': 'Plus'}, {'category': 'Premium'}, {'category': 'Diesel'}, {'category': 'Super'}]",39.81018,-75.55075,True,False,True,False,,True,False,False,False,False
326,42,11.04,601 naamans rd,24hours,00:00:00,00:00:00,0867,False,"{'address': '601 naamans rd', 'city': 'claymont', 'state': 'DE', 'zip': '19703'}","{'food': True, 'fuel': True, 'restrooms': True, 'diesel': True, 'ethanolFreeGas': False, 'open24Hours': True, 'teslaChargingStation': True, 'propane': True, 'chademoChargingStation': False, 'ccsChargingStation': False}",True,True,"[{'category': 'Unleaded'}, {'category': 'Plus'}, {'category': 'Premium'}, {'category': 'Diesel'}, {'category': 'Super'}]",39.817336,-75.455642,True,True,False,True,False,True,False,False,False,False
327,43,11.21,1800 ticonderoga boulevard,24hours,00:00:00,00:00:00,0201,False,"{'address': '1800 ticonderoga boulevard', 'city': 'chester springs', 'state': 'PA', 'zip': '19425-9542'}","{'food': True, 'fuel': True, 'restrooms': True, 'diesel': True, 'ethanolFreeGas': False, 'open24Hours': True, 'teslaChargingStation': True, 'propane': True, 'chademoChargingStation': False, 'ccsChargingStation': False}",True,True,"[{'category': 'Unleaded'}, {'category': 'Plus'}, {'category': 'Premium'}, {'category': 'Diesel'}, {'category': 'Super'}]",40.074729,-75.685907,True,True,True,True,False,True,False,True,False,False
328,44,11.23,510 fairview road,24hours,00:00:00,00:00:00,0035,False,"{'address': '510 fairview road', 'city': 'woodlyn', 'state': 'PA', 'zip': '19094'}","{'food': True, 'fuel': False, 'restrooms': False, 'diesel': False, 'ethanolFreeGas': None, 'open24Hours': True, 'teslaChargingStation': False, 'propane': False, 'chademoChargingStation': False, 'ccsChargingStation': False}",True,True,[],39.882717,-75.34609,True,True,True,True,False,True,False,True,False,False
329,45,11.28,1439 market street,24hours,00:00:00,00:00:00,0007,False,"{'address': '1439 market street', 'city': 'linwood', 'state': 'PA', 'zip': '19061-4357'}","{'food': True, 'fuel': False, 'restrooms': False, 'diesel': False, 'ethanolFreeGas': None, 'open24Hours': True, 'teslaChargingStation': False, 'propane': False, 'chademoChargingStation': False, 'ccsChargingStation': False}",False,True,[],39.825761,-75.42134,True,True,True,True,False,True,False,True,False,False
330,48,11.4,1920 w macdade blvd,24hours,00:00:00,00:00:00,8166,False,"{'address': '1920 w macdade blvd', 'city': 'woodlyn', 'state': 'PA', 'zip': '19094'}","{'food': True, 'fuel': True, 'restrooms': True, 'diesel': True, 'ethanolFreeGas': False, 'open24Hours': True, 'teslaChargingStation': False, 'propane': False, 'chademoChargingStation': False, 'ccsChargingStation': False}",True,True,"[{'category': 'Unleaded'}, {'category': 'Plus'}, {'category': 'Premium'}, {'category': 'Diesel'}, {'category': 'Super'}]",39.870313,-75.353072,True,True,True,True,False,False,False,False,False,False
331,49,11.43,21 kedron avenue,24hours,00:00:00,00:00:00,0178,False,"{'address': '21 kedron avenue', 'city': 'morton', 'state': 'PA', 'zip': '19070'}","{'food': True, 'fuel': False, 'restrooms': False, 'diesel': False, 'ethanolFreeGas': None, 'open24Hours': True, 'teslaChargingStation': False, 'propane': False, 'chademoChargingStation': False, 'ccsChargingStation': False}",True,True,[],39.907376,-75.32599,True,True,True,True,False,True,True,False,False,False
332,1,1.0,1730 macdade blvd,24hours,00:00:00,00:00:00,8081,False,"{'address': '1730 macdade blvd', 'city': 'folsom', 'state': 'PA', 'zip': '19033-1314'}","{'food': True, 'fuel': True, 'restrooms': True, 'diesel': True, 'ethanolFreeGas': False, 'open24Hours': True, 'teslaChargingStation': False, 'propane': True, 'chademoChargingStation': False, 'ccsChargingStation': False}",True,True,"[{'category': 'Unleaded'}, {'category': 'Plus'}, {'category': 'Premium'}, {'category': 'Diesel'}, {'category': 'Super'}]",39.8952,-75.315651,True,True,True,True,False,True,False,True,False,False
333,2,1.16,2306 macdade blvd,24hours,00:00:00,00:00:00,0239,False,"{'address': '2306 macdade blvd', 'city': 'holmes', 'state': 'PA', 'zip': '19043-1501'}","{'food': True, 'fuel': False, 'restrooms': False, 'diesel': False, 'ethanolFreeGas': None, 'open24Hours': True, 'teslaChargingStation': False, 'propane': False, 'chademoChargingStation': False, 'ccsChargingStation': False}",True,True,[],39.898275,-75.30771,True,True,True,True,False,True,True,True,False,False
334,5,1.65,111 morton avenue,24hours,00:00:00,00:00:00,8048,False,"{'address': '111 morton avenue', 'city': 'folsom', 'state': 'PA', 'zip': '19033'}","{'food': True, 'fuel': True, 'restrooms': True, 'diesel': True, 'ethanolFreeGas': False, 'open24Hours': True, 'teslaChargingStation': False, 'propane': True, 'chademoChargingStation': False, 'ccsChargingStation': False}",True,True,"[{'category': 'Unleaded'}, {'category': 'Plus'}, {'category': 'Premium'}, {'category': 'Diesel'}, {'category': 'Super'}]",39.883658,-75.329935,True,True,False,True,False,True,False,False,False,False
335,9,2.13,390 e. chester pike,24hours,00:00:00,00:00:00,8133,False,"{'address': '390 e. chester pike', 'city': 'ridley park', 'state': 'PA', 'zip': '19078'}","{'food': True, 'fuel': True, 'restrooms': True, 'diesel': True, 'ethanolFreeGas': False, 'open24Hours': True, 'teslaChargingStation': False, 'propane': True, 'chademoChargingStation': False, 'ccsChargingStation': False}",True,True,"[{'category': 'Unleaded'}, {'category': 'Plus'}, {'category': 'Premium'}, {'category': 'Diesel'}, {'category': 'Super'}]",39.877323,-75.317217,True,False,False,False,,True,False,False,False,False
336,17,3.29,600 s. governor printz blvd.,24hours,00:00:00,00:00:00,0254,False,"{'address': '600 s. governor printz blvd.', 'city': 'essington', 'state': 'PA', 'zip': '19029-1330'}","{'food': True, 'fuel': False, 'restrooms': True, 'diesel': False, 'ethanolFreeGas': None, 'open24Hours': True, 'teslaChargingStation': False, 'propane': False, 'chademoChargingStation': False, 'ccsChargingStation': False}",True,True,[],39.866481,-75.294071,True,False,False,False,,True,False,False,False,False
337,25,4.59,8220 west bartram ave,24hours,00:00:00,00:00:00,8053,False,"{'address': '8220 west bartram ave', 'city': 'philadelphia', 'state': 'PA', 'zip': '19153'}","{'food': True, 'fuel': True, 'restrooms': True, 'diesel': True, 'ethanolFreeGas': False, 'open24Hours': True, 'teslaChargingStation': False, 'propane': True, 'chademoChargingStation': False, 'ccsChargingStation': False}",True,True,"[{'category': 'Unleaded'}, {'category': 'Plus'}, {'category': 'Premium'}, {'category': 'Diesel'}, {'category': 'Super'}]",39.891314,-75.241963,True,False,True,False,,True,False,True,False,False
338,38,7.44,51 berkley rd,24hours,00:00:00,00:00:00,8305,False,"{'address': '51 berkley rd', 'city': 'paulsboro', 'state': 'NJ', 'zip': '08066'}","{'food': True, 'fuel': True, 'restrooms': True, 'diesel': True, 'ethanolFreeGas': False, 'open24Hours': True, 'teslaChargingStation': True, 'propane': True, 'chademoChargingStation': False, 'ccsChargingStation': False}",True,True,"[{'category': 'Unleaded'}, {'category': 'Plus'}, {'category': 'Premium'}, {'category': 'Diesel'}, {'category': 'Super'}, {'category': 'CNG'}]",39.822019,-75.240365,True,True,True,True,False,True,True,True,False,False
339,46,8.36,2971 route 322,24hours,00:00:00,00:00:00,8704,False,"{'address': '2971 route 322', 'city': 'swedesboro', 'state': 'NJ', 'zip': '08085'}","{'food': True, 'fuel': True, 'restrooms': False, 'diesel': True, 'ethanolFreeGas': False, 'open24Hours': True, 'teslaChargingStation': True, 'propane': False, 'chademoChargingStation': False, 'ccsChargingStation': False}",True,True,"[{'category': 'Unleaded'}, {'category': 'Plus'}, {'category': 'Premium'}, {'category': 'Diesel'}, {'category': 'Super'}]",39.786871,-75.341026,True,True,True,True,False,True,False,True,False,False
340,1,2.14,1700 center square road,24hours,00:00:00,00:00:00,0961,False,"{'address': '1700 center square road', 'city': 'swedesboro', 'state': 'NJ', 'zip': '08085-1797'}","{'food': True, 'fuel': True, 'restrooms': True, 'diesel': True, 'ethanolFreeGas': False, 'open24Hours': True, 'teslaChargingStation': True, 'propane': True, 'chademoChargingStation': False, 'ccsChargingStation': False}",True,True,"[{'category': 'Unleaded'}, {'category': 'Plus'}, {'category': 'Premium'}, {'category': 'Diesel'}, {'category': 'Super'}]",39.75947,-75.36001,True,True,True,True,False,True,False,True,False,False
341,2,2.68,123 paulsboro rd,24hours,00:00:00,00:00:00,0974,False,"{'address': '123 paulsboro rd', 'city': 'swedesboro', 'state': 'NJ', 'zip': '08085-1363'}","{'food': True, 'fuel': True, 'restrooms': True, 'diesel': True, 'ethanolFreeGas': False, 'open24Hours': True, 'teslaChargingStation': True, 'propane': True, 'chademoChargingStation': False, 'ccsChargingStation': False}",True,True,"[{'category': 'Unleaded'}, {'category': 'Plus'}, {'category': 'Premium'}, {'category': 'Diesel'}, {'category': 'Super'}]",39.760456,-75.30401,True,True,True,True,False,True,True,True,False,False
342,4,5.77,301 ridge road,18hours,05:00:00,22:00:00,0816,False,"{'address': '301 ridge road', 'city': 'claymont', 'state': 'DE', 'zip': '19703'}","{'food': True, 'fuel': False, 'restrooms': False, 'diesel': False, 'ethanolFreeGas': None, 'open24Hours': False, 'teslaChargingStation': False, 'propane': False, 'chademoChargingStation': False, 'ccsChargingStation': False}",True,True,[],39.812716,-75.4444,True,True,True,True,False,True,True,False,False,False
343,15,6.81,2621 philadelphia pike,24hours,00:00:00,00:00:00,0854,False,"{'address': '2621 philadelphia pike', 'city': 'claymont', 'state': 'DE', 'zip': '19703'}","{'food': True, 'fuel': True, 'restrooms': True, 'diesel': True, 'ethanolFreeGas': False, 'open24Hours': True, 'teslaChargingStation': True, 'propane': True, 'chademoChargingStation': True, 'ccsChargingStation': True}",True,True,"[{'category': 'Unleaded'}, {'category': 'Plus'}, {'category': 'Premium'}, {'category': 'Diesel'}, {'category': 'Super'}]",39.794283,-75.468955,True,True,True,True,False,True,False,True,False,False
344,18,7.76,1 n. virginia ave,24hours,00:00:00,00:00:00,8466,False,"{'address': '1 n. virginia ave', 'city': 'penns grove', 'state': 'NJ', 'zip': '08069'}","{'food': True, 'fuel': True, 'restrooms': True, 'diesel': True, 'ethanolFreeGas': False, 'open24Hours': True, 'teslaChargingStation': False, 'propane': False, 'chademoChargingStation': False, 'ccsChargingStation': False}",True,True,"[{'category': 'Unleaded'}, {'category': 'Plus'}, {'category': 'Premium'}, {'category': 'Diesel'}, {'category': 'Super'}]",39.726187,-75.463849,True,True,True,True,False,True,True,False,False,False
345,23,8.51,727 philadelphia pike,18hours,05:00:00,23:00:00,0801,False,"{'address': '727 philadelphia pike', 'city': 'wilmington', 'state': 'DE', 'zip': '19809'}","{'food': True, 'fuel': False, 'restrooms': True, 'diesel': False, 'ethanolFreeGas': None, 'open24Hours': False, 'teslaChargingStation': False, 'propane': False, 'chademoChargingStation': False, 'ccsChargingStation': False}",True,True,[],39.771302,-75.49998,True,True,True,True,False,True,False,False,False,False
346,34,9.8,896 rte  45,24hours,00:00:00,00:00:00,0459,False,"{'address': '896 rte  45', 'city': 'woodstown', 'state': 'NJ', 'zip': '08098'}","{'food': True, 'fuel': True, 'restrooms': True, 'diesel': True, 'ethanolFreeGas': False, 'open24Hours': True, 'teslaChargingStation': False, 'propane': True, 'chademoChargingStation': False, 'ccsChargingStation': False}",True,True,"[{'category': 'Unleaded'}, {'category': 'Plus'}, {'category': 'Premium'}, {'category': 'Diesel'}, {'category': 'Super'}]",39.645033,-75.33774,True,False,False,False,,True,False,False,False,False
347,39,10.2,400 wilson road,24hours,00:00:00,00:00:00,0811,False,"{'address': '400 wilson road', 'city': 'wilmington', 'state': 'DE', 'zip': '19803'}","{'food': True, 'fuel': False, 'restrooms': False, 'diesel': False, 'ethanolFreeGas': None, 'open24Hours': True, 'teslaChargingStation': False, 'propane': False, 'chademoChargingStation': False, 'ccsChargingStation': False}",True,True,[],39.788766,-75.53316,True,True,True,True,False,True,True,False,True,True
348,47,11.14,418 n broadway,24hours,00:00:00,00:00:00,8332,False,"{'address': '418 n broadway', 'city': 'pennsville', 'state': 'NJ', 'zip': '08070'}","{'food': True, 'fuel': True, 'restrooms': True, 'diesel': True, 'ethanolFreeGas': False, 'open24Hours': True, 'teslaChargingStation': False, 'propane': True, 'chademoChargingStation': False, 'ccsChargingStation': False}",True,True,"[{'category': 'Unleaded'}, {'category': 'Plus'}, {'category': 'Premium'}, {'category': 'Diesel'}, {'category': 'Super'}]",39.677161,-75.494581,True,True,True,True,False,True,False,True,False,False
349,1,2.77,2 carroll avenue,24hours,00:00:00,00:00:00,0750,False,"{'address': '2 carroll avenue', 'city': 'pennsville', 'state': 'NJ', 'zip': '08070-2130'}","{'food': True, 'fuel': False, 'restrooms': True, 'diesel': False, 'ethanolFreeGas': None, 'open24Hours': True, 'teslaChargingStation': False, 'propane': False, 'chademoChargingStation': False, 'ccsChargingStation': False}",True,True,[],39.640672,-75.516367,True,True,True,True,False,True,False,True,False,False
350,3,4.25,4000 n. dupont hwy. (motor inn,18hours,05:00:00,22:00:00,0840,False,"{'address': '4000 n. dupont hwy. (motor inn', 'city': 'new castle', 'state': 'DE', 'zip': '19720'}","{'food': True, 'fuel': True, 'restrooms': True, 'diesel': True, 'ethanolFreeGas': False, 'open24Hours': False, 'teslaChargingStation': True, 'propane': True, 'chademoChargingStation': True, 'ccsChargingStation': True}",True,True,"[{'category': 'Unleaded'}, {'category': 'Plus'}, {'category': 'Premium'}, {'category': 'Diesel'}, {'category': 'Super'}]",39.709741,-75.562401,True,True,True,True,False,True,False,False,False,False
351,4,4.7,1515 north dupont highway,24hours,00:00:00,00:00:00,0852,False,"{'address': '1515 north dupont highway', 'city': 'new castle', 'state': 'DE', 'zip': '19720'}","{'food': True, 'fuel': True, 'restrooms': True, 'diesel': True, 'ethanolFreeGas': False, 'open24Hours': True, 'teslaChargingStation': False, 'propane': True, 'chademoChargingStation': False, 'ccsChargingStation': False}",True,True,"[{'category': 'Unleaded'}, {'category': 'Plus'}, {'category': 'Premium'}, {'category': 'Diesel'}, {'category': 'Super'}]",39.692757,-75.580528,True,True,True,True,False,True,True,False,False,False
352,5,5.67,7  e. commons blvd,24hours,00:00:00,00:00:00,0863,False,"{'address': '7  e. commons blvd', 'city': 'new castle', 'state': 'DE', 'zip': '19720-1734'}","{'food': True, 'fuel': True, 'restrooms': True, 'diesel': True, 'ethanolFreeGas': False, 'open24Hours': True, 'teslaChargingStation': False, 'propane': True, 'chademoChargingStation': False, 'ccsChargingStation': False}",True,True,"[{'category': 'Unleaded'}, {'category': 'Plus'}, {'category': 'Premium'}, {'category': 'Diesel'}, {'category': 'Super'}]",39.69444,-75.598866,True,True,False,True,False,True,False,False,False,False
353,6,6.12,117 s. dupont hwy,24hours,00:00:00,00:00:00,0866,False,"{'address': '117 s. dupont hwy', 'city': 'new castle', 'state': 'DE', 'zip': '19720'}","{'food': True, 'fuel': True, 'restrooms': True, 'diesel': True, 'ethanolFreeGas': False, 'open24Hours': True, 'teslaChargingStation': False, 'propane': True, 'chademoChargingStation': False, 'ccsChargingStation': False}",True,True,"[{'category': 'Unleaded'}, {'category': 'Plus'}, {'category': 'Premium'}, {'category': 'Diesel'}, {'category': 'Super'}]",39.663394,-75.608339,True,True,True,True,False,True,False,True,False,False
354,8,7.02,915 new road,24hours,00:00:00,00:00:00,0810,False,"{'address': '915 new road', 'city': 'wilmington', 'state': 'DE', 'zip': '19805'}","{'food': True, 'fuel': False, 'restrooms': False, 'diesel': False, 'ethanolFreeGas': None, 'open24Hours': True, 'teslaChargingStation': False, 'propane': False, 'chademoChargingStation': False, 'ccsChargingStation': False}",True,True,[],39.739932,-75.598422,True,False,False,False,,True,False,False,False,False
355,9,7.06,183 airport road,24hours,00:00:00,00:00:00,0841,False,"{'address': '183 airport road', 'city': 'new castle', 'state': 'DE', 'zip': '19720'}","{'food': True, 'fuel': True, 'restrooms': True, 'diesel': True, 'ethanolFreeGas': False, 'open24Hours': True, 'teslaChargingStation': True, 'propane': True, 'chademoChargingStation': False, 'ccsChargingStation': False}",True,True,"[{'category': 'Unleaded'}, {'category': 'Plus'}, {'category': 'Premium'}, {'category': 'Diesel'}, {'category': 'Super'}]",39.676692,-75.627413,True,False,False,False,,True,False,False,False,False
356,10,7.42,1400  beaver brook plaza,24hours,00:00:00,00:00:00,0857,False,"{'address': '1400  beaver brook plaza', 'city': 'new castle', 'state': 'DE', 'zip': '19720'}","{'food': True, 'fuel': True, 'restrooms': True, 'diesel': True, 'ethanolFreeGas': False, 'open24Hours': True, 'teslaChargingStation': False, 'propane': True, 'chademoChargingStation': False, 'ccsChargingStation': False}",True,True,"[{'category': 'Unleaded'}, {'category': 'Plus'}, {'category': 'Premium'}, {'category': 'Diesel'}, {'category': 'Super'}]",39.64128,-75.62612,True,True,True,True,False,True,False,True,False,False
357,15,9.15,2030 limestone rd,24hours,00:00:00,00:00:00,0858,False,"{'address': '2030 limestone rd', 'city': 'marshallton', 'state': 'DE', 'zip': '19808'}","{'food': True, 'fuel': True, 'restrooms': True, 'diesel': True, 'ethanolFreeGas': False, 'open24Hours': True, 'teslaChargingStation': True, 'propane': False, 'chademoChargingStation': False, 'ccsChargingStation': False}",True,True,"[{'category': 'Unleaded'}, {'category': 'Plus'}, {'category': 'Premium'}, {'category': 'Diesel'}, {'category': 'Super'}]",39.721268,-75.656802,True,True,True,True,False,True,False,True,False,False
358,16,9.22,970 christiana byp,24hours,00:00:00,00:00:00,0873,False,"{'address': '970 christiana byp', 'city': 'newark', 'state': 'DE', 'zip': '19702'}","{'food': True, 'fuel': True, 'restrooms': False, 'diesel': True, 'ethanolFreeGas': False, 'open24Hours': True, 'teslaChargingStation': True, 'propane': True, 'chademoChargingStation': False, 'ccsChargingStation': False}",True,True,"[{'category': 'Unleaded'}, {'category': 'Plus'}, {'category': 'Premium'}, {'category': 'Diesel'}, {'category': 'Super'}]",39.666566,-75.667369,True,True,True,True,False,True,False,True,True,True
359,17,9.35,1100 pulaski highway,24hours,00:00:00,00:00:00,0823,False,"{'address': '1100 pulaski highway', 'city': 'bear', 'state': 'DE', 'zip': '19701'}","{'food': True, 'fuel': False, 'restrooms': True, 'diesel': False, 'ethanolFreeGas': None, 'open24Hours': True, 'teslaChargingStation': True, 'propane': True, 'chademoChargingStation': False, 'ccsChargingStation': False}",False,True,[],39.632016,-75.660327,True,False,False,False,,True,False,False,False,False
360,20,9.78,4651 ogletown stanton rd,24hours,00:00:00,00:00:00,0868,False,"{'address': '4651 ogletown stanton rd', 'city': 'newark', 'state': 'DE', 'zip': '19713'}","{'food': True, 'fuel': True, 'restrooms': True, 'diesel': True, 'ethanolFreeGas': False, 'open24Hours': True, 'teslaChargingStation': False, 'propane': True, 'chademoChargingStation': False, 'ccsChargingStation': False}",True,True,"[{'category': 'Unleaded'}, {'category': 'Plus'}, {'category': 'Premium'}, {'category': 'Diesel'}, {'category': 'Super'}]",39.6867,-75.6781,True,True,True,True,False,True,False,False,False,False
361,26,11.07,1750 capitol trail,24hours,00:00:00,00:00:00,0861,False,"{'address': '1750 capitol trail', 'city': 'newark', 'state': 'DE', 'zip': '19711-5720'}","{'food': True, 'fuel': True, 'restrooms': True, 'diesel': True, 'ethanolFreeGas': False, 'open24Hours': True, 'teslaChargingStation': False, 'propane': False, 'chademoChargingStation': False, 'ccsChargingStation': False}",True,True,"[{'category': 'Unleaded'}, {'category': 'Plus'}, {'category': 'Premium'}, {'category': 'Diesel'}, {'category': 'Super'}]",39.700005,-75.700613,True,False,False,False,,True,False,False,False,False
362,28,11.19,4555 new linden hill road,24hours,00:00:00,00:00:00,0831,False,"{'address': '4555 new linden hill road', 'city': 'wilmington', 'state': 'DE', 'zip': '19808'}","{'food': True, 'fuel': False, 'restrooms': False, 'diesel': False, 'ethanolFreeGas': None, 'open24Hours': True, 'teslaChargingStation': False, 'propane': False, 'chademoChargingStation': False, 'ccsChargingStation': False}",True,True,[],39.735133,-75.69122,True,False,False,False,,True,False,False,False,False
363,29,11.36,1605 pulaski highway,24hours,00:00:00,00:00:00,0844,False,"{'address': '1605 pulaski highway', 'city': 'bear', 'state': 'DE', 'zip': '19701'}","{'food': True, 'fuel': True, 'restrooms': True, 'diesel': True, 'ethanolFreeGas': False, 'open24Hours': True, 'teslaChargingStation': False, 'propane': False, 'chademoChargingStation': False, 'ccsChargingStation': False}",True,True,"[{'category': 'Unleaded'}, {'category': 'Plus'}, {'category': 'Premium'}, {'category': 'Diesel'}, {'category': 'Super'}]",39.619575,-75.694568,True,True,True,True,False,True,False,True,False,False
364,31,11.94,3601 wrangle hill rd,24hours,00:00:00,00:00:00,0870,False,"{'address': '3601 wrangle hill rd', 'city': 'bear', 'state': 'DE', 'zip': '19701'}","{'food': True, 'fuel': True, 'restrooms': True, 'diesel': True, 'ethanolFreeGas': False, 'open24Hours': True, 'teslaChargingStation': False, 'propane': True, 'chademoChargingStation': False, 'ccsChargingStation': False}",True,True,"[{'category': 'Unleaded'}, {'category': 'Plus'}, {'category': 'Premium'}, {'category': 'Diesel'}, {'category': 'Super'}]",39.584893,-75.68422,True,True,True,True,False,True,True,True,False,False
365,34,12.7,601 ogletown road,24hours,00:00:00,00:00:00,0860,False,"{'address': '601 ogletown road', 'city': 'newark', 'state': 'DE', 'zip': '19711'}","{'food': True, 'fuel': True, 'restrooms': True, 'diesel': True, 'ethanolFreeGas': False, 'open24Hours': True, 'teslaChargingStation': False, 'propane': True, 'chademoChargingStation': False, 'ccsChargingStation': False}",True,True,"[{'category': 'Unleaded'}, {'category': 'Plus'}, {'category': 'Premium'}, {'category': 'Diesel'}, {'category': 'Super'}]",39.68489,-75.73322,True,False,False,False,,True,False,False,False,False
366,35,12.86,274 east chestnut hill road,24hours,00:00:00,00:00:00,0819,False,"{'address': '274 east chestnut hill road', 'city': 'newark', 'state': 'DE', 'zip': '19713'}","{'food': True, 'fuel': False, 'restrooms': True, 'diesel': False, 'ethanolFreeGas': None, 'open24Hours': True, 'teslaChargingStation': True, 'propane': False, 'chademoChargingStation': False, 'ccsChargingStation': False}",True,True,[],39.662455,-75.7356,True,False,True,False,,True,False,False,False,False
367,36,13.24,7440 lancaster pike,24hours,00:00:00,00:00:00,0842,False,"{'address': '7440 lancaster pike', 'city': 'hockessin', 'state': 'DE', 'zip': '19707'}","{'food': True, 'fuel': False, 'restrooms': True, 'diesel': False, 'ethanolFreeGas': None, 'open24Hours': True, 'teslaChargingStation': False, 'propane': True, 'chademoChargingStation': False, 'ccsChargingStation': False}",True,True,[],39.788657,-75.697324,True,True,True,True,False,True,True,True,False,False
368,38,14.02,120 corporate blvd,24hours,00:00:00,00:00:00,0880,False,"{'address': '120 corporate blvd', 'city': 'newark', 'state': 'DE', 'zip': '19702'}","{'food': True, 'fuel': True, 'restrooms': True, 'diesel': True, 'ethanolFreeGas': False, 'open24Hours': True, 'teslaChargingStation': True, 'propane': False, 'chademoChargingStation': False, 'ccsChargingStation': False}",True,True,"[{'category': 'Unleaded'}, {'category': 'Plus'}, {'category': 'Premium'}, {'category': 'Diesel'}, {'category': 'Super'}, {'category': 'Special'}, {'category': 'Ultra'}]",39.61656449,-75.74599409,True,True,True,True,False,True,True,True,False,False
369,40,14.71,2398 dupont parkway,24hours,00:00:00,00:00:00,0828,False,"{'address': '2398 dupont parkway', 'city': 'middletown', 'state': 'DE', 'zip': '19709'}","{'food': True, 'fuel': False, 'restrooms': True, 'diesel': False, 'ethanolFreeGas': None, 'open24Hours': True, 'teslaChargingStation': False, 'propane': False, 'chademoChargingStation': False, 'ccsChargingStation': False}",True,True,[],39.500383,-75.6486,True,False,True,False,,True,False,False,False,False
370,41,14.74,759 rt. 40,24hours,00:00:00,00:00:00,0446,False,"{'address': '759 rt. 40', 'city': 'elmer', 'state': 'NJ', 'zip': '08318'}","{'food': True, 'fuel': False, 'restrooms': False, 'diesel': False, 'ethanolFreeGas': None, 'open24Hours': True, 'teslaChargingStation': False, 'propane': False, 'chademoChargingStation': False, 'ccsChargingStation': False}",True,True,[],39.616437,-75.229078,True,False,False,False,,True,False,False,False,False
371,43,15.15,2748-54 pulaski hwy.,24hours,00:00:00,00:00:00,0850,False,"{'address': '2748-54 pulaski hwy.', 'city': 'newark', 'state': 'DE', 'zip': '19702'}","{'food': True, 'fuel': True, 'restrooms': True, 'diesel': True, 'ethanolFreeGas': False, 'open24Hours': True, 'teslaChargingStation': False, 'propane': False, 'chademoChargingStation': False, 'ccsChargingStation': False}",True,True,"[{'category': 'Unleaded'}, {'category': 'Plus'}, {'category': 'Premium'}, {'category': 'Diesel'}, {'category': 'Super'}]",39.602471,-75.76222,True,True,True,True,False,True,False,True,False,False
372,46,15.84,1657 elkton road,24hours,00:00:00,00:00:00,0547,False,"{'address': '1657 elkton road', 'city': 'elkton', 'state': 'MD', 'zip': '21921-4129'}","{'food': True, 'fuel': True, 'restrooms': True, 'diesel': True, 'ethanolFreeGas': False, 'open24Hours': True, 'teslaChargingStation': False, 'propane': True, 'chademoChargingStation': False, 'ccsChargingStation': False}",True,True,"[{'category': 'Unleaded'}, {'category': 'Plus'}, {'category': 'Premium'}, {'category': 'Diesel'}, {'category': 'Super'}]",39.653315,-75.790826,True,True,True,True,False,True,False,True,False,False
373,5,4.34,302 w. pulaski highway,24hours,00:00:00,00:00:00,8512,False,"{'address': '302 w. pulaski highway', 'city': 'elkton', 'state': 'MD', 'zip': '21921-5279'}","{'food': True, 'fuel': True, 'restrooms': True, 'diesel': True, 'ethanolFreeGas': False, 'open24Hours': True, 'teslaChargingStation': False, 'propane': True, 'chademoChargingStation': False, 'ccsChargingStation': False}",True,True,"[{'category': 'Unleaded'}, {'category': 'Plus'}, {'category': 'Premium'}, {'category': 'Diesel'}, {'category': 'Super'}]",39.60336,-75.84034,True,True,False,True,False,True,False,False,False,False
374,13,7.94,2031 pulaski highway,24hours,00:00:00,00:00:00,0585,False,"{'address': '2031 pulaski highway', 'city': 'north east', 'state': 'MD', 'zip': '21901-3740'}","{'food': True, 'fuel': True, 'restrooms': True, 'diesel': True, 'ethanolFreeGas': False, 'open24Hours': True, 'teslaChargingStation': True, 'propane': True, 'chademoChargingStation': False, 'ccsChargingStation': False}",True,True,"[{'category': 'Unleaded'}, {'category': 'Plus'}, {'category': 'Premium'}, {'category': 'Diesel'}, {'category': 'Super'}]",39.613053,-75.93051,True,True,True,True,False,True,False,True,False,False
375,22,12.52,5018 summit bridge road,24hours,00:00:00,00:00:00,0879,False,"{'address': '5018 summit bridge road', 'city': 'middletown', 'state': 'DE', 'zip': '19709'}","{'food': True, 'fuel': True, 'restrooms': True, 'diesel': True, 'ethanolFreeGas': False, 'open24Hours': True, 'teslaChargingStation': True, 'propane': True, 'chademoChargingStation': False, 'ccsChargingStation': False}",True,True,"[{'category': 'Unleaded'}, {'category': 'Plus'}, {'category': 'Premium'}, {'category': 'Diesel'}, {'category': 'Super'}]",39.48046108,-75.72021499,True,True,True,True,False,True,False,False,False,False
376,23,12.54,761 gap newport pike,24hours,00:00:00,00:00:00,0160,False,"{'address': '761 gap newport pike', 'city': 'avondale', 'state': 'PA', 'zip': '19311-9545'}","{'food': True, 'fuel': True, 'restrooms': True, 'diesel': True, 'ethanolFreeGas': False, 'open24Hours': True, 'teslaChargingStation': False, 'propane': False, 'chademoChargingStation': False, 'ccsChargingStation': False}",True,True,"[{'category': 'Unleaded'}, {'category': 'Plus'}, {'category': 'Premium'}, {'category': 'Diesel'}, {'category': 'Super'}]",39.834773,-75.79533,True,True,True,True,False,True,False,False,False,False
377,26,13.78,504 west cypress st,24hours,00:00:00,00:00:00,0034,False,"{'address': '504 west cypress st', 'city': 'kennett square', 'state': 'PA', 'zip': '19348-3213'}","{'food': True, 'fuel': False, 'restrooms': False, 'diesel': False, 'ethanolFreeGas': None, 'open24Hours': True, 'teslaChargingStation': False, 'propane': False, 'chademoChargingStation': False, 'ccsChargingStation': False}",True,True,[],39.844553,-75.71734,True,False,False,False,,True,False,False,False,False
378,27,14.05,100 ponds edge dr,24hours,00:00:00,00:00:00,0289,False,"{'address': '100 ponds edge dr', 'city': 'nottingham', 'state': 'PA', 'zip': '19362-9789'}","{'food': True, 'fuel': True, 'restrooms': True, 'diesel': True, 'ethanolFreeGas': False, 'open24Hours': True, 'teslaChargingStation': False, 'propane': True, 'chademoChargingStation': False, 'ccsChargingStation': False}",True,True,"[{'category': 'Unleaded'}, {'category': 'Plus'}, {'category': 'Premium'}, {'category': 'Diesel'}, {'category': 'Super'}]",39.750828,-76.02265,True,True,True,True,False,True,False,True,False,False
379,28,14.56,528 west main street,24hours,00:00:00,00:00:00,0843,False,"{'address': '528 west main street', 'city': 'middletown', 'state': 'DE', 'zip': '19709'}","{'food': True, 'fuel': True, 'restrooms': True, 'diesel': True, 'ethanolFreeGas': False, 'open24Hours': True, 'teslaChargingStation': False, 'propane': True, 'chademoChargingStation': False, 'ccsChargingStation': False}",True,True,"[{'category': 'Unleaded'}, {'category': 'Plus'}, {'category': 'Premium'}, {'category': 'Diesel'}, {'category': 'Super'}]",39.448171,-75.7281,True,False,False,False,,True,False,False,False,False
380,30,15.04,690 middletown odessa road,24hours,00:00:00,00:00:00,0859,False,"{'address': '690 middletown odessa road', 'city': 'middletown', 'state': 'DE', 'zip': '19709'}","{'food': True, 'fuel': True, 'restrooms': True, 'diesel': True, 'ethanolFreeGas': False, 'open24Hours': True, 'teslaChargingStation': False, 'propane': True, 'chademoChargingStation': False, 'ccsChargingStation': False}",True,True,"[{'category': 'Unleaded'}, {'category': 'Plus'}, {'category': 'Premium'}, {'category': 'Diesel'}, {'category': 'Super'}]",39.452979,-75.680228,True,True,True,True,False,False,False,True,False,False
381,31,15.29,400 overlook ct,24hours,00:00:00,00:00:00,8545,False,"{'address': '400 overlook ct', 'city': 'perryville', 'state': 'MD', 'zip': '21903'}","{'food': True, 'fuel': True, 'restrooms': True, 'diesel': True, 'ethanolFreeGas': False, 'open24Hours': True, 'teslaChargingStation': True, 'propane': False, 'chademoChargingStation': False, 'ccsChargingStation': False}",True,True,"[{'category': 'Unleaded'}, {'category': 'Plus'}, {'category': 'Premium'}, {'category': 'Diesel'}, {'category': 'Super'}]",39.596724,-76.068618,True,True,True,True,False,True,True,True,False,False
382,46,21.93,231 n. philadelphia blvd.,24hours,00:00:00,00:00:00,0567,False,"{'address': '231 n. philadelphia blvd.', 'city': 'aberdeen', 'state': 'MD', 'zip': '21001'}","{'food': True, 'fuel': True, 'restrooms': True, 'diesel': True, 'ethanolFreeGas': False, 'open24Hours': True, 'teslaChargingStation': True, 'propane': True, 'chademoChargingStation': False, 'ccsChargingStation': False}",True,True,"[{'category': 'Unleaded'}, {'category': 'Plus'}, {'category': 'Premium'}, {'category': 'Diesel'}, {'category': 'Super'}]",39.513008,-76.16031,True,True,True,True,False,True,False,True,False,False
383,1,6.95,2300 churchville rd.,24hours,00:00:00,00:00:00,0582,False,"{'address': '2300 churchville rd.', 'city': 'bel air', 'state': 'MD', 'zip': '21015-1721'}","{'food': True, 'fuel': True, 'restrooms': True, 'diesel': True, 'ethanolFreeGas': False, 'open24Hours': True, 'teslaChargingStation': False, 'propane': True, 'chademoChargingStation': False, 'ccsChargingStation': False}",True,True,"[{'category': 'Unleaded'}, {'category': 'Plus'}, {'category': 'Premium'}, {'category': 'Diesel'}, {'category': 'Super'}]",39.555875,-76.278221,True,True,True,True,False,True,False,True,False,False
384,3,8.51,1515 e. churchville road,24hours,00:00:00,00:00:00,0557,False,"{'address': '1515 e. churchville road', 'city': 'bel air', 'state': 'MD', 'zip': '21014'}","{'food': True, 'fuel': True, 'restrooms': True, 'diesel': True, 'ethanolFreeGas': False, 'open24Hours': True, 'teslaChargingStation': False, 'propane': True, 'chademoChargingStation': False, 'ccsChargingStation': False}",True,True,"[{'category': 'Unleaded'}, {'category': 'Plus'}, {'category': 'Premium'}, {'category': 'Diesel'}, {'category': 'Super'}]",39.54624238,-76.31406594,True,True,True,True,False,True,False,False,False,False
385,4,8.69,3500 woodsdale road,24hours,00:00:00,00:00:00,0581,False,"{'address': '3500 woodsdale road', 'city': 'abingdon', 'state': 'MD', 'zip': '21009-2006'}","{'food': True, 'fuel': True, 'restrooms': True, 'diesel': True, 'ethanolFreeGas': False, 'open24Hours': True, 'teslaChargingStation': True, 'propane': True, 'chademoChargingStation': False, 'ccsChargingStation': False}",True,True,"[{'category': 'Unleaded'}, {'category': 'Plus'}, {'category': 'Premium'}, {'category': 'Diesel'}, {'category': 'Super'}]",39.464955,-76.31091,True,True,True,True,False,True,True,False,False,False
386,5,9.41,2200 pulaski highway,24hours,00:00:00,00:00:00,8534,False,"{'address': '2200 pulaski highway', 'city': 'edgewood', 'state': 'MD', 'zip': '21040'}","{'food': True, 'fuel': True, 'restrooms': True, 'diesel': True, 'ethanolFreeGas': False, 'open24Hours': True, 'teslaChargingStation': False, 'propane': True, 'chademoChargingStation': False, 'ccsChargingStation': False}",True,True,"[{'category': 'Unleaded'}, {'category': 'Plus'}, {'category': 'Premium'}, {'category': 'Diesel'}, {'category': 'Super'}]",39.437034,-76.306712,True,True,False,True,False,True,False,False,False,False
387,6,10.32,3530 conowingo road,24hours,00:00:00,00:00:00,0559,False,"{'address': '3530 conowingo road', 'city': 'street', 'state': 'MD', 'zip': '21154-1944'}","{'food': True, 'fuel': True, 'restrooms': True, 'diesel': True, 'ethanolFreeGas': False, 'open24Hours': True, 'teslaChargingStation': False, 'propane': True, 'chademoChargingStation': False, 'ccsChargingStation': False}",True,True,"[{'category': 'Unleaded'}, {'category': 'Plus'}, {'category': 'Premium'}, {'category': 'Diesel'}, {'category': 'Super'}]",39.637038,-76.26828,True,True,True,True,False,True,False,True,False,False
388,7,10.54,709 bel air road,24hours,00:00:00,00:00:00,0553,False,"{'address': '709 bel air road', 'city': 'bel air', 'state': 'MD', 'zip': '21014-4209'}","{'food': True, 'fuel': True, 'restrooms': True, 'diesel': True, 'ethanolFreeGas': False, 'open24Hours': True, 'teslaChargingStation': False, 'propane': True, 'chademoChargingStation': False, 'ccsChargingStation': False}",True,True,"[{'category': 'Unleaded'}, {'category': 'Plus'}, {'category': 'Premium'}, {'category': 'Diesel'}, {'category': 'Super'}]",39.522272,-76.357694,True,True,True,True,False,True,False,True,False,False
389,8,10.98,601 hoagie drive,24hours,00:00:00,00:00:00,0586,False,"{'address': '601 hoagie drive', 'city': 'bel air', 'state': 'MD', 'zip': '21014'}","{'food': True, 'fuel': True, 'restrooms': True, 'diesel': True, 'ethanolFreeGas': False, 'open24Hours': True, 'teslaChargingStation': True, 'propane': True, 'chademoChargingStation': False, 'ccsChargingStation': False}",True,True,"[{'category': 'Unleaded'}, {'category': 'Plus'}, {'category': 'Premium'}, {'category': 'Diesel'}, {'category': 'Super'}]",39.568712,-76.35327,True,False,False,False,,True,False,False,False,False
390,9,11.09,1419 s. mountain rd,24hours,00:00:00,00:00:00,0599,False,"{'address': '1419 s. mountain rd', 'city': 'joppa', 'state': 'MD', 'zip': '21085-3236'}","{'food': True, 'fuel': True, 'restrooms': True, 'diesel': True, 'ethanolFreeGas': False, 'open24Hours': True, 'teslaChargingStation': True, 'propane': True, 'chademoChargingStation': False, 'ccsChargingStation': False}",True,True,"[{'category': 'Unleaded'}, {'category': 'Plus'}, {'category': 'Premium'}, {'category': 'Diesel'}, {'category': 'Super'}]",39.440013,-76.345575,True,False,False,False,,True,False,False,False,False
391,10,11.94,204 connolly road,24hours,00:00:00,00:00:00,8500,False,"{'address': '204 connolly road', 'city': 'fallston', 'state': 'MD', 'zip': '21047-2526'}","{'food': True, 'fuel': True, 'restrooms': True, 'diesel': True, 'ethanolFreeGas': False, 'open24Hours': True, 'teslaChargingStation': False, 'propane': True, 'chademoChargingStation': False, 'ccsChargingStation': False}",True,True,"[{'category': 'Unleaded'}, {'category': 'Plus'}, {'category': 'Premium'}, {'category': 'Diesel'}, {'category': 'Super'}]",39.503325,-76.383947,True,True,True,True,False,True,False,True,False,False
392,12,17.05,9809 belair road,24hours,00:00:00,00:00:00,8522,False,"{'address': '9809 belair road', 'city': 'perry hall', 'state': 'MD', 'zip': '21128'}","{'food': True, 'fuel': True, 'restrooms': True, 'diesel': True, 'ethanolFreeGas': False, 'open24Hours': True, 'teslaChargingStation': True, 'propane': True, 'chademoChargingStation': False, 'ccsChargingStation': False}",True,True,"[{'category': 'Unleaded'}, {'category': 'Plus'}, {'category': 'Premium'}, {'category': 'Diesel'}, {'category': 'Super'}]",39.4191132,-76.45591084,True,True,True,True,False,True,True,True,False,False
393,15,21.07,8731 pulaski hwy.,24hours,00:00:00,00:00:00,0558,False,"{'address': '8731 pulaski hwy.', 'city': 'essex', 'state': 'MD', 'zip': '21221'}","{'food': True, 'fuel': True, 'restrooms': True, 'diesel': True, 'ethanolFreeGas': False, 'open24Hours': True, 'teslaChargingStation': False, 'propane': True, 'chademoChargingStation': False, 'ccsChargingStation': False}",True,True,"[{'category': 'Unleaded'}, {'category': 'Plus'}, {'category': 'Premium'}, {'category': 'Diesel'}, {'category': 'Super'}]",39.335885,-76.481644,True,True,True,True,False,True,False,True,False,False
394,20,23.57,1260 e. joppa road,24hours,00:00:00,00:00:00,8510,False,"{'address': '1260 e. joppa road', 'city': 'towson', 'state': 'MD', 'zip': '21284'}","{'food': True, 'fuel': True, 'restrooms': True, 'diesel': True, 'ethanolFreeGas': False, 'open24Hours': True, 'teslaChargingStation': True, 'propane': False, 'chademoChargingStation': False, 'ccsChargingStation': False}",True,True,"[{'category': 'Unleaded'}, {'category': 'Plus'}, {'category': 'Premium'}, {'category': 'Diesel'}, {'category': 'Super'}]",39.39623,-76.57545,True,True,True,True,False,True,False,False,False,False
395,22,23.65,4017 north point blvd,24hours,00:00:00,00:00:00,0578,False,"{'address': '4017 north point blvd', 'city': 'dundalk', 'state': 'MD', 'zip': '21222-3619'}","{'food': True, 'fuel': True, 'restrooms': True, 'diesel': True, 'ethanolFreeGas': False, 'open24Hours': True, 'teslaChargingStation': False, 'propane': True, 'chademoChargingStation': False, 'ccsChargingStation': False}",True,True,"[{'category': 'Unleaded'}, {'category': 'Plus'}, {'category': 'Premium'}, {'category': 'Diesel'}, {'category': 'Super'}]",39.268474,-76.47031,True,True,True,True,False,True,False,False,False,False
396,23,23.94,7501 pulaski hwy,24hours,00:00:00,00:00:00,8540,False,"{'address': '7501 pulaski hwy', 'city': 'rosedale', 'state': 'MD', 'zip': '21237'}","{'food': True, 'fuel': True, 'restrooms': True, 'diesel': True, 'ethanolFreeGas': False, 'open24Hours': True, 'teslaChargingStation': True, 'propane': False, 'chademoChargingStation': False, 'ccsChargingStation': False}",True,True,"[{'category': 'Unleaded'}, {'category': 'Plus'}, {'category': 'Premium'}, {'category': 'Diesel'}, {'category': 'Super'}]",39.311632,-76.525331,True,True,True,True,False,True,False,False,False,False
397,25,25.38,6541 eastern avenue,24hours,00:00:00,00:00:00,8502,False,"{'address': '6541 eastern avenue', 'city': 'baltimore', 'state': 'MD', 'zip': '21224'}","{'food': True, 'fuel': True, 'restrooms': True, 'diesel': True, 'ethanolFreeGas': False, 'open24Hours': True, 'teslaChargingStation': False, 'propane': True, 'chademoChargingStation': False, 'ccsChargingStation': False}",True,True,"[{'category': 'Unleaded'}, {'category': 'Plus'}, {'category': 'Premium'}, {'category': 'Diesel'}, {'category': 'Super'}]",39.287286,-76.535408,True,False,True,False,,True,False,True,False,False
398,26,25.58,10111 york rd,24hours,00:00:00,00:00:00,8506,False,"{'address': '10111 york rd', 'city': 'cockeysville', 'state': 'MD', 'zip': '21030-3305'}","{'food': True, 'fuel': True, 'restrooms': True, 'diesel': True, 'ethanolFreeGas': False, 'open24Hours': True, 'teslaChargingStation': False, 'propane': True, 'chademoChargingStation': False, 'ccsChargingStation': False}",True,True,"[{'category': 'Unleaded'}, {'category': 'Plus'}, {'category': 'Premium'}, {'category': 'Diesel'}, {'category': 'Super'}]",39.46607,-76.6361,True,False,False,False,,True,False,False,False,False
399,31,26.61,4901 boston st,24hours,00:00:00,00:00:00,8511,False,"{'address': '4901 boston st', 'city': 'baltimore', 'state': 'MD', 'zip': '21224'}","{'food': True, 'fuel': True, 'restrooms': True, 'diesel': True, 'ethanolFreeGas': False, 'open24Hours': True, 'teslaChargingStation': True, 'propane': False, 'chademoChargingStation': False, 'ccsChargingStation': False}",True,True,"[{'category': 'Unleaded'}, {'category': 'Plus'}, {'category': 'Premium'}, {'category': 'Diesel'}, {'category': 'Super'}]",39.276817,-76.553889,True,True,True,True,False,True,True,True,False,False
400,44,32.14,5632 dupont parkway,24hours,00:00:00,00:00:00,0830,False,"{'address': '5632 dupont parkway', 'city': 'smyrna', 'state': 'DE', 'zip': '19977'}","{'food': True, 'fuel': False, 'restrooms': True, 'diesel': False, 'ethanolFreeGas': None, 'open24Hours': True, 'teslaChargingStation': False, 'propane': False, 'chademoChargingStation': False, 'ccsChargingStation': False}",True,True,[],39.316323,-75.61474,True,True,True,True,False,True,False,True,False,False
401,47,33.01,3716 washington blvd,24hours,00:00:00,00:00:00,8504,False,"{'address': '3716 washington blvd', 'city': 'baltimore', 'state': 'MD', 'zip': '21227'}","{'food': True, 'fuel': True, 'restrooms': True, 'diesel': True, 'ethanolFreeGas': False, 'open24Hours': True, 'teslaChargingStation': False, 'propane': True, 'chademoChargingStation': False, 'ccsChargingStation': False}",True,True,"[{'category': 'Unleaded'}, {'category': 'Plus'}, {'category': 'Premium'}, {'category': 'Diesel'}, {'category': 'Super'}]",39.246429,-76.673129,True,True,True,True,False,True,False,True,False,False
402,49,33.47,7124 ritchie hwy,24hours,00:00:00,00:00:00,8503,False,"{'address': '7124 ritchie hwy', 'city': 'glen burnie', 'state': 'MD', 'zip': '21061-2904'}","{'food': True, 'fuel': True, 'restrooms': True, 'diesel': True, 'ethanolFreeGas': False, 'open24Hours': True, 'teslaChargingStation': False, 'propane': True, 'chademoChargingStation': False, 'ccsChargingStation': False}",True,True,"[{'category': 'Unleaded'}, {'category': 'Plus'}, {'category': 'Premium'}, {'category': 'Diesel'}, {'category': 'Super'}]",39.180183,-76.615541,True,True,True,True,False,True,True,False,False,False
403,1,3.21,7800 parke west dr,24hours,00:00:00,00:00:00,8507,False,"{'address': '7800 parke west dr', 'city': 'glen burnie', 'state': 'MD', 'zip': '21061-4701'}","{'food': True, 'fuel': True, 'restrooms': True, 'diesel': True, 'ethanolFreeGas': False, 'open24Hours': True, 'teslaChargingStation': False, 'propane': False, 'chademoChargingStation': False, 'ccsChargingStation': False}",True,True,"[{'category': 'Unleaded'}, {'category': 'Plus'}, {'category': 'Premium'}, {'category': 'Diesel'}, {'category': 'Super'}]",39.14177,-76.6493,True,True,True,True,False,True,False,True,False,False
404,2,4.88,8300 veterans hwy,24hours,00:00:00,00:00:00,0572,False,"{'address': '8300 veterans hwy', 'city': 'millersville', 'state': 'MD', 'zip': '21108-1409'}","{'food': True, 'fuel': True, 'restrooms': True, 'diesel': True, 'ethanolFreeGas': False, 'open24Hours': True, 'teslaChargingStation': False, 'propane': True, 'chademoChargingStation': False, 'ccsChargingStation': False}",True,True,"[{'category': 'Unleaded'}, {'category': 'Plus'}, {'category': 'Premium'}, {'category': 'Diesel'}, {'category': 'Super'}]",39.110618,-76.63172,True,True,True,True,False,True,True,True,False,False
405,4,7.08,7710 milestone pkwy,24hours,00:00:00,00:00:00,8525,False,"{'address': '7710 milestone pkwy', 'city': 'hanover', 'state': 'MD', 'zip': '21076'}","{'food': True, 'fuel': True, 'restrooms': True, 'diesel': True, 'ethanolFreeGas': False, 'open24Hours': True, 'teslaChargingStation': False, 'propane': True, 'chademoChargingStation': False, 'ccsChargingStation': False}",True,True,"[{'category': 'Unleaded'}, {'category': 'Plus'}, {'category': 'Premium'}, {'category': 'Diesel'}, {'category': 'Super'}]",39.1542,-76.74347,True,True,True,True,False,True,True,False,False,False
406,7,8.82,701 annapolis rd,24hours,00:00:00,00:00:00,0595,False,"{'address': '701 annapolis rd', 'city': 'gambrills', 'state': 'MD', 'zip': '21054-1309'}","{'food': True, 'fuel': True, 'restrooms': True, 'diesel': True, 'ethanolFreeGas': False, 'open24Hours': True, 'teslaChargingStation': False, 'propane': True, 'chademoChargingStation': False, 'ccsChargingStation': False}",True,True,"[{'category': 'Unleaded'}, {'category': 'Plus'}, {'category': 'Premium'}, {'category': 'Diesel'}, {'category': 'Super'}]",39.056566,-76.656624,True,True,True,True,False,True,False,True,False,False
407,11,13.06,2845 rolling road,24hours,00:00:00,00:00:00,0598,False,"{'address': '2845 rolling road', 'city': 'baltimore', 'state': 'MD', 'zip': '21244'}","{'food': True, 'fuel': True, 'restrooms': True, 'diesel': True, 'ethanolFreeGas': False, 'open24Hours': True, 'teslaChargingStation': False, 'propane': False, 'chademoChargingStation': False, 'ccsChargingStation': False}",True,True,"[{'category': 'Unleaded'}, {'category': 'Plus'}, {'category': 'Premium'}, {'category': 'Diesel'}, {'category': 'Super'}]",39.333142,-76.759018,True,True,True,True,False,True,True,True,False,False
408,12,13.39,9600 fort meade road,24hours,00:00:00,00:00:00,8515,False,"{'address': '9600 fort meade road', 'city': 'laurel', 'state': 'MD', 'zip': '20708'}","{'food': True, 'fuel': True, 'restrooms': True, 'diesel': True, 'ethanolFreeGas': False, 'open24Hours': True, 'teslaChargingStation': True, 'propane': True, 'chademoChargingStation': False, 'ccsChargingStation': False}",True,True,"[{'category': 'Unleaded'}, {'category': 'Plus'}, {'category': 'Premium'}, {'category': 'Diesel'}, {'category': 'Super'}]",39.09739,-76.84147,True,True,True,True,False,True,True,True,False,False
409,13,13.56,628 admiral drive,24hours,00:00:00,00:00:00,0549,False,"{'address': '628 admiral drive', 'city': 'annapolis', 'state': 'MD', 'zip': '21401-2151'}","{'food': True, 'fuel': False, 'restrooms': False, 'diesel': False, 'ethanolFreeGas': None, 'open24Hours': True, 'teslaChargingStation': False, 'propane': False, 'chademoChargingStation': False, 'ccsChargingStation': False}",True,True,[],38.994748,-76.53262,True,True,True,True,False,True,False,True,False,False
410,14,13.61,321 buschs frontage road,24hours,00:00:00,00:00:00,0569,False,"{'address': '321 buschs frontage road', 'city': 'annapolis', 'state': 'MD', 'zip': '21401'}","{'food': True, 'fuel': True, 'restrooms': True, 'diesel': True, 'ethanolFreeGas': False, 'open24Hours': True, 'teslaChargingStation': True, 'propane': True, 'chademoChargingStation': False, 'ccsChargingStation': False}",True,True,"[{'category': 'Unleaded'}, {'category': 'Plus'}, {'category': 'Premium'}, {'category': 'Diesel'}, {'category': 'Super'}]",39.026841,-76.45624,True,True,True,True,False,True,False,False,False,False
411,16,16.13,14910 silver trail lane,24hours,00:00:00,00:00:00,8546,False,"{'address': '14910 silver trail lane', 'city': 'laurel', 'state': 'MD', 'zip': '20707'}","{'food': True, 'fuel': True, 'restrooms': True, 'diesel': True, 'ethanolFreeGas': False, 'open24Hours': True, 'teslaChargingStation': True, 'propane': False, 'chademoChargingStation': False, 'ccsChargingStation': False}",True,True,"[{'category': 'Unleaded'}, {'category': 'Plus'}, {'category': 'Premium'}, {'category': 'Diesel'}, {'category': 'Super'}, {'category': 'Extra'}, {'category': 'Special'}]",39.08298,-76.889214,True,True,True,True,False,True,False,True,True,True
412,17,17.07,3166 solomons island rd.,24hours,00:00:00,00:00:00,0577,False,"{'address': '3166 solomons island rd.', 'city': 'edgewater', 'state': 'MD', 'zip': '21037'}","{'food': True, 'fuel': True, 'restrooms': True, 'diesel': True, 'ethanolFreeGas': False, 'open24Hours': True, 'teslaChargingStation': True, 'propane': True, 'chademoChargingStation': False, 'ccsChargingStation': False}",True,True,"[{'category': 'Unleaded'}, {'category': 'Plus'}, {'category': 'Premium'}, {'category': 'Diesel'}, {'category': 'Super'}]",38.935887,-76.567951,True,False,False,False,,True,False,False,False,False
413,19,19.1,10620 martin luther king jr hw,24hours,00:00:00,00:00:00,8523,False,"{'address': '10620 martin luther king jr hw', 'city': 'lanham', 'state': 'MD', 'zip': '20706'}","{'food': True, 'fuel': True, 'restrooms': True, 'diesel': True, 'ethanolFreeGas': False, 'open24Hours': True, 'teslaChargingStation': True, 'propane': True, 'chademoChargingStation': False, 'ccsChargingStation': False}",True,True,"[{'category': 'Unleaded'}, {'category': 'Plus'}, {'category': 'Premium'}, {'category': 'Diesel'}, {'category': 'Super'}]",38.956577,-76.824788,True,True,True,True,False,True,True,True,False,False
414,20,19.31,10515 baltimore avenue,24hours,00:00:00,00:00:00,0593,False,"{'address': '10515 baltimore avenue', 'city': 'beltsville', 'state': 'MD', 'zip': '20705'}","{'food': True, 'fuel': True, 'restrooms': True, 'diesel': True, 'ethanolFreeGas': False, 'open24Hours': True, 'teslaChargingStation': True, 'propane': False, 'chademoChargingStation': True, 'ccsChargingStation': True}",True,True,"[{'category': 'Unleaded'}, {'category': 'Plus'}, {'category': 'Premium'}, {'category': 'Diesel'}, {'category': 'Super'}]",39.02737,-76.917086,True,True,True,True,False,True,False,False,False,False
415,22,19.98,10050 baltimore ave,24hours,00:00:00,00:00:00,8538,False,"{'address': '10050 baltimore ave', 'city': 'college park', 'state': 'MD', 'zip': '20740'}","{'food': True, 'fuel': True, 'restrooms': True, 'diesel': True, 'ethanolFreeGas': False, 'open24Hours': True, 'teslaChargingStation': False, 'propane': False, 'chademoChargingStation': False, 'ccsChargingStation': False}",True,True,"[{'category': 'Unleaded'}, {'category': 'Plus'}, {'category': 'Premium'}, {'category': 'Diesel'}, {'category': 'Super'}]",39.021402,-76.926903,True,True,True,True,False,True,False,False,False,False
416,23,20.88,163 southeast crain highway,24hours,00:00:00,00:00:00,0562,False,"{'address': '163 southeast crain highway', 'city': 'upper marlboro', 'state': 'MD', 'zip': '20774-8804'}","{'food': True, 'fuel': True, 'restrooms': True, 'diesel': True, 'ethanolFreeGas': False, 'open24Hours': True, 'teslaChargingStation': False, 'propane': False, 'chademoChargingStation': False, 'ccsChargingStation': False}",True,True,"[{'category': 'Unleaded'}, {'category': 'Plus'}, {'category': 'Premium'}, {'category': 'Diesel'}, {'category': 'Super'}]",38.889121,-76.720142,True,True,True,True,False,True,False,False,False,False
417,24,22.11,516 main street,24hours,00:00:00,00:00:00,8501,False,"{'address': '516 main street', 'city': 'reisterstown', 'state': 'MD', 'zip': '21136'}","{'food': True, 'fuel': True, 'restrooms': True, 'diesel': True, 'ethanolFreeGas': False, 'open24Hours': True, 'teslaChargingStation': False, 'propane': True, 'chademoChargingStation': False, 'ccsChargingStation': False}",True,True,"[{'category': 'Unleaded'}, {'category': 'Plus'}, {'category': 'Premium'}, {'category': 'Diesel'}, {'category': 'Super'}]",39.455656,-76.826116,True,True,True,True,False,True,False,True,False,False
418,25,22.53,9100 riggs rd,24hours,00:00:00,00:00:00,8521,False,"{'address': '9100 riggs rd', 'city': 'hyattsville', 'state': 'MD', 'zip': '20783'}","{'food': True, 'fuel': True, 'restrooms': True, 'diesel': True, 'ethanolFreeGas': False, 'open24Hours': True, 'teslaChargingStation': False, 'propane': True, 'chademoChargingStation': False, 'ccsChargingStation': False}",True,True,"[{'category': 'Unleaded'}, {'category': 'Plus'}, {'category': 'Premium'}, {'category': 'Diesel'}, {'category': 'Super'}]",39.005287,-76.970233,True,False,True,False,,True,False,True,False,False
419,27,23.56,1310 liberty road,24hours,00:00:00,00:00:00,8529,False,"{'address': '1310 liberty road', 'city': 'sykesville', 'state': 'MD', 'zip': '21784'}","{'food': True, 'fuel': True, 'restrooms': True, 'diesel': True, 'ethanolFreeGas': False, 'open24Hours': True, 'teslaChargingStation': False, 'propane': True, 'chademoChargingStation': False, 'ccsChargingStation': False}",True,True,"[{'category': 'Unleaded'}, {'category': 'Plus'}, {'category': 'Premium'}, {'category': 'Diesel'}, {'category': 'Super'}]",39.403975,-76.947949,True,True,True,True,False,True,False,True,False,False
420,29,24.87,1401 hampton park blvd,24hours,00:00:00,00:00:00,0597,False,"{'address': '1401 hampton park blvd', 'city': 'capitol heights', 'state': 'MD', 'zip': '20743'}","{'food': True, 'fuel': True, 'restrooms': True, 'diesel': True, 'ethanolFreeGas': False, 'open24Hours': True, 'teslaChargingStation': False, 'propane': False, 'chademoChargingStation': True, 'ccsChargingStation': True}",True,True,"[{'category': 'Unleaded'}, {'category': 'Plus'}, {'category': 'Premium'}, {'category': 'Diesel'}, {'category': 'Super'}]",38.870193,-76.851064,True,True,True,True,False,True,False,True,False,False
421,32,27.08,101 hissey road,24hours,00:00:00,00:00:00,8518,False,"{'address': '101 hissey road', 'city': 'grasonville', 'state': 'MD', 'zip': '21638'}","{'food': True, 'fuel': True, 'restrooms': True, 'diesel': True, 'ethanolFreeGas': False, 'open24Hours': True, 'teslaChargingStation': True, 'propane': True, 'chademoChargingStation': False, 'ccsChargingStation': False}",True,True,"[{'category': 'Unleaded'}, {'category': 'Plus'}, {'category': 'Premium'}, {'category': 'Diesel'}, {'category': 'Super'}]",38.965518,-76.193185,True,True,True,True,False,True,False,True,False,False
422,34,27.4,2151 brooks drive,18hours,06:00:00,22:00:00,8537,False,"{'address': '2151 brooks drive', 'city': 'district heights', 'state': 'MD', 'zip': '20747'}","{'food': True, 'fuel': True, 'restrooms': True, 'diesel': True, 'ethanolFreeGas': False, 'open24Hours': False, 'teslaChargingStation': True, 'propane': False, 'chademoChargingStation': False, 'ccsChargingStation': False}",False,True,"[{'category': 'Unleaded'}, {'category': 'Plus'}, {'category': 'Premium'}, {'category': 'Diesel'}, {'category': 'Super'}]",38.86107803,-76.91861723,True,False,False,False,,True,False,False,False,False
423,35,29.34,1 thomas circle nw,24hours,00:00:00,00:00:00,6007,False,"{'address': '1 thomas circle nw', 'city': 'washington', 'state': 'DC', 'zip': '20005'}","{'food': True, 'fuel': False, 'restrooms': True, 'diesel': False, 'ethanolFreeGas': None, 'open24Hours': True, 'teslaChargingStation': False, 'propane': False, 'chademoChargingStation': False, 'ccsChargingStation': False}",True,True,[],38.90533451,-77.03234581,True,False,True,False,,True,False,False,False,False
424,36,29.48,1250 h street nw,24hours,00:00:00,00:00:00,6008,False,"{'address': '1250 h street nw', 'city': 'washington', 'state': 'DC', 'zip': '20005'}","{'food': True, 'fuel': False, 'restrooms': True, 'diesel': False, 'ethanolFreeGas': None, 'open24Hours': True, 'teslaChargingStation': False, 'propane': False, 'chademoChargingStation': False, 'ccsChargingStation': False}",True,True,[],38.8997896,-77.029591,True,True,True,True,False,True,True,True,False,False
425,37,29.58,4530 40th street nw a,24hours,00:00:00,00:00:00,6004,False,"{'address': '4530 40th street nw a', 'city': 'washington', 'state': 'DC', 'zip': '20016'}","{'food': True, 'fuel': False, 'restrooms': False, 'diesel': False, 'ethanolFreeGas': None, 'open24Hours': True, 'teslaChargingStation': False, 'propane': False, 'chademoChargingStation': False, 'ccsChargingStation': False}",True,True,[],38.948237,-77.07896,True,True,True,True,False,True,True,True,False,False
426,38,29.83,1111 19th st nw,24hours,00:00:00,00:00:00,6001,False,"{'address': '1111 19th st nw', 'city': 'washington', 'state': 'DC', 'zip': '20036'}","{'food': True, 'fuel': False, 'restrooms': True, 'diesel': False, 'ethanolFreeGas': None, 'open24Hours': True, 'teslaChargingStation': False, 'propane': False, 'chademoChargingStation': False, 'ccsChargingStation': False}",True,True,[],38.9044036,-77.0432319,True,True,True,True,False,True,True,True,False,False
427,40,30.08,6101 allentown road,24hours,00:00:00,00:00:00,8514,False,"{'address': '6101 allentown road', 'city': 'suitland', 'state': 'MD', 'zip': '20746'}","{'food': True, 'fuel': True, 'restrooms': True, 'diesel': True, 'ethanolFreeGas': False, 'open24Hours': True, 'teslaChargingStation': False, 'propane': False, 'chademoChargingStation': False, 'ccsChargingStation': False}",False,True,"[{'category': 'Unleaded'}, {'category': 'Plus'}, {'category': 'Premium'}, {'category': 'Diesel'}, {'category': 'Super'}]",38.8071,-76.904315,True,False,True,False,,True,False,False,False,False
428,42,31.18,405 s frederick ave,24hours,00:00:00,00:00:00,8536,False,"{'address': '405 s frederick ave', 'city': 'gaithersburg', 'state': 'MD', 'zip': '20877'}","{'food': True, 'fuel': True, 'restrooms': True, 'diesel': True, 'ethanolFreeGas': False, 'open24Hours': True, 'teslaChargingStation': False, 'propane': False, 'chademoChargingStation': False, 'ccsChargingStation': False}",True,True,"[{'category': 'Unleaded'}, {'category': 'Plus'}, {'category': 'Premium'}, {'category': 'Diesel'}, {'category': 'Super'}, {'category': 'Special'}]",39.13694,-77.194849,True,True,False,True,False,True,False,False,False,False
429,44,32.06,10205 kirksville lane,24hours,00:00:00,00:00:00,0573,False,"{'address': '10205 kirksville lane', 'city': 'dunkirk', 'state': 'MD', 'zip': '20754'}","{'food': True, 'fuel': True, 'restrooms': True, 'diesel': True, 'ethanolFreeGas': False, 'open24Hours': True, 'teslaChargingStation': False, 'propane': False, 'chademoChargingStation': False, 'ccsChargingStation': False}",True,True,"[{'category': 'Unleaded'}, {'category': 'Plus'}, {'category': 'Premium'}, {'category': 'Diesel'}, {'category': 'Super'}]",38.717591,-76.661045,True,True,True,True,False,True,False,True,False,False
430,45,32.33,805 leidy road,24hours,00:00:00,00:00:00,0590,False,"{'address': '805 leidy road', 'city': 'westminster', 'state': 'MD', 'zip': '21157'}","{'food': True, 'fuel': True, 'restrooms': True, 'diesel': True, 'ethanolFreeGas': False, 'open24Hours': True, 'teslaChargingStation': False, 'propane': True, 'chademoChargingStation': False, 'ccsChargingStation': False}",True,True,"[{'category': 'Unleaded'}, {'category': 'Plus'}, {'category': 'Premium'}, {'category': 'Diesel'}, {'category': 'Super'}]",39.561286,-76.966855,True,True,True,True,False,True,False,True,False,False
431,48,38.27,16410 mckendree rd.,24hours,00:00:00,00:00:00,0580,False,"{'address': '16410 mckendree rd.', 'city': 'brandywine', 'state': 'MD', 'zip': '20613-8063'}","{'food': True, 'fuel': True, 'restrooms': True, 'diesel': True, 'ethanolFreeGas': False, 'open24Hours': True, 'teslaChargingStation': True, 'propane': False, 'chademoChargingStation': False, 'ccsChargingStation': False}",False,True,"[{'category': 'Unleaded'}, {'category': 'Plus'}, {'category': 'Premium'}, {'category': 'Diesel'}, {'category': 'Super'}]",38.664594,-76.875845,True,True,True,True,False,False,False,False,False,False
432,49,40.46,465 maple ave w.,24hours,00:00:00,00:00:00,8669,False,"{'address': '465 maple ave w.', 'city': 'vienna', 'state': 'VA', 'zip': '22180'}","{'food': True, 'fuel': False, 'restrooms': False, 'diesel': False, 'ethanolFreeGas': None, 'open24Hours': True, 'teslaChargingStation': True, 'propane': False, 'chademoChargingStation': False, 'ccsChargingStation': False}",True,True,[],38.894901,-77.273923,True,True,True,True,False,True,True,False,False,False
433,1,2.11,9700 fairfax blvd,24hours,00:00:00,00:00:00,8671,False,"{'address': '9700 fairfax blvd', 'city': 'fairfax', 'state': 'VA', 'zip': '22031'}","{'food': True, 'fuel': True, 'restrooms': True, 'diesel': True, 'ethanolFreeGas': False, 'open24Hours': True, 'teslaChargingStation': True, 'propane': True, 'chademoChargingStation': False, 'ccsChargingStation': False}",True,True,"[{'category': 'Unleaded'}, {'category': 'Plus'}, {'category': 'Premium'}, {'category': 'Diesel'}, {'category': 'Super'}]",38.864645,-77.279817,True,True,True,True,False,True,False,True,False,False
434,2,8.32,3450 historic sully way,24hours,00:00:00,00:00:00,8639,False,"{'address': '3450 historic sully way', 'city': 'chantilly', 'state': 'VA', 'zip': '20151-3037'}","{'food': True, 'fuel': True, 'restrooms': True, 'diesel': True, 'ethanolFreeGas': False, 'open24Hours': True, 'teslaChargingStation': False, 'propane': False, 'chademoChargingStation': False, 'ccsChargingStation': False}",True,True,"[{'category': 'Unleaded'}, {'category': 'Plus'}, {'category': 'Premium'}, {'category': 'Diesel'}, {'category': 'Super'}]",38.91455,-77.4266,True,True,True,True,False,True,True,True,False,False
435,3,9.36,23055 oakgrove road,24hours,00:00:00,00:00:00,8640,False,"{'address': '23055 oakgrove road', 'city': 'sterling', 'state': 'VA', 'zip': '20166'}","{'food': True, 'fuel': True, 'restrooms': True, 'diesel': True, 'ethanolFreeGas': False, 'open24Hours': True, 'teslaChargingStation': True, 'propane': True, 'chademoChargingStation': False, 'ccsChargingStation': False}",True,True,"[{'category': 'Unleaded'}, {'category': 'Plus'}, {'category': 'Premium'}, {'category': 'Diesel'}, {'category': 'Super'}]",38.977994,-77.411535,True,True,True,True,False,True,False,False,False,False
436,6,12.67,45950 russel branch parkway,24hours,00:00:00,00:00:00,8662,False,"{'address': '45950 russel branch parkway', 'city': 'sterling', 'state': 'VA', 'zip': '20166'}","{'food': True, 'fuel': True, 'restrooms': True, 'diesel': True, 'ethanolFreeGas': False, 'open24Hours': True, 'teslaChargingStation': False, 'propane': True, 'chademoChargingStation': False, 'ccsChargingStation': False}",True,True,"[{'category': 'Unleaded'}, {'category': 'Plus'}, {'category': 'Premium'}, {'category': 'Diesel'}, {'category': 'Super'}]",39.02796331,-77.43632063,True,True,True,True,False,True,False,True,False,False
437,9,13.72,9471 liberia ave,24hours,00:00:00,00:00:00,8644,False,"{'address': '9471 liberia ave', 'city': 'manassas', 'state': 'VA', 'zip': '20110'}","{'food': True, 'fuel': True, 'restrooms': True, 'diesel': True, 'ethanolFreeGas': False, 'open24Hours': True, 'teslaChargingStation': False, 'propane': False, 'chademoChargingStation': False, 'ccsChargingStation': False}",True,True,"[{'category': 'Unleaded'}, {'category': 'Plus'}, {'category': 'Premium'}, {'category': 'Diesel'}, {'category': 'Super'}]",38.75053,-77.44889,True,False,False,False,,True,False,False,False,False
438,10,14.39,8704 sudley rd,24hours,00:00:00,00:00:00,8686,False,"{'address': '8704 sudley rd', 'city': 'manassas', 'state': 'VA', 'zip': '20110'}","{'food': True, 'fuel': True, 'restrooms': True, 'diesel': True, 'ethanolFreeGas': False, 'open24Hours': True, 'teslaChargingStation': False, 'propane': False, 'chademoChargingStation': False, 'ccsChargingStation': False}",True,True,"[{'category': 'Unleaded'}, {'category': 'Plus'}, {'category': 'Premium'}, {'category': 'Diesel'}, {'category': 'Super'}]",38.76708195,-77.48492006,True,True,True,True,False,True,False,True,False,False
439,11,14.78,10691 davidson place,24hours,00:00:00,00:00:00,8658,False,"{'address': '10691 davidson place', 'city': 'manassas', 'state': 'VA', 'zip': '20109'}","{'food': True, 'fuel': True, 'restrooms': True, 'diesel': True, 'ethanolFreeGas': False, 'open24Hours': True, 'teslaChargingStation': True, 'propane': True, 'chademoChargingStation': False, 'ccsChargingStation': False}",True,True,"[{'category': 'Unleaded'}, {'category': 'Plus'}, {'category': 'Premium'}, {'category': 'Diesel'}, {'category': 'Super'}]",38.79332,-77.515527,True,True,True,True,False,True,True,True,False,False
440,12,16.36,13355 minneville road,24hours,00:00:00,00:00:00,0661,False,"{'address': '13355 minneville road', 'city': 'woodbridge', 'state': 'VA', 'zip': '22192'}","{'food': True, 'fuel': True, 'restrooms': True, 'diesel': True, 'ethanolFreeGas': False, 'open24Hours': True, 'teslaChargingStation': False, 'propane': False, 'chademoChargingStation': False, 'ccsChargingStation': False}",True,True,"[{'category': 'Unleaded'}, {'category': 'Plus'}, {'category': 'Premium'}, {'category': 'Diesel'}, {'category': 'Super'}]",38.658928,-77.29983,True,True,True,True,False,True,True,True,False,False
441,14,17.67,11111 nokesville rd,24hours,00:00:00,00:00:00,8637,False,"{'address': '11111 nokesville rd', 'city': 'manassas', 'state': 'VA', 'zip': '20112'}","{'food': True, 'fuel': True, 'restrooms': True, 'diesel': True, 'ethanolFreeGas': False, 'open24Hours': True, 'teslaChargingStation': False, 'propane': False, 'chademoChargingStation': False, 'ccsChargingStation': False}",True,True,"[{'category': 'Unleaded'}, {'category': 'Plus'}, {'category': 'Premium'}, {'category': 'Diesel'}, {'category': 'Super'}]",38.737121,-77.532174,True,True,True,True,False,True,False,False,False,False
442,16,18.1,2051 daniel stuart square,24hours,00:00:00,00:00:00,0662,False,"{'address': '2051 daniel stuart square', 'city': 'woodbridge', 'state': 'VA', 'zip': '22191'}","{'food': True, 'fuel': True, 'restrooms': True, 'diesel': True, 'ethanolFreeGas': False, 'open24Hours': True, 'teslaChargingStation': True, 'propane': True, 'chademoChargingStation': False, 'ccsChargingStation': False}",True,True,"[{'category': 'Unleaded'}, {'category': 'Plus'}, {'category': 'Premium'}, {'category': 'Diesel'}, {'category': 'Super'}]",38.632871,-77.27556,True,True,True,True,False,True,False,True,True,True
443,18,19.77,15809 jefferson davis highway,24hours,00:00:00,00:00:00,0680,False,"{'address': '15809 jefferson davis highway', 'city': 'woodbridge', 'state': 'VA', 'zip': '22191-4222'}","{'food': True, 'fuel': True, 'restrooms': True, 'diesel': True, 'ethanolFreeGas': False, 'open24Hours': True, 'teslaChargingStation': True, 'propane': False, 'chademoChargingStation': False, 'ccsChargingStation': False}",True,True,"[{'category': 'Unleaded'}, {'category': 'Plus'}, {'category': 'Premium'}, {'category': 'Diesel'}, {'category': 'Super'}]",38.60908,-77.29007,True,True,True,True,False,True,True,False,False,False
444,19,20.04,14461 lee hwy.,24hours,00:00:00,00:00:00,0651,False,"{'address': '14461 lee hwy.', 'city': 'gainesville', 'state': 'VA', 'zip': '20155'}","{'food': True, 'fuel': True, 'restrooms': True, 'diesel': True, 'ethanolFreeGas': False, 'open24Hours': True, 'teslaChargingStation': False, 'propane': True, 'chademoChargingStation': False, 'ccsChargingStation': False}",True,True,"[{'category': 'Unleaded'}, {'category': 'Plus'}, {'category': 'Premium'}, {'category': 'Diesel'}, {'category': 'Super'}]",38.792423,-77.62237,True,True,True,True,False,True,True,True,False,False
445,26,26.49,11505 berry road,24hours,00:00:00,00:00:00,0565,False,"{'address': '11505 berry road', 'city': 'waldorf', 'state': 'MD', 'zip': '20603'}","{'food': True, 'fuel': True, 'restrooms': True, 'diesel': True, 'ethanolFreeGas': False, 'open24Hours': True, 'teslaChargingStation': True, 'propane': True, 'chademoChargingStation': False, 'ccsChargingStation': False}",True,True,"[{'category': 'Unleaded'}, {'category': 'Plus'}, {'category': 'Premium'}, {'category': 'Diesel'}, {'category': 'Super'}]",38.629589,-76.91908,True,False,False,False,,True,False,False,False,False
446,29,27.53,4210 crain hwy (@ billingsley),24hours,00:00:00,00:00:00,0568,False,"{'address': '4210 crain hwy (@ billingsley)', 'city': 'white plains', 'state': 'MD', 'zip': '20695-3000'}","{'food': True, 'fuel': True, 'restrooms': True, 'diesel': True, 'ethanolFreeGas': False, 'open24Hours': True, 'teslaChargingStation': True, 'propane': True, 'chademoChargingStation': False, 'ccsChargingStation': False}",True,True,"[{'category': 'Unleaded'}, {'category': 'Plus'}, {'category': 'Premium'}, {'category': 'Diesel'}, {'category': 'Super'}]",38.595198,-76.937156,True,True,True,True,False,True,False,True,False,False
447,30,28.5,5955 crain hwy.,24hours,00:00:00,00:00:00,0584,False,"{'address': '5955 crain hwy.', 'city': 'la plata', 'state': 'MD', 'zip': '20646-4264'}","{'food': True, 'fuel': True, 'restrooms': True, 'diesel': True, 'ethanolFreeGas': False, 'open24Hours': True, 'teslaChargingStation': False, 'propane': True, 'chademoChargingStation': False, 'ccsChargingStation': False}",True,True,"[{'category': 'Unleaded'}, {'category': 'Plus'}, {'category': 'Premium'}, {'category': 'Diesel'}, {'category': 'Super'}]",38.548741,-76.98655,True,True,True,True,False,False,False,True,False,False
448,32,29.87,3099 richmond hwy,24hours,00:00:00,00:00:00,8679,False,"{'address': '3099 richmond hwy', 'city': 'stafford', 'state': 'VA', 'zip': '22554'}","{'food': True, 'fuel': True, 'restrooms': True, 'diesel': True, 'ethanolFreeGas': False, 'open24Hours': True, 'teslaChargingStation': False, 'propane': True, 'chademoChargingStation': False, 'ccsChargingStation': False}",True,True,"[{'category': 'Unleaded'}, {'category': 'Plus'}, {'category': 'Premium'}, {'category': 'Diesel'}, {'category': 'Super'}]",38.473438,-77.396912,True,True,True,True,False,True,False,True,False,False
449,33,30.42,15 eustace road,24hours,00:00:00,00:00:00,0689,False,"{'address': '15 eustace road', 'city': 'stafford', 'state': 'VA', 'zip': '22554-3717'}","{'food': True, 'fuel': True, 'restrooms': True, 'diesel': True, 'ethanolFreeGas': False, 'open24Hours': True, 'teslaChargingStation': True, 'propane': True, 'chademoChargingStation': False, 'ccsChargingStation': False}",True,True,"[{'category': 'Unleaded'}, {'category': 'Plus'}, {'category': 'Premium'}, {'category': 'Diesel'}, {'category': 'Super'}]",38.473164,-77.43589,True,True,False,True,False,True,False,True,False,False
450,34,30.48,105 garrisonville road,24hours,00:00:00,00:00:00,0697,False,"{'address': '105 garrisonville road', 'city': 'stafford', 'state': 'VA', 'zip': '22554-1523'}","{'food': True, 'fuel': True, 'restrooms': True, 'diesel': True, 'ethanolFreeGas': False, 'open24Hours': True, 'teslaChargingStation': True, 'propane': True, 'chademoChargingStation': False, 'ccsChargingStation': False}",True,True,"[{'category': 'Unleaded'}, {'category': 'Plus'}, {'category': 'Premium'}, {'category': 'Diesel'}, {'category': 'Super'}]",38.467169,-77.41198,True,False,False,False,,True,False,False,False,False
451,35,30.67,1172 garrisonville road,24hours,00:00:00,00:00:00,8674,False,"{'address': '1172 garrisonville road', 'city': 'stafford', 'state': 'VA', 'zip': '22556'}","{'food': True, 'fuel': True, 'restrooms': True, 'diesel': True, 'ethanolFreeGas': False, 'open24Hours': True, 'teslaChargingStation': False, 'propane': True, 'chademoChargingStation': False, 'ccsChargingStation': False}",True,True,"[{'category': 'Unleaded'}, {'category': 'Plus'}, {'category': 'Premium'}, {'category': 'Diesel'}, {'category': 'Super'}]",38.47912846,-77.47332854,True,False,True,False,,True,False,False,False,False
452,36,31.33,510 frost avenue,24hours,00:00:00,00:00:00,8622,False,"{'address': '510 frost avenue', 'city': 'warrenton', 'state': 'VA', 'zip': '20186'}","{'food': True, 'fuel': True, 'restrooms': True, 'diesel': True, 'ethanolFreeGas': True, 'open24Hours': True, 'teslaChargingStation': False, 'propane': True, 'chademoChargingStation': False, 'ccsChargingStation': False}",True,True,"[{'category': 'Unleaded'}, {'category': 'Plus'}, {'category': 'Premium'}, {'category': 'Diesel'}, {'category': 'Super'}, {'category': 'xEthanol'}]",38.716614,-77.808854,True,True,True,True,False,True,True,True,False,False
453,37,31.55,72 austin park drive,24hours,00:00:00,00:00:00,0665,False,"{'address': '72 austin park drive', 'city': 'stafford', 'state': 'VA', 'zip': '22554-8461'}","{'food': True, 'fuel': True, 'restrooms': True, 'diesel': True, 'ethanolFreeGas': False, 'open24Hours': True, 'teslaChargingStation': False, 'propane': True, 'chademoChargingStation': False, 'ccsChargingStation': False}",True,True,"[{'category': 'Unleaded'}, {'category': 'Plus'}, {'category': 'Premium'}, {'category': 'Diesel'}, {'category': 'Super'}]",38.449699,-77.40386,True,True,True,True,False,True,True,True,False,False
454,39,33.65,920 wonder road,24hours,00:00:00,00:00:00,8689,False,"{'address': '920 wonder road', 'city': 'stafford', 'state': 'VA', 'zip': '22554'}","{'food': True, 'fuel': True, 'restrooms': False, 'diesel': True, 'ethanolFreeGas': False, 'open24Hours': True, 'teslaChargingStation': False, 'propane': False, 'chademoChargingStation': False, 'ccsChargingStation': False}",True,True,"[{'category': 'Unleaded'}, {'category': 'Plus'}, {'category': 'Premium'}, {'category': 'Diesel'}, {'category': 'Super'}]",38.422958,-77.42823919,True,True,True,True,False,True,True,False,True,True
455,40,34.31,5440 urbana pike,24hours,00:00:00,00:00:00,8505,False,"{'address': '5440 urbana pike', 'city': 'frederick', 'state': 'MD', 'zip': '21703-7332'}","{'food': True, 'fuel': True, 'restrooms': True, 'diesel': True, 'ethanolFreeGas': False, 'open24Hours': True, 'teslaChargingStation': False, 'propane': True, 'chademoChargingStation': False, 'ccsChargingStation': False}",True,True,"[{'category': 'Unleaded'}, {'category': 'Plus'}, {'category': 'Premium'}, {'category': 'Diesel'}, {'category': 'Super'}]",39.381549,-77.40087,True,False,True,False,,True,False,False,False,False
456,43,35.47,5833 ballenger creek pike,24hours,00:00:00,00:00:00,0554,False,"{'address': '5833 ballenger creek pike', 'city': 'frederick', 'state': 'MD', 'zip': '21703'}","{'food': True, 'fuel': True, 'restrooms': True, 'diesel': True, 'ethanolFreeGas': False, 'open24Hours': True, 'teslaChargingStation': True, 'propane': True, 'chademoChargingStation': False, 'ccsChargingStation': False}",True,True,"[{'category': 'Unleaded'}, {'category': 'Plus'}, {'category': 'Premium'}, {'category': 'Diesel'}, {'category': 'Super'}]",39.392159,-77.438231,True,True,True,True,False,True,False,True,False,False
457,44,37.14,1001 w patrick st,24hours,00:00:00,00:00:00,8513,False,"{'address': '1001 w patrick st', 'city': 'frederick', 'state': 'MD', 'zip': '21702-3903'}","{'food': True, 'fuel': True, 'restrooms': True, 'diesel': True, 'ethanolFreeGas': False, 'open24Hours': True, 'teslaChargingStation': False, 'propane': True, 'chademoChargingStation': False, 'ccsChargingStation': False}",True,True,"[{'category': 'Unleaded'}, {'category': 'Plus'}, {'category': 'Premium'}, {'category': 'Diesel'}, {'category': 'Super'}]",39.41707,-77.438781,True,True,True,True,False,True,False,True,False,False
458,47,37.96,860 richmond hwy,24hours,00:00:00,00:00:00,8677,False,"{'address': '860 richmond hwy', 'city': 'fredericksburg', 'state': 'VA', 'zip': '22405'}","{'food': True, 'fuel': True, 'restrooms': True, 'diesel': True, 'ethanolFreeGas': False, 'open24Hours': True, 'teslaChargingStation': False, 'propane': False, 'chademoChargingStation': False, 'ccsChargingStation': False}",True,True,"[{'category': 'Unleaded'}, {'category': 'Plus'}, {'category': 'Premium'}, {'category': 'Diesel'}, {'category': 'Super'}]",38.36427708,-77.45611047,True,True,True,True,False,True,False,True,False,False
459,49,38.28,30320 three notch road,24hours,00:00:00,00:00:00,0588,False,"{'address': '30320 three notch road', 'city': 'charlotte hall', 'state': 'MD', 'zip': '20622-3189'}","{'food': True, 'fuel': True, 'restrooms': True, 'diesel': True, 'ethanolFreeGas': True, 'open24Hours': True, 'teslaChargingStation': False, 'propane': True, 'chademoChargingStation': False, 'ccsChargingStation': False}",True,True,"[{'category': 'Unleaded'}, {'category': 'Plus'}, {'category': 'Premium'}, {'category': 'Diesel'}, {'category': 'Super'}, {'category': 'xEthanol'}]",38.501543,-76.773898,True,True,True,True,False,True,True,False,False,False
460,1,6.05,27605 three notch rd.,24hours,00:00:00,00:00:00,0583,False,"{'address': '27605 three notch rd.', 'city': 'mechanicsville', 'state': 'MD', 'zip': '20659-3374'}","{'food': True, 'fuel': True, 'restrooms': True, 'diesel': True, 'ethanolFreeGas': True, 'open24Hours': True, 'teslaChargingStation': False, 'propane': True, 'chademoChargingStation': False, 'ccsChargingStation': False}",True,True,"[{'category': 'Unleaded'}, {'category': 'Plus'}, {'category': 'Premium'}, {'category': 'Diesel'}, {'category': 'Super'}, {'category': 'xEthanol'}]",38.426744,-76.71574,True,True,True,True,False,True,False,True,False,False
461,2,10.2,305 market square drive,24hours,00:00:00,00:00:00,0591,False,"{'address': '305 market square drive', 'city': 'prince frederick', 'state': 'MD', 'zip': '20678'}","{'food': True, 'fuel': True, 'restrooms': True, 'diesel': True, 'ethanolFreeGas': False, 'open24Hours': True, 'teslaChargingStation': False, 'propane': True, 'chademoChargingStation': False, 'ccsChargingStation': False}",True,True,"[{'category': 'Unleaded'}, {'category': 'Plus'}, {'category': 'Premium'}, {'category': 'Diesel'}, {'category': 'Super'}]",38.557041,-76.59899,True,True,True,True,False,True,True,True,False,False
462,8,19.46,23141 three notch rd.,24hours,00:00:00,00:00:00,0592,False,"{'address': '23141 three notch rd.', 'city': 'california', 'state': 'MD', 'zip': '20619'}","{'food': True, 'fuel': True, 'restrooms': True, 'diesel': True, 'ethanolFreeGas': True, 'open24Hours': True, 'teslaChargingStation': False, 'propane': True, 'chademoChargingStation': False, 'ccsChargingStation': False}",True,True,"[{'category': 'Unleaded'}, {'category': 'Plus'}, {'category': 'Premium'}, {'category': 'Diesel'}, {'category': 'Super'}, {'category': 'xEthanol'}]",38.302751,-76.51936,True,False,False,False,,True,False,False,False,False
463,9,19.88,5362 james madison highway,24hours,00:00:00,00:00:00,0669,False,"{'address': '5362 james madison highway', 'city': 'king george', 'state': 'VA', 'zip': '22485-5355'}","{'food': True, 'fuel': True, 'restrooms': True, 'diesel': True, 'ethanolFreeGas': True, 'open24Hours': True, 'teslaChargingStation': False, 'propane': True, 'chademoChargingStation': False, 'ccsChargingStation': False}",True,True,"[{'category': 'Unleaded'}, {'category': 'Plus'}, {'category': 'Premium'}, {'category': 'Diesel'}, {'category': 'Super'}, {'category': 'xEthanol'}]",38.339674,-77.07762,True,False,False,False,,True,False,False,False,False
464,10,21.88,22530 three notch rd.,24hours,00:00:00,00:00:00,0587,False,"{'address': '22530 three notch rd.', 'city': 'lexington park', 'state': 'MD', 'zip': '20653-2131'}","{'food': True, 'fuel': True, 'restrooms': True, 'diesel': True, 'ethanolFreeGas': True, 'open24Hours': True, 'teslaChargingStation': False, 'propane': True, 'chademoChargingStation': False, 'ccsChargingStation': False}",True,True,"[{'category': 'Unleaded'}, {'category': 'Plus'}, {'category': 'Premium'}, {'category': 'Diesel'}, {'category': 'Super'}, {'category': 'xEthanol'}]",38.286931,-76.476776,True,True,True,True,False,True,False,True,False,False
465,37,38.47,601 sunburst highway,24hours,00:00:00,00:00:00,0563,False,"{'address': '601 sunburst highway', 'city': 'cambridge', 'state': 'MD', 'zip': '21613'}","{'food': True, 'fuel': True, 'restrooms': True, 'diesel': True, 'ethanolFreeGas': True, 'open24Hours': True, 'teslaChargingStation': False, 'propane': True, 'chademoChargingStation': False, 'ccsChargingStation': False}",True,True,"[{'category': 'Unleaded'}, {'category': 'Plus'}, {'category': 'Premium'}, {'category': 'Diesel'}, {'category': 'Super'}, {'category': 'xEthanol'}]",38.561096,-76.06626,True,True,True,True,False,True,True,True,False,False
466,38,38.79,275 butler road,24hours,00:00:00,00:00:00,0688,False,"{'address': '275 butler road', 'city': 'fredericksburg', 'state': 'VA', 'zip': '22405-2438'}","{'food': True, 'fuel': True, 'restrooms': True, 'diesel': True, 'ethanolFreeGas': False, 'open24Hours': True, 'teslaChargingStation': False, 'propane': True, 'chademoChargingStation': False, 'ccsChargingStation': False}",True,True,"[{'category': 'Unleaded'}, {'category': 'Plus'}, {'category': 'Premium'}, {'category': 'Diesel'}, {'category': 'Super'}]",38.31648,-77.45028,True,True,True,True,False,True,True,True,False,False
467,40,39.83,3402 shannon park dr,24hours,00:00:00,00:00:00,0658,False,"{'address': '3402 shannon park dr', 'city': 'fredericksburg', 'state': 'VA', 'zip': '22408-2373'}","{'food': True, 'fuel': True, 'restrooms': True, 'diesel': True, 'ethanolFreeGas': True, 'open24Hours': True, 'teslaChargingStation': False, 'propane': True, 'chademoChargingStation': False, 'ccsChargingStation': False}",True,True,"[{'category': 'Unleaded'}, {'category': 'Plus'}, {'category': 'Premium'}, {'category': 'Diesel'}, {'category': 'Super'}, {'category': 'xEthanol'}]",38.271146,-77.44803,True,False,True,False,,True,False,False,False,False
468,43,40.6,9 south gateway dr,24hours,00:00:00,00:00:00,8627,False,"{'address': '9 south gateway dr', 'city': 'fredericksburg', 'state': 'VA', 'zip': '22406'}","{'food': True, 'fuel': True, 'restrooms': True, 'diesel': True, 'ethanolFreeGas': False, 'open24Hours': True, 'teslaChargingStation': False, 'propane': True, 'chademoChargingStation': False, 'ccsChargingStation': False}",True,True,"[{'category': 'Unleaded'}, {'category': 'Plus'}, {'category': 'Premium'}, {'category': 'Diesel'}, {'category': 'Super'}]",38.343527,-77.496258,True,True,True,True,False,True,False,True,False,False
469,45,41.11,830 warrenton road,24hours,00:00:00,00:00:00,0668,False,"{'address': '830 warrenton road', 'city': 'fredericksburg', 'state': 'VA', 'zip': '22406-1072'}","{'food': True, 'fuel': True, 'restrooms': True, 'diesel': True, 'ethanolFreeGas': False, 'open24Hours': True, 'teslaChargingStation': False, 'propane': True, 'chademoChargingStation': False, 'ccsChargingStation': False}",True,True,"[{'category': 'Unleaded'}, {'category': 'Plus'}, {'category': 'Premium'}, {'category': 'Diesel'}, {'category': 'Super'}]",38.355726,-77.51019,True,True,True,True,False,True,False,True,False,False
470,47,41.83,2390 plank road,24hours,00:00:00,00:00:00,0667,False,"{'address': '2390 plank road', 'city': 'fredericksburg', 'state': 'VA', 'zip': '22401'}","{'food': True, 'fuel': True, 'restrooms': True, 'diesel': True, 'ethanolFreeGas': True, 'open24Hours': True, 'teslaChargingStation': False, 'propane': True, 'chademoChargingStation': False, 'ccsChargingStation': False}",True,True,"[{'category': 'Unleaded'}, {'category': 'Plus'}, {'category': 'Premium'}, {'category': 'Diesel'}, {'category': 'Super'}, {'category': 'xEthanol'}]",38.295644,-77.50027,True,True,True,True,False,True,False,True,False,False
471,48,41.91,1735 tappahannock blvd,24hours,00:00:00,00:00:00,8682,False,"{'address': '1735 tappahannock blvd', 'city': 'tappahannock', 'state': 'VA', 'zip': '22560'}","{'food': True, 'fuel': True, 'restrooms': True, 'diesel': True, 'ethanolFreeGas': True, 'open24Hours': True, 'teslaChargingStation': False, 'propane': True, 'chademoChargingStation': False, 'ccsChargingStation': False}",True,True,"[{'category': 'Unleaded'}, {'category': 'Plus'}, {'category': 'Premium'}, {'category': 'Diesel'}, {'category': 'Super'}, {'category': 'xEthanol'}]",37.8997474,-76.86993665,True,True,True,True,False,False,False,False,False,False
472,49,42.31,4625 harrison road,24hours,00:00:00,00:00:00,0653,False,"{'address': '4625 harrison road', 'city': 'fredericksburg', 'state': 'VA', 'zip': '22408-1838'}","{'food': True, 'fuel': True, 'restrooms': True, 'diesel': True, 'ethanolFreeGas': True, 'open24Hours': True, 'teslaChargingStation': False, 'propane': True, 'chademoChargingStation': False, 'ccsChargingStation': False}",True,True,"[{'category': 'Unleaded'}, {'category': 'Plus'}, {'category': 'Premium'}, {'category': 'Diesel'}, {'category': 'Super'}, {'category': 'xEthanol'}]",38.264408,-77.4941,True,True,True,True,False,True,True,False,False,False
473,1,1.02,199 falcon drive,24hours,00:00:00,00:00:00,0691,False,"{'address': '199 falcon drive', 'city': 'fredericksburg', 'state': 'VA', 'zip': '22408-1930'}","{'food': True, 'fuel': True, 'restrooms': True, 'diesel': True, 'ethanolFreeGas': True, 'open24Hours': True, 'teslaChargingStation': False, 'propane': True, 'chademoChargingStation': False, 'ccsChargingStation': False}",True,True,"[{'category': 'Unleaded'}, {'category': 'Plus'}, {'category': 'Premium'}, {'category': 'Diesel'}, {'category': 'Super'}, {'category': 'xEthanol'}]",38.249665,-77.493122,True,True,True,True,False,True,False,True,False,False
474,2,1.62,10626-1063 courthouse road,24hours,00:00:00,00:00:00,0663,False,"{'address': '10626-1063 courthouse road', 'city': 'fredericksburg', 'state': 'VA', 'zip': '22407-1602'}","{'food': True, 'fuel': True, 'restrooms': True, 'diesel': True, 'ethanolFreeGas': True, 'open24Hours': True, 'teslaChargingStation': False, 'propane': True, 'chademoChargingStation': False, 'ccsChargingStation': False}",True,True,"[{'category': 'Unleaded'}, {'category': 'Plus'}, {'category': 'Premium'}, {'category': 'Diesel'}, {'category': 'Super'}, {'category': 'xEthanol'}]",38.247741,-77.5151,True,True,True,True,False,True,True,True,False,False
475,4,2.51,1140 carl d. silver parkway,24hours,00:00:00,00:00:00,0660,False,"{'address': '1140 carl d. silver parkway', 'city': 'fredericksburg', 'state': 'VA', 'zip': '22401'}","{'food': True, 'fuel': True, 'restrooms': True, 'diesel': True, 'ethanolFreeGas': True, 'open24Hours': True, 'teslaChargingStation': False, 'propane': True, 'chademoChargingStation': False, 'ccsChargingStation': False}",True,True,"[{'category': 'Unleaded'}, {'category': 'Plus'}, {'category': 'Premium'}, {'category': 'Diesel'}, {'category': 'Super'}, {'category': 'xEthanol'}]",38.297254,-77.51373,True,True,True,True,False,True,True,False,False,False
476,6,2.75,10060 patriot highway,24hours,00:00:00,00:00:00,8617,False,"{'address': '10060 patriot highway', 'city': 'fredericksburg', 'state': 'VA', 'zip': '22407'}","{'food': True, 'fuel': True, 'restrooms': True, 'diesel': True, 'ethanolFreeGas': True, 'open24Hours': True, 'teslaChargingStation': True, 'propane': True, 'chademoChargingStation': False, 'ccsChargingStation': False}",True,True,"[{'category': 'Unleaded'}, {'category': 'Plus'}, {'category': 'Premium'}, {'category': 'Diesel'}, {'category': 'Super'}, {'category': 'xEthanol'}]",38.225972,-77.50693,True,True,True,True,False,True,False,True,False,False
477,7,2.97,4527 plank road rte 3,24hours,00:00:00,00:00:00,0664,False,"{'address': '4527 plank road rte 3', 'city': 'fredericksburg', 'state': 'VA', 'zip': '22407-4811'}","{'food': True, 'fuel': True, 'restrooms': True, 'diesel': True, 'ethanolFreeGas': True, 'open24Hours': True, 'teslaChargingStation': False, 'propane': True, 'chademoChargingStation': False, 'ccsChargingStation': False}",True,True,"[{'category': 'Unleaded'}, {'category': 'Plus'}, {'category': 'Premium'}, {'category': 'Diesel'}, {'category': 'Super'}, {'category': 'xEthanol'}]",38.289956,-77.53807,True,True,True,True,False,True,False,True,False,False
478,10,6.11,9235 courthouse road,24hours,00:00:00,00:00:00,8685,False,"{'address': '9235 courthouse road', 'city': 'spotsylvania', 'state': 'VA', 'zip': '22553'}","{'food': True, 'fuel': True, 'restrooms': True, 'diesel': True, 'ethanolFreeGas': True, 'open24Hours': True, 'teslaChargingStation': False, 'propane': False, 'chademoChargingStation': False, 'ccsChargingStation': False}",True,True,"[{'category': 'Unleaded'}, {'category': 'Plus'}, {'category': 'Premium'}, {'category': 'Diesel'}, {'category': 'Super'}, {'category': 'xEthanol'}]",38.207753,-77.580424,True,True,True,True,False,True,False,True,False,False
479,19,17.02,8150 ladysmith road,24hours,00:00:00,00:00:00,6601,False,"{'address': '8150 ladysmith road', 'city': 'ruther glen', 'state': 'VA', 'zip': '22546'}","{'food': True, 'fuel': True, 'restrooms': False, 'diesel': True, 'ethanolFreeGas': True, 'open24Hours': True, 'teslaChargingStation': False, 'propane': False, 'chademoChargingStation': False, 'ccsChargingStation': False}",False,True,"[{'category': 'Unleaded'}, {'category': 'Plus'}, {'category': 'Premium'}, {'category': 'Diesel'}, {'category': 'Super'}, {'category': 'xEthanol'}]",38.01825916,-77.503879,True,True,True,True,False,True,True,True,False,False
480,28,34.97,100 north washington hwy,24hours,00:00:00,00:00:00,8652,False,"{'address': '100 north washington hwy', 'city': 'ashland', 'state': 'VA', 'zip': '23005'}","{'food': True, 'fuel': True, 'restrooms': True, 'diesel': True, 'ethanolFreeGas': False, 'open24Hours': True, 'teslaChargingStation': False, 'propane': True, 'chademoChargingStation': False, 'ccsChargingStation': False}",True,True,"[{'category': 'Unleaded'}, {'category': 'Plus'}, {'category': 'Premium'}, {'category': 'Diesel'}, {'category': 'E85'}, {'category': 'Super'}, {'category': 'E15'}]",37.75859,-77.47165,True,False,False,False,,True,False,False,False,False
481,33,39.99,10373 sliding hill road,24hours,00:00:00,00:00:00,8607,False,"{'address': '10373 sliding hill road', 'city': 'ashland', 'state': 'VA', 'zip': '23005'}","{'food': True, 'fuel': True, 'restrooms': True, 'diesel': True, 'ethanolFreeGas': False, 'open24Hours': True, 'teslaChargingStation': False, 'propane': True, 'chademoChargingStation': False, 'ccsChargingStation': False}",True,True,"[{'category': 'Unleaded'}, {'category': 'Plus'}, {'category': 'Premium'}, {'category': 'Diesel'}, {'category': 'Super'}]",37.68628,-77.460297,True,True,False,True,False,True,False,True,False,False
482,37,42.36,12564 broad street,24hours,00:00:00,00:00:00,0696,False,"{'address': '12564 broad street', 'city': 'henrico', 'state': 'VA', 'zip': '23233-7300'}","{'food': True, 'fuel': True, 'restrooms': True, 'diesel': True, 'ethanolFreeGas': True, 'open24Hours': True, 'teslaChargingStation': False, 'propane': True, 'chademoChargingStation': False, 'ccsChargingStation': False}",True,True,"[{'category': 'Unleaded'}, {'category': 'Plus'}, {'category': 'Premium'}, {'category': 'Diesel'}, {'category': 'Super'}, {'category': 'xEthanol'}]",37.663798,-77.64978,True,True,True,True,False,True,True,True,False,False
483,38,42.77,9179 chamberlayne road,24hours,00:00:00,00:00:00,8602,False,"{'address': '9179 chamberlayne road', 'city': 'mechanicsville', 'state': 'VA', 'zip': '23116'}","{'food': True, 'fuel': True, 'restrooms': True, 'diesel': True, 'ethanolFreeGas': False, 'open24Hours': True, 'teslaChargingStation': False, 'propane': True, 'chademoChargingStation': False, 'ccsChargingStation': False}",True,True,"[{'category': 'Unleaded'}, {'category': 'Plus'}, {'category': 'Premium'}, {'category': 'Diesel'}, {'category': 'Super'}]",37.649469,-77.404251,True,True,True,True,False,True,True,True,False,False
484,39,42.88,11052 west broad street,24hours,00:00:00,00:00:00,8615,False,"{'address': '11052 west broad street', 'city': 'glen allen', 'state': 'VA', 'zip': '23060'}","{'food': True, 'fuel': True, 'restrooms': True, 'diesel': True, 'ethanolFreeGas': False, 'open24Hours': True, 'teslaChargingStation': False, 'propane': True, 'chademoChargingStation': False, 'ccsChargingStation': False}",True,True,"[{'category': 'Unleaded'}, {'category': 'Plus'}, {'category': 'Premium'}, {'category': 'Diesel'}, {'category': 'Super'}]",37.64838,-77.59022,True,True,True,True,False,True,True,False,True,True
485,40,42.98,8800 brook road,24hours,00:00:00,00:00:00,0677,False,"{'address': '8800 brook road', 'city': 'glen allen', 'state': 'VA', 'zip': '23060'}","{'food': True, 'fuel': True, 'restrooms': True, 'diesel': True, 'ethanolFreeGas': False, 'open24Hours': True, 'teslaChargingStation': False, 'propane': True, 'chademoChargingStation': False, 'ccsChargingStation': False}",True,True,"[{'category': 'Unleaded'}, {'category': 'Plus'}, {'category': 'Premium'}, {'category': 'Diesel'}, {'category': 'Super'}]",37.64291078,-77.46098279,True,False,True,False,,True,False,False,False,False
486,43,43.47,8851 staples mill road,24hours,00:00:00,00:00:00,0682,False,"{'address': '8851 staples mill road', 'city': 'henrico', 'state': 'VA', 'zip': '23228-2014'}","{'food': True, 'fuel': True, 'restrooms': True, 'diesel': True, 'ethanolFreeGas': False, 'open24Hours': True, 'teslaChargingStation': False, 'propane': True, 'chademoChargingStation': False, 'ccsChargingStation': False}",True,True,"[{'category': 'Unleaded'}, {'category': 'Plus'}, {'category': 'Premium'}, {'category': 'Diesel'}, {'category': 'Super'}]",37.635361,-77.50858,True,True,True,True,False,True,False,True,False,False
487,45,44.22,8017 w. broad street,18hours,03:00:00,01:30:00,8603,False,"{'address': '8017 w. broad street', 'city': 'henrico', 'state': 'VA', 'zip': '23294'}","{'food': True, 'fuel': True, 'restrooms': True, 'diesel': True, 'ethanolFreeGas': False, 'open24Hours': False, 'teslaChargingStation': False, 'propane': True, 'chademoChargingStation': False, 'ccsChargingStation': False}",True,True,"[{'category': 'Unleaded'}, {'category': 'Plus'}, {'category': 'Premium'}, {'category': 'Diesel'}, {'category': 'Super'}]",37.625114,-77.53161,True,True,True,True,False,True,False,True,False,False
488,48,45.22,9100 three chopt road,18hours,05:00:00,00:00:00,8647,False,"{'address': '9100 three chopt road', 'city': 'henrico', 'state': 'VA', 'zip': '23229'}","{'food': True, 'fuel': True, 'restrooms': True, 'diesel': True, 'ethanolFreeGas': False, 'open24Hours': False, 'teslaChargingStation': False, 'propane': True, 'chademoChargingStation': False, 'ccsChargingStation': False}",True,True,"[{'category': 'Unleaded'}, {'category': 'Plus'}, {'category': 'Premium'}, {'category': 'Diesel'}, {'category': 'Super'}]",37.61227,-77.56387,True,True,True,True,False,False,False,False,False,False
489,49,45.64,5221 brook road,24hours,00:00:00,00:00:00,0655,False,"{'address': '5221 brook road', 'city': 'richmond', 'state': 'VA', 'zip': '23227'}","{'food': True, 'fuel': True, 'restrooms': True, 'diesel': True, 'ethanolFreeGas': False, 'open24Hours': True, 'teslaChargingStation': False, 'propane': True, 'chademoChargingStation': True, 'ccsChargingStation': True}",True,True,"[{'category': 'Unleaded'}, {'category': 'Plus'}, {'category': 'Premium'}, {'category': 'Diesel'}, {'category': 'Super'}]",37.604618,-77.453998,True,True,True,True,False,True,True,False,False,False
490,1,2.17,3100 n. arthur ashe blvd,24hours,00:00:00,00:00:00,8648,False,"{'address': '3100 n. arthur ashe blvd', 'city': 'richmond', 'state': 'VA', 'zip': '23230'}","{'food': True, 'fuel': True, 'restrooms': True, 'diesel': True, 'ethanolFreeGas': False, 'open24Hours': True, 'teslaChargingStation': False, 'propane': True, 'chademoChargingStation': False, 'ccsChargingStation': False}",True,True,"[{'category': 'Unleaded'}, {'category': 'Plus'}, {'category': 'Premium'}, {'category': 'Diesel'}, {'category': 'Super'}]",37.574222,-77.464054,True,True,True,True,False,True,False,True,False,False
491,2,2.3,2415 staples mill rd,24hours,00:00:00,00:00:00,8630,False,"{'address': '2415 staples mill rd', 'city': 'richmond', 'state': 'VA', 'zip': '23230-2510'}","{'food': True, 'fuel': True, 'restrooms': True, 'diesel': True, 'ethanolFreeGas': False, 'open24Hours': True, 'teslaChargingStation': False, 'propane': True, 'chademoChargingStation': False, 'ccsChargingStation': False}",True,True,"[{'category': 'Unleaded'}, {'category': 'Plus'}, {'category': 'Premium'}, {'category': 'Diesel'}, {'category': 'Super'}]",37.591706,-77.492698,True,True,True,True,False,True,True,True,False,False
492,4,2.98,5900 w broad street,24hours,00:00:00,00:00:00,8688,False,"{'address': '5900 w broad street', 'city': 'richmond', 'state': 'VA', 'zip': '23230'}","{'food': True, 'fuel': True, 'restrooms': True, 'diesel': True, 'ethanolFreeGas': False, 'open24Hours': True, 'teslaChargingStation': False, 'propane': False, 'chademoChargingStation': False, 'ccsChargingStation': False}",True,True,"[{'category': 'Unleaded'}, {'category': 'Plus'}, {'category': 'Premium'}, {'category': 'Diesel'}, {'category': 'Super'}]",37.5919901,-77.50595959,True,True,True,True,False,True,True,False,False,False
493,8,5.16,1300 n. laburnum avenue,24hours,00:00:00,00:00:00,8635,False,"{'address': '1300 n. laburnum avenue', 'city': 'richmond', 'state': 'VA', 'zip': '23223-2618'}","{'food': True, 'fuel': True, 'restrooms': True, 'diesel': True, 'ethanolFreeGas': False, 'open24Hours': True, 'teslaChargingStation': False, 'propane': True, 'chademoChargingStation': False, 'ccsChargingStation': False}",True,True,"[{'category': 'Unleaded'}, {'category': 'Plus'}, {'category': 'Premium'}, {'category': 'Diesel'}, {'category': 'Super'}]",37.562,-77.3767,True,False,False,False,,True,False,False,False,False
494,11,6.28,7316 forest hill ave,24hours,00:00:00,00:00:00,8600,False,"{'address': '7316 forest hill ave', 'city': 'richmond', 'state': 'VA', 'zip': '23225'}","{'food': True, 'fuel': True, 'restrooms': True, 'diesel': True, 'ethanolFreeGas': False, 'open24Hours': True, 'teslaChargingStation': True, 'propane': True, 'chademoChargingStation': False, 'ccsChargingStation': False}",True,True,"[{'category': 'Unleaded'}, {'category': 'Plus'}, {'category': 'Premium'}, {'category': 'Diesel'}, {'category': 'Super'}]",37.537728,-77.53158,True,True,True,True,False,True,True,True,False,False
495,12,6.91,7847 compass point lane,24hours,00:00:00,00:00:00,8634,False,"{'address': '7847 compass point lane', 'city': 'mechanicsville', 'state': 'VA', 'zip': '23111-6515'}","{'food': True, 'fuel': True, 'restrooms': True, 'diesel': True, 'ethanolFreeGas': False, 'open24Hours': True, 'teslaChargingStation': True, 'propane': True, 'chademoChargingStation': False, 'ccsChargingStation': False}",True,True,"[{'category': 'Unleaded'}, {'category': 'Plus'}, {'category': 'Premium'}, {'category': 'Diesel'}, {'category': 'Super'}]",37.613293,-77.328321,True,True,True,True,False,True,True,True,False,False
496,13,7.53,7073 creighton road,24hours,00:00:00,00:00:00,6607,False,"{'address': '7073 creighton road', 'city': 'mechanicsville', 'state': 'VA', 'zip': '23111'}","{'food': True, 'fuel': True, 'restrooms': True, 'diesel': True, 'ethanolFreeGas': False, 'open24Hours': True, 'teslaChargingStation': False, 'propane': False, 'chademoChargingStation': False, 'ccsChargingStation': False}",True,True,"[{'category': 'Unleaded'}, {'category': 'Plus'}, {'category': 'Premium'}, {'category': 'Diesel'}, {'category': 'Super'}]",37.59095307,-77.31747224,True,True,True,True,False,True,False,True,False,False
497,15,8.45,7500 midlothian turnpike,24hours,00:00:00,00:00:00,0672,False,"{'address': '7500 midlothian turnpike', 'city': 'richmond', 'state': 'VA', 'zip': '23225-5420'}","{'food': True, 'fuel': True, 'restrooms': True, 'diesel': True, 'ethanolFreeGas': False, 'open24Hours': True, 'teslaChargingStation': False, 'propane': False, 'chademoChargingStation': False, 'ccsChargingStation': False}",True,True,"[{'category': 'Unleaded'}, {'category': 'Plus'}, {'category': 'Premium'}, {'category': 'Diesel'}, {'category': 'Super'}]",37.500523,-77.53506,True,True,True,True,False,True,False,True,False,False
498,16,8.62,5301 south laburnum ave,24hours,00:00:00,00:00:00,8626,False,"{'address': '5301 south laburnum ave', 'city': 'henrico', 'state': 'VA', 'zip': '23231-4413'}","{'food': True, 'fuel': True, 'restrooms': True, 'diesel': True, 'ethanolFreeGas': False, 'open24Hours': True, 'teslaChargingStation': False, 'propane': False, 'chademoChargingStation': False, 'ccsChargingStation': False}",True,True,"[{'category': 'Unleaded'}, {'category': 'Plus'}, {'category': 'Premium'}, {'category': 'Diesel'}, {'category': 'Super'}]",37.511781,-77.348803,True,True,True,True,False,True,False,True,True,True
499,17,8.79,500 south airport drive,24hours,00:00:00,00:00:00,8605,False,"{'address': '500 south airport drive', 'city': 'sandston', 'state': 'VA', 'zip': '23150'}","{'food': True, 'fuel': True, 'restrooms': True, 'diesel': True, 'ethanolFreeGas': False, 'open24Hours': True, 'teslaChargingStation': False, 'propane': True, 'chademoChargingStation': False, 'ccsChargingStation': False}",True,True,"[{'category': 'Unleaded'}, {'category': 'Plus'}, {'category': 'Premium'}, {'category': 'Diesel'}, {'category': 'Super'}]",37.524799,-77.32899,True,False,False,False,,True,False,False,False,False
500,18,10.57,11021 midlothian tpk,24hours,00:00:00,00:00:00,0659,False,"{'address': '11021 midlothian tpk', 'city': 'richmond', 'state': 'VA', 'zip': '23235-4709'}","{'food': True, 'fuel': True, 'restrooms': True, 'diesel': True, 'ethanolFreeGas': False, 'open24Hours': True, 'teslaChargingStation': False, 'propane': True, 'chademoChargingStation': False, 'ccsChargingStation': False}",True,True,"[{'category': 'Unleaded'}, {'category': 'Plus'}, {'category': 'Premium'}, {'category': 'Diesel'}, {'category': 'Super'}]",37.505336,-77.60081,True,True,True,True,False,True,True,False,False,False
501,21,11.87,6001 ironbridge road,24hours,00:00:00,00:00:00,0673,False,"{'address': '6001 ironbridge road', 'city': 'north chesterfield', 'state': 'VA', 'zip': '23234-5225'}","{'food': True, 'fuel': True, 'restrooms': True, 'diesel': True, 'ethanolFreeGas': False, 'open24Hours': True, 'teslaChargingStation': False, 'propane': True, 'chademoChargingStation': False, 'ccsChargingStation': False}",True,True,"[{'category': 'Unleaded'}, {'category': 'Plus'}, {'category': 'Premium'}, {'category': 'Diesel'}, {'category': 'Super'}]",37.435069,-77.48913,True,True,True,True,False,True,False,True,False,False
502,22,12.3,410 winterplace way,24hours,00:00:00,00:00:00,8684,False,"{'address': '410 winterplace way', 'city': 'midlothian', 'state': 'VA', 'zip': '23113'}","{'food': True, 'fuel': True, 'restrooms': False, 'diesel': True, 'ethanolFreeGas': True, 'open24Hours': True, 'teslaChargingStation': False, 'propane': False, 'chademoChargingStation': False, 'ccsChargingStation': False}",True,True,"[{'category': 'Unleaded'}, {'category': 'Plus'}, {'category': 'Premium'}, {'category': 'Diesel'}, {'category': 'Super'}, {'category': 'xEthanol'}]",37.55455861,-77.66957307,True,True,True,True,False,True,False,False,False,False
503,23,13.27,10135 hull street road,24hours,00:00:00,00:00:00,8625,False,"{'address': '10135 hull street road', 'city': 'midlothian', 'state': 'VA', 'zip': '23112-3301'}","{'food': True, 'fuel': True, 'restrooms': True, 'diesel': True, 'ethanolFreeGas': False, 'open24Hours': True, 'teslaChargingStation': False, 'propane': False, 'chademoChargingStation': False, 'ccsChargingStation': False}",True,True,"[{'category': 'Unleaded'}, {'category': 'Plus'}, {'category': 'Premium'}, {'category': 'Diesel'}, {'category': 'Super'}]",37.442133,-77.583035,True,True,True,True,False,True,False,False,False,False
504,24,14.55,3850 n. bailey bridge road,24hours,00:00:00,00:00:00,0674,False,"{'address': '3850 n. bailey bridge road', 'city': 'midlothian', 'state': 'VA', 'zip': '23112-2912'}","{'food': True, 'fuel': True, 'restrooms': True, 'diesel': True, 'ethanolFreeGas': False, 'open24Hours': True, 'teslaChargingStation': False, 'propane': True, 'chademoChargingStation': False, 'ccsChargingStation': False}",True,True,"[{'category': 'Unleaded'}, {'category': 'Plus'}, {'category': 'Premium'}, {'category': 'Diesel'}, {'category': 'Super'}]",37.434614,-77.610548,True,True,True,True,False,True,False,True,False,False
505,25,14.83,150 pike view dr,24hours,00:00:00,00:00:00,8623,False,"{'address': '150 pike view dr', 'city': 'midlothian', 'state': 'VA', 'zip': '23113'}","{'food': True, 'fuel': True, 'restrooms': True, 'diesel': True, 'ethanolFreeGas': False, 'open24Hours': True, 'teslaChargingStation': False, 'propane': True, 'chademoChargingStation': False, 'ccsChargingStation': False}",True,True,"[{'category': 'Unleaded'}, {'category': 'Plus'}, {'category': 'Premium'}, {'category': 'Diesel'}, {'category': 'Super'}]",37.513172,-77.698883,True,False,True,False,,True,False,True,False,False
506,26,16.51,11701 jefferson davis hwy.,24hours,00:00:00,00:00:00,0692,False,"{'address': '11701 jefferson davis hwy.', 'city': 'chester', 'state': 'VA', 'zip': '23831'}","{'food': True, 'fuel': True, 'restrooms': True, 'diesel': True, 'ethanolFreeGas': False, 'open24Hours': True, 'teslaChargingStation': True, 'propane': True, 'chademoChargingStation': False, 'ccsChargingStation': False}",True,True,"[{'category': 'Unleaded'}, {'category': 'Plus'}, {'category': 'Premium'}, {'category': 'Diesel'}, {'category': 'Super'}]",37.367534,-77.416508,True,False,False,False,,True,False,False,False,False
507,27,16.78,11021 iron bridge road (rt. 10,24hours,00:00:00,00:00:00,0670,False,"{'address': '11021 iron bridge road (rt. 10', 'city': 'chester', 'state': 'VA', 'zip': '23831-1440'}","{'food': True, 'fuel': True, 'restrooms': True, 'diesel': True, 'ethanolFreeGas': False, 'open24Hours': True, 'teslaChargingStation': False, 'propane': True, 'chademoChargingStation': False, 'ccsChargingStation': False}",True,True,"[{'category': 'Unleaded'}, {'category': 'Plus'}, {'category': 'Premium'}, {'category': 'Diesel'}, {'category': 'Super'}]",37.364281,-77.497729,True,True,True,True,False,True,False,True,False,False
508,28,18.0,12001 southshore point dr.,24hours,00:00:00,00:00:00,0657,False,"{'address': '12001 southshore point dr.', 'city': 'midlothian', 'state': 'VA', 'zip': '23112-2088'}","{'food': True, 'fuel': True, 'restrooms': True, 'diesel': True, 'ethanolFreeGas': False, 'open24Hours': True, 'teslaChargingStation': False, 'propane': True, 'chademoChargingStation': False, 'ccsChargingStation': False}",True,True,"[{'category': 'Unleaded'}, {'category': 'Plus'}, {'category': 'Premium'}, {'category': 'Diesel'}, {'category': 'Super'}]",37.405186,-77.66518,True,False,False,False,,True,False,False,False,False
509,29,18.76,600 e. hundred rd.,24hours,00:00:00,00:00:00,0676,False,"{'address': '600 e. hundred rd.', 'city': 'chester', 'state': 'VA', 'zip': '23836-2757'}","{'food': True, 'fuel': True, 'restrooms': True, 'diesel': True, 'ethanolFreeGas': False, 'open24Hours': True, 'teslaChargingStation': False, 'propane': False, 'chademoChargingStation': False, 'ccsChargingStation': False}",True,True,"[{'category': 'Unleaded'}, {'category': 'Plus'}, {'category': 'Premium'}, {'category': 'Diesel'}, {'category': 'Super'}]",37.347104,-77.34548,True,True,True,True,False,True,False,True,False,False
510,30,19.95,16000 otterdale station way,24hours,00:00:00,00:00:00,8651,False,"{'address': '16000 otterdale station way', 'city': 'chesterfield', 'state': 'VA', 'zip': '23832'}","{'food': True, 'fuel': True, 'restrooms': True, 'diesel': True, 'ethanolFreeGas': False, 'open24Hours': True, 'teslaChargingStation': False, 'propane': True, 'chademoChargingStation': False, 'ccsChargingStation': False}",True,True,"[{'category': 'Unleaded'}, {'category': 'Plus'}, {'category': 'Premium'}, {'category': 'Diesel'}, {'category': 'Super'}]",37.39838435,-77.70860699,True,True,True,True,False,False,False,True,False,False
511,31,20.77,15840 jefferson davis highway,24hours,00:00:00,00:00:00,0684,False,"{'address': '15840 jefferson davis highway', 'city': 'colonial heights', 'state': 'VA', 'zip': '23834-5202'}","{'food': True, 'fuel': True, 'restrooms': True, 'diesel': True, 'ethanolFreeGas': False, 'open24Hours': True, 'teslaChargingStation': True, 'propane': True, 'chademoChargingStation': False, 'ccsChargingStation': False}",True,True,"[{'category': 'Unleaded'}, {'category': 'Plus'}, {'category': 'Premium'}, {'category': 'Diesel'}, {'category': 'Super'}]",37.306045,-77.409794,True,True,True,True,False,True,True,True,False,False
512,32,24.22,907 colonial corner drive,24hours,00:00:00,00:00:00,0698,False,"{'address': '907 colonial corner drive', 'city': 'hopewell', 'state': 'VA', 'zip': '23860'}","{'food': True, 'fuel': True, 'restrooms': True, 'diesel': True, 'ethanolFreeGas': False, 'open24Hours': True, 'teslaChargingStation': True, 'propane': True, 'chademoChargingStation': False, 'ccsChargingStation': False}",True,True,"[{'category': 'Unleaded'}, {'category': 'Plus'}, {'category': 'Premium'}, {'category': 'Diesel'}, {'category': 'Super'}]",37.271472,-77.31685,True,True,True,True,False,True,False,True,False,False
513,33,24.5,1270 temple ave,24hours,00:00:00,00:00:00,8624,False,"{'address': '1270 temple ave', 'city': 'colonial heights', 'state': 'VA', 'zip': '23834-2984'}","{'food': True, 'fuel': True, 'restrooms': True, 'diesel': True, 'ethanolFreeGas': False, 'open24Hours': True, 'teslaChargingStation': False, 'propane': False, 'chademoChargingStation': False, 'ccsChargingStation': False}",True,True,"[{'category': 'Unleaded'}, {'category': 'Plus'}, {'category': 'Premium'}, {'category': 'Diesel'}, {'category': 'Super'}]",37.254414,-77.383566,True,True,False,True,False,True,False,True,False,False
514,34,25.01,604 boulevard,18hours,03:30:00,00:00:00,0693,False,"{'address': '604 boulevard', 'city': 'colonial heights', 'state': 'VA', 'zip': '23834-3261'}","{'food': True, 'fuel': True, 'restrooms': True, 'diesel': True, 'ethanolFreeGas': False, 'open24Hours': False, 'teslaChargingStation': False, 'propane': True, 'chademoChargingStation': False, 'ccsChargingStation': False}",True,True,"[{'category': 'Unleaded'}, {'category': 'Plus'}, {'category': 'Premium'}, {'category': 'Diesel'}, {'category': 'Super'}]",37.244293,-77.41088,True,False,False,False,,True,False,False,False,False
515,36,29.06,3199 south crater road,18hours,03:00:00,00:00:00,0683,False,"{'address': '3199 south crater road', 'city': 'petersburg', 'state': 'VA', 'zip': '23805'}","{'food': True, 'fuel': True, 'restrooms': True, 'diesel': True, 'ethanolFreeGas': True, 'open24Hours': False, 'teslaChargingStation': False, 'propane': True, 'chademoChargingStation': False, 'ccsChargingStation': False}",True,True,"[{'category': 'Unleaded'}, {'category': 'Plus'}, {'category': 'Premium'}, {'category': 'Diesel'}, {'category': 'Super'}, {'category': 'xEthanol'}]",37.189407,-77.370036,True,True,True,True,False,True,True,True,False,False
516,39,42.49,6446 richmond road,24hours,00:00:00,00:00:00,8664,False,"{'address': '6446 richmond road', 'city': 'williamsburg', 'state': 'VA', 'zip': '23188'}","{'food': True, 'fuel': True, 'restrooms': True, 'diesel': True, 'ethanolFreeGas': False, 'open24Hours': True, 'teslaChargingStation': False, 'propane': False, 'chademoChargingStation': False, 'ccsChargingStation': False}",True,True,"[{'category': 'Unleaded'}, {'category': 'Plus'}, {'category': 'Premium'}, {'category': 'Diesel'}, {'category': 'Super'}]",37.340324,-76.754341,True,True,True,True,False,True,True,False,True,True
517,45,46.7,315 richmond rd.,24hours,00:00:00,00:00:00,0681,False,"{'address': '315 richmond rd.', 'city': 'williamsburg', 'state': 'VA', 'zip': '23185'}","{'food': True, 'fuel': False, 'restrooms': False, 'diesel': False, 'ethanolFreeGas': None, 'open24Hours': True, 'teslaChargingStation': False, 'propane': False, 'chademoChargingStation': False, 'ccsChargingStation': False}",True,True,[],37.273297,-76.71193,True,True,True,True,False,True,False,True,False,False
518,49,48.64,842 merrimac trail,24hours,00:00:00,00:00:00,0699,False,"{'address': '842 merrimac trail', 'city': 'williamsburg', 'state': 'VA', 'zip': '23185-5314'}","{'food': True, 'fuel': True, 'restrooms': True, 'diesel': True, 'ethanolFreeGas': False, 'open24Hours': True, 'teslaChargingStation': True, 'propane': True, 'chademoChargingStation': False, 'ccsChargingStation': False}",True,True,"[{'category': 'Unleaded'}, {'category': 'Plus'}, {'category': 'Premium'}, {'category': 'Diesel'}, {'category': 'Super'}]",37.266111,-76.67656,True,True,True,True,False,True,True,False,False,False
519,3,10.02,5120 george washington memoria,24hours,00:00:00,00:00:00,0652,False,"{'address': '5120 george washington memoria', 'city': 'hayes', 'state': 'VA', 'zip': '23072-2826'}","{'food': True, 'fuel': True, 'restrooms': True, 'diesel': True, 'ethanolFreeGas': True, 'open24Hours': True, 'teslaChargingStation': False, 'propane': True, 'chademoChargingStation': False, 'ccsChargingStation': False}",True,True,"[{'category': 'Unleaded'}, {'category': 'Plus'}, {'category': 'Premium'}, {'category': 'Diesel'}, {'category': 'Super'}, {'category': 'xEthanol'}]",37.344598,-76.523282,True,True,True,True,False,True,False,False,False,False
520,4,11.44,14803 warwick boulevard,24hours,00:00:00,00:00:00,0656,False,"{'address': '14803 warwick boulevard', 'city': 'newport news', 'state': 'VA', 'zip': '23608'}","{'food': True, 'fuel': True, 'restrooms': True, 'diesel': True, 'ethanolFreeGas': False, 'open24Hours': True, 'teslaChargingStation': False, 'propane': True, 'chademoChargingStation': False, 'ccsChargingStation': False}",True,True,"[{'category': 'Unleaded'}, {'category': 'Plus'}, {'category': 'Premium'}, {'category': 'Diesel'}, {'category': 'Super'}]",37.136763,-76.54673,True,True,True,True,False,True,True,False,False,False
521,5,13.56,5824 george washington memoria,24hours,00:00:00,00:00:00,0687,False,"{'address': '5824 george washington memoria', 'city': 'yorktown', 'state': 'VA', 'zip': '23692-2774'}","{'food': True, 'fuel': True, 'restrooms': True, 'diesel': True, 'ethanolFreeGas': False, 'open24Hours': True, 'teslaChargingStation': True, 'propane': True, 'chademoChargingStation': False, 'ccsChargingStation': False}",True,True,"[{'category': 'Unleaded'}, {'category': 'Plus'}, {'category': 'Premium'}, {'category': 'Diesel'}, {'category': 'Super'}]",37.165506,-76.46499,True,True,False,True,False,True,False,False,False,False
522,6,15.29,12095 jefferson ave,24hours,00:00:00,00:00:00,8631,False,"{'address': '12095 jefferson ave', 'city': 'newport news', 'state': 'VA', 'zip': '23606-4325'}","{'food': True, 'fuel': True, 'restrooms': True, 'diesel': True, 'ethanolFreeGas': False, 'open24Hours': True, 'teslaChargingStation': False, 'propane': True, 'chademoChargingStation': False, 'ccsChargingStation': False}",True,True,"[{'category': 'Unleaded'}, {'category': 'Plus'}, {'category': 'Premium'}, {'category': 'Diesel'}, {'category': 'Super'}]",37.100383,-76.492595,True,True,True,True,False,True,False,True,False,False
523,7,15.72,2610 george washington mem hwy,24hours,00:00:00,00:00:00,8657,False,"{'address': '2610 george washington mem hwy', 'city': 'yorktown', 'state': 'VA', 'zip': '23693'}","{'food': True, 'fuel': True, 'restrooms': True, 'diesel': True, 'ethanolFreeGas': False, 'open24Hours': True, 'teslaChargingStation': False, 'propane': True, 'chademoChargingStation': False, 'ccsChargingStation': False}",True,True,"[{'category': 'Unleaded'}, {'category': 'Plus'}, {'category': 'Premium'}, {'category': 'Diesel'}, {'category': 'Super'}]",37.120749,-76.456763,True,True,True,True,False,True,False,True,False,False
524,8,17.52,772 j. clyde morris blvd,24hours,00:00:00,00:00:00,0685,False,"{'address': '772 j. clyde morris blvd', 'city': 'newport news', 'state': 'VA', 'zip': '23607'}","{'food': True, 'fuel': True, 'restrooms': True, 'diesel': True, 'ethanolFreeGas': False, 'open24Hours': True, 'teslaChargingStation': False, 'propane': True, 'chademoChargingStation': True, 'ccsChargingStation': True}",True,True,"[{'category': 'Unleaded'}, {'category': 'Plus'}, {'category': 'Premium'}, {'category': 'Diesel'}, {'category': 'Super'}]",37.080586,-76.45954,True,False,False,False,,True,False,False,False,False
525,9,18.44,11124 jefferson avenue,24hours,00:00:00,00:00:00,8654,False,"{'address': '11124 jefferson avenue', 'city': 'newport news', 'state': 'VA', 'zip': '23601'}","{'food': True, 'fuel': True, 'restrooms': True, 'diesel': True, 'ethanolFreeGas': False, 'open24Hours': True, 'teslaChargingStation': False, 'propane': True, 'chademoChargingStation': False, 'ccsChargingStation': False}",True,True,"[{'category': 'Unleaded'}, {'category': 'Plus'}, {'category': 'Premium'}, {'category': 'Diesel'}, {'category': 'Super'}]",37.05939,-76.464792,True,False,False,False,,True,False,False,False,False
526,10,21.28,5280 w mercury blvd,18hours,04:00:00,00:00:00,8641,False,"{'address': '5280 w mercury blvd', 'city': 'newport news', 'state': 'VA', 'zip': '23605-2700'}","{'food': True, 'fuel': True, 'restrooms': True, 'diesel': True, 'ethanolFreeGas': False, 'open24Hours': False, 'teslaChargingStation': False, 'propane': False, 'chademoChargingStation': False, 'ccsChargingStation': False}",True,True,"[{'category': 'Unleaded'}, {'category': 'Plus'}, {'category': 'Premium'}, {'category': 'Diesel'}, {'category': 'Super'}]",37.022279,-76.440365,True,True,True,True,False,True,False,True,False,False
527,11,21.63,2401 w. mercury blvd,18hours,04:00:00,00:00:00,8629,False,"{'address': '2401 w. mercury blvd', 'city': 'hampton', 'state': 'VA', 'zip': '23666-3101'}","{'food': True, 'fuel': True, 'restrooms': True, 'diesel': True, 'ethanolFreeGas': False, 'open24Hours': False, 'teslaChargingStation': False, 'propane': True, 'chademoChargingStation': False, 'ccsChargingStation': False}",True,True,"[{'category': 'Unleaded'}, {'category': 'Plus'}, {'category': 'Premium'}, {'category': 'Diesel'}, {'category': 'Super'}]",37.0365,-76.4095,True,True,True,True,False,True,True,True,False,False
528,12,25.19,301 e. mercury blvd,24hours,00:00:00,00:00:00,8642,False,"{'address': '301 e. mercury blvd', 'city': 'hampton', 'state': 'VA', 'zip': '23663'}","{'food': True, 'fuel': True, 'restrooms': True, 'diesel': True, 'ethanolFreeGas': False, 'open24Hours': True, 'teslaChargingStation': False, 'propane': False, 'chademoChargingStation': False, 'ccsChargingStation': False}",True,True,"[{'category': 'Unleaded'}, {'category': 'Plus'}, {'category': 'Premium'}, {'category': 'Diesel'}, {'category': 'Super'}]",37.03298,-76.32487,True,True,True,True,False,True,True,True,False,False
529,13,30.66,8105 hampton blvd,24hours,00:00:00,00:00:00,8606,False,"{'address': '8105 hampton blvd', 'city': 'norfolk', 'state': 'VA', 'zip': '23505'}","{'food': True, 'fuel': True, 'restrooms': True, 'diesel': True, 'ethanolFreeGas': False, 'open24Hours': True, 'teslaChargingStation': False, 'propane': False, 'chademoChargingStation': False, 'ccsChargingStation': False}",True,True,"[{'category': 'Unleaded'}, {'category': 'Plus'}, {'category': 'Premium'}, {'category': 'Diesel'}, {'category': 'Super'}]",36.926766,-76.31815,True,True,True,True,False,True,False,True,False,False
530,14,31.13,3408 western branch blvd,24hours,00:00:00,00:00:00,0695,False,"{'address': '3408 western branch blvd', 'city': 'chesapeake', 'state': 'VA', 'zip': '23321'}","{'food': True, 'fuel': True, 'restrooms': True, 'diesel': True, 'ethanolFreeGas': False, 'open24Hours': True, 'teslaChargingStation': False, 'propane': True, 'chademoChargingStation': False, 'ccsChargingStation': False}",True,True,"[{'category': 'Unleaded'}, {'category': 'Plus'}, {'category': 'Premium'}, {'category': 'Diesel'}, {'category': 'Super'}]",36.866388,-76.41615,True,True,True,True,False,True,False,False,False,False
531,15,34.13,975 east little creek road,18hours,04:00:00,00:00:00,8604,False,"{'address': '975 east little creek road', 'city': 'norfolk', 'state': 'VA', 'zip': '23518'}","{'food': True, 'fuel': True, 'restrooms': True, 'diesel': True, 'ethanolFreeGas': False, 'open24Hours': False, 'teslaChargingStation': False, 'propane': True, 'chademoChargingStation': False, 'ccsChargingStation': False}",True,True,"[{'category': 'Unleaded'}, {'category': 'Plus'}, {'category': 'Premium'}, {'category': 'Diesel'}, {'category': 'Super'}]",36.913941,-76.24232,True,True,True,True,False,True,False,True,False,False
532,16,34.13,2916 godwin blvd,24hours,00:00:00,00:00:00,8638,False,"{'address': '2916 godwin blvd', 'city': 'suffolk', 'state': 'VA', 'zip': '23434-8040'}","{'food': True, 'fuel': True, 'restrooms': True, 'diesel': True, 'ethanolFreeGas': False, 'open24Hours': True, 'teslaChargingStation': False, 'propane': False, 'chademoChargingStation': False, 'ccsChargingStation': False}",True,True,"[{'category': 'Unleaded'}, {'category': 'Plus'}, {'category': 'Premium'}, {'category': 'Diesel'}, {'category': 'Super'}]",36.7778,-76.5826,True,True,True,True,False,True,False,True,True,True
533,18,35.54,1200 frederick blvd,24hours,00:00:00,00:00:00,8636,False,"{'address': '1200 frederick blvd', 'city': 'portsmouth', 'state': 'VA', 'zip': '23707-4119'}","{'food': True, 'fuel': True, 'restrooms': True, 'diesel': True, 'ethanolFreeGas': False, 'open24Hours': True, 'teslaChargingStation': False, 'propane': True, 'chademoChargingStation': False, 'ccsChargingStation': False}",True,True,"[{'category': 'Unleaded'}, {'category': 'Plus'}, {'category': 'Premium'}, {'category': 'Diesel'}, {'category': 'Super'}]",36.8278,-76.3392,True,True,True,True,False,True,True,False,False,False
534,19,35.58,6301 n military hwy,24hours,00:00:00,00:00:00,8628,False,"{'address': '6301 n military hwy', 'city': 'norfolk', 'state': 'VA', 'zip': '23518-5436'}","{'food': True, 'fuel': True, 'restrooms': True, 'diesel': True, 'ethanolFreeGas': False, 'open24Hours': True, 'teslaChargingStation': True, 'propane': True, 'chademoChargingStation': False, 'ccsChargingStation': False}",True,True,"[{'category': 'Unleaded'}, {'category': 'Plus'}, {'category': 'Premium'}, {'category': 'Diesel'}, {'category': 'Super'}]",36.897126,-76.22626,True,True,True,True,False,True,True,True,False,False
535,20,35.98,720 london blvd,18hours,04:00:00,00:00:00,8672,False,"{'address': '720 london blvd', 'city': 'portsmouth', 'state': 'VA', 'zip': '23704'}","{'food': True, 'fuel': True, 'restrooms': True, 'diesel': True, 'ethanolFreeGas': False, 'open24Hours': False, 'teslaChargingStation': True, 'propane': True, 'chademoChargingStation': False, 'ccsChargingStation': False}",True,True,"[{'category': 'Unleaded'}, {'category': 'Plus'}, {'category': 'Premium'}, {'category': 'Diesel'}, {'category': 'Super'}]",36.83715,-76.30657,True,True,True,True,False,True,False,False,False,False
536,21,36.0,4005 victory blvd,24hours,00:00:00,00:00:00,8612,False,"{'address': '4005 victory blvd', 'city': 'portsmouth', 'state': 'VA', 'zip': '23701'}","{'food': True, 'fuel': True, 'restrooms': True, 'diesel': True, 'ethanolFreeGas': False, 'open24Hours': True, 'teslaChargingStation': False, 'propane': True, 'chademoChargingStation': False, 'ccsChargingStation': False}",True,True,"[{'category': 'Unleaded'}, {'category': 'Plus'}, {'category': 'Premium'}, {'category': 'Diesel'}, {'category': 'Super'}]",36.810551,-76.35991,True,True,True,True,False,True,False,True,False,False
537,22,36.61,3360 e princess anne rd,18hours,05:00:00,00:00:00,8633,False,"{'address': '3360 e princess anne rd', 'city': 'norfolk', 'state': 'VA', 'zip': '23502-1564'}","{'food': True, 'fuel': True, 'restrooms': True, 'diesel': True, 'ethanolFreeGas': False, 'open24Hours': False, 'teslaChargingStation': False, 'propane': True, 'chademoChargingStation': False, 'ccsChargingStation': False}",True,True,"[{'category': 'Unleaded'}, {'category': 'Plus'}, {'category': 'Premium'}, {'category': 'Diesel'}, {'category': 'Super'}]",36.863276,-76.245142,True,True,True,True,False,True,False,False,False,False
538,24,37.42,1510 holland rd,24hours,00:00:00,00:00:00,8696,False,"{'address': '1510 holland rd', 'city': 'suffolk', 'state': 'VA', 'zip': '23434'}","{'food': True, 'fuel': True, 'restrooms': False, 'diesel': True, 'ethanolFreeGas': False, 'open24Hours': True, 'teslaChargingStation': False, 'propane': False, 'chademoChargingStation': False, 'ccsChargingStation': False}",True,True,"[{'category': 'Unleaded'}, {'category': 'Plus'}, {'category': 'Premium'}, {'category': 'Diesel'}, {'category': 'Super'}]",36.725497,-76.63518,True,True,True,True,False,True,False,True,False,False
539,25,37.98,5701 northampton blvd,24hours,00:00:00,00:00:00,8609,False,"{'address': '5701 northampton blvd', 'city': 'virginia beach', 'state': 'VA', 'zip': '23455'}","{'food': True, 'fuel': True, 'restrooms': True, 'diesel': True, 'ethanolFreeGas': False, 'open24Hours': True, 'teslaChargingStation': False, 'propane': True, 'chademoChargingStation': False, 'ccsChargingStation': False}",True,True,"[{'category': 'Unleaded'}, {'category': 'Plus'}, {'category': 'Premium'}, {'category': 'Diesel'}, {'category': 'Super'}]",36.885646,-76.179228,True,False,True,False,,True,False,True,False,False
540,26,38.01,1146 n. military hwy.,18hours,03:00:00,01:00:00,8645,False,"{'address': '1146 n. military hwy.', 'city': 'norfolk', 'state': 'VA', 'zip': '23502'}","{'food': True, 'fuel': True, 'restrooms': True, 'diesel': True, 'ethanolFreeGas': False, 'open24Hours': False, 'teslaChargingStation': True, 'propane': True, 'chademoChargingStation': True, 'ccsChargingStation': True}",True,True,"[{'category': 'Unleaded'}, {'category': 'Plus'}, {'category': 'Premium'}, {'category': 'Diesel'}, {'category': 'Super'}]",36.8613,-76.2096,True,False,False,False,,True,False,False,False,False
541,28,38.73,3400 s. military hwy,24hours,00:00:00,00:00:00,8668,False,"{'address': '3400 s. military hwy', 'city': 'chesapeake', 'state': 'VA', 'zip': '23323'}","{'food': True, 'fuel': True, 'restrooms': True, 'diesel': True, 'ethanolFreeGas': False, 'open24Hours': True, 'teslaChargingStation': False, 'propane': True, 'chademoChargingStation': False, 'ccsChargingStation': False}",True,True,"[{'category': 'Unleaded'}, {'category': 'Plus'}, {'category': 'Premium'}, {'category': 'Diesel'}, {'category': 'Super'}]",36.77229357,-76.34429932,True,False,False,False,,True,False,False,False,False
542,29,38.85,4800 shore drive,24hours,00:00:00,00:00:00,0675,False,"{'address': '4800 shore drive', 'city': 'virginia beach', 'state': 'VA', 'zip': '23455'}","{'food': True, 'fuel': True, 'restrooms': True, 'diesel': True, 'ethanolFreeGas': False, 'open24Hours': True, 'teslaChargingStation': False, 'propane': True, 'chademoChargingStation': False, 'ccsChargingStation': False}",True,True,"[{'category': 'Unleaded'}, {'category': 'Plus'}, {'category': 'Premium'}, {'category': 'Diesel'}, {'category': 'Super'}]",36.905203,-76.13609,True,True,True,True,False,True,False,True,False,False
543,31,39.75,701 n. newtown rd,24hours,00:00:00,00:00:00,8661,False,"{'address': '701 n. newtown rd', 'city': 'norfolk', 'state': 'VA', 'zip': '23502'}","{'food': True, 'fuel': True, 'restrooms': True, 'diesel': True, 'ethanolFreeGas': False, 'open24Hours': True, 'teslaChargingStation': False, 'propane': False, 'chademoChargingStation': False, 'ccsChargingStation': False}",True,True,"[{'category': 'Unleaded'}, {'category': 'Plus'}, {'category': 'Premium'}, {'category': 'Diesel'}, {'category': 'Super'}]",36.8485,-76.1807,True,True,True,True,False,True,True,True,False,False
544,36,40.86,720 woodlake drive,24hours,00:00:00,00:00:00,0654,False,"{'address': '720 woodlake drive', 'city': 'chesapeake', 'state': 'VA', 'zip': '23320'}","{'food': True, 'fuel': True, 'restrooms': True, 'diesel': True, 'ethanolFreeGas': False, 'open24Hours': True, 'teslaChargingStation': False, 'propane': True, 'chademoChargingStation': False, 'ccsChargingStation': False}",True,True,"[{'category': 'Unleaded'}, {'category': 'Plus'}, {'category': 'Premium'}, {'category': 'Diesel'}, {'category': 'Super'}]",36.790994,-76.23562,True,True,True,True,False,True,True,True,False,False
545,39,42.92,1921 centerville tpk,24hours,00:00:00,00:00:00,8670,False,"{'address': '1921 centerville tpk', 'city': 'virginia beach', 'state': 'VA', 'zip': '23464'}","{'food': True, 'fuel': True, 'restrooms': True, 'diesel': True, 'ethanolFreeGas': False, 'open24Hours': True, 'teslaChargingStation': False, 'propane': True, 'chademoChargingStation': False, 'ccsChargingStation': False}",True,True,"[{'category': 'Unleaded'}, {'category': 'Plus'}, {'category': 'Premium'}, {'category': 'Diesel'}, {'category': 'Super'}]",36.7799219,-76.19224725,True,True,True,True,False,True,True,False,True,True
546,40,43.01,5048 ferrell parkway,24hours,00:00:00,00:00:00,8618,False,"{'address': '5048 ferrell parkway', 'city': 'virginia beach', 'state': 'VA', 'zip': '23454'}","{'food': True, 'fuel': True, 'restrooms': True, 'diesel': True, 'ethanolFreeGas': False, 'open24Hours': True, 'teslaChargingStation': False, 'propane': True, 'chademoChargingStation': False, 'ccsChargingStation': False}",True,True,"[{'category': 'Unleaded'}, {'category': 'Plus'}, {'category': 'Premium'}, {'category': 'Diesel'}, {'category': 'Super'}]",36.794321,-76.16797,True,False,True,False,,True,False,False,False,False
547,42,43.14,4377 holland road,24hours,00:00:00,00:00:00,0690,False,"{'address': '4377 holland road', 'city': 'virginia beach', 'state': 'VA', 'zip': '23462'}","{'food': True, 'fuel': True, 'restrooms': True, 'diesel': True, 'ethanolFreeGas': False, 'open24Hours': True, 'teslaChargingStation': False, 'propane': True, 'chademoChargingStation': False, 'ccsChargingStation': False}",True,True,"[{'category': 'Unleaded'}, {'category': 'Plus'}, {'category': 'Premium'}, {'category': 'Diesel'}, {'category': 'Super'}]",36.822372,-76.126289,True,True,False,True,False,True,False,False,False,False
548,44,43.79,201 south rosemont rd.,24hours,00:00:00,00:00:00,0671,False,"{'address': '201 south rosemont rd.', 'city': 'virginia beach', 'state': 'VA', 'zip': '23452'}","{'food': True, 'fuel': True, 'restrooms': True, 'diesel': True, 'ethanolFreeGas': False, 'open24Hours': True, 'teslaChargingStation': False, 'propane': True, 'chademoChargingStation': False, 'ccsChargingStation': False}",True,True,"[{'category': 'Unleaded'}, {'category': 'Plus'}, {'category': 'Premium'}, {'category': 'Diesel'}, {'category': 'Super'}]",36.833618,-76.0961,True,True,True,True,False,True,False,True,False,False
549,45,43.89,471 kempsville rd,24hours,00:00:00,00:00:00,8632,False,"{'address': '471 kempsville rd', 'city': 'chesapeake', 'state': 'VA', 'zip': '23320-3721'}","{'food': True, 'fuel': True, 'restrooms': True, 'diesel': True, 'ethanolFreeGas': False, 'open24Hours': True, 'teslaChargingStation': False, 'propane': True, 'chademoChargingStation': False, 'ccsChargingStation': False}",True,True,"[{'category': 'Unleaded'}, {'category': 'Plus'}, {'category': 'Premium'}, {'category': 'Diesel'}, {'category': 'Super'}]",36.7425,-76.2262,True,True,True,True,False,True,False,True,False,False
550,46,44.08,1461 armory drive,24hours,00:00:00,00:00:00,8683,False,"{'address': '1461 armory drive', 'city': 'franklin', 'state': 'VA', 'zip': '23851'}","{'food': True, 'fuel': True, 'restrooms': True, 'diesel': True, 'ethanolFreeGas': True, 'open24Hours': True, 'teslaChargingStation': True, 'propane': True, 'chademoChargingStation': False, 'ccsChargingStation': False}",True,True,"[{'category': 'Unleaded'}, {'category': 'Plus'}, {'category': 'Premium'}, {'category': 'Diesel'}, {'category': 'Super'}, {'category': 'xEthanol'}]",36.66754764,-76.95311545,True,True,True,True,False,True,False,True,False,False
551,47,44.16,2954 virginia beach blvd.,24hours,00:00:00,00:00:00,0694,False,"{'address': '2954 virginia beach blvd.', 'city': 'virginia beach', 'state': 'VA', 'zip': '23462'}","{'food': True, 'fuel': True, 'restrooms': True, 'diesel': True, 'ethanolFreeGas': False, 'open24Hours': True, 'teslaChargingStation': False, 'propane': True, 'chademoChargingStation': False, 'ccsChargingStation': False}",True,True,"[{'category': 'Unleaded'}, {'category': 'Plus'}, {'category': 'Premium'}, {'category': 'Diesel'}, {'category': 'Super'}]",36.844503,-76.074698,True,True,True,True,False,True,False,True,False,False
552,49,45.12,2501 virginia beach blvd,24hours,00:00:00,00:00:00,0678,False,"{'address': '2501 virginia beach blvd', 'city': 'virginia beach', 'state': 'VA', 'zip': '23452'}","{'food': True, 'fuel': True, 'restrooms': True, 'diesel': True, 'ethanolFreeGas': False, 'open24Hours': True, 'teslaChargingStation': True, 'propane': True, 'chademoChargingStation': False, 'ccsChargingStation': False}",True,True,"[{'category': 'Unleaded'}, {'category': 'Plus'}, {'category': 'Premium'}, {'category': 'Diesel'}, {'category': 'Super'}]",36.840471,-76.05592,True,True,True,True,False,True,True,False,False,False
553,2,1.9,1700 virginia beach blvd,24hours,00:00:00,00:00:00,8608,False,"{'address': '1700 virginia beach blvd', 'city': 'virginia beach', 'state': 'VA', 'zip': '23454'}","{'food': True, 'fuel': True, 'restrooms': True, 'diesel': True, 'ethanolFreeGas': False, 'open24Hours': True, 'teslaChargingStation': False, 'propane': True, 'chademoChargingStation': False, 'ccsChargingStation': False}",True,True,"[{'category': 'Unleaded'}, {'category': 'Plus'}, {'category': 'Premium'}, {'category': 'Diesel'}, {'category': 'Super'}]",36.843244,-76.02165,True,True,True,True,False,True,True,True,False,False
554,4,4.01,1579 lynnhaven parkway,24hours,00:00:00,00:00:00,0679,False,"{'address': '1579 lynnhaven parkway', 'city': 'virginia beach', 'state': 'VA', 'zip': '23456'}","{'food': True, 'fuel': True, 'restrooms': True, 'diesel': True, 'ethanolFreeGas': False, 'open24Hours': True, 'teslaChargingStation': True, 'propane': True, 'chademoChargingStation': False, 'ccsChargingStation': False}",True,True,"[{'category': 'Unleaded'}, {'category': 'Plus'}, {'category': 'Premium'}, {'category': 'Diesel'}, {'category': 'Super'}]",36.795911,-76.10241,True,True,True,True,False,True,True,False,False,False
555,6,4.65,1280 general booth blvd,24hours,00:00:00,00:00:00,8678,False,"{'address': '1280 general booth blvd', 'city': 'virginia beach', 'state': 'VA', 'zip': '23451'}","{'food': True, 'fuel': True, 'restrooms': True, 'diesel': True, 'ethanolFreeGas': False, 'open24Hours': True, 'teslaChargingStation': False, 'propane': False, 'chademoChargingStation': False, 'ccsChargingStation': False}",True,True,"[{'category': 'Unleaded'}, {'category': 'Plus'}, {'category': 'Premium'}, {'category': 'Diesel'}, {'category': 'Super'}]",36.7938935,-75.99516851,True,True,True,True,False,True,False,True,False,False
556,21,15.71,101 hillcrest pkwy,24hours,00:00:00,00:00:00,8613,False,"{'address': '101 hillcrest pkwy', 'city': 'chesapeake', 'state': 'VA', 'zip': '23328'}","{'food': True, 'fuel': True, 'restrooms': True, 'diesel': True, 'ethanolFreeGas': False, 'open24Hours': True, 'teslaChargingStation': True, 'propane': True, 'chademoChargingStation': False, 'ccsChargingStation': False}",True,True,"[{'category': 'Unleaded'}, {'category': 'Plus'}, {'category': 'Premium'}, {'category': 'Diesel'}, {'category': 'Super'}]",36.657751,-76.22484,True,True,True,True,False,True,False,True,False,False
557,36,39.21,406 halstead blvd,24hours,00:00:00,00:00:00,6102,False,"{'address': '406 halstead blvd', 'city': 'elizabeth city', 'state': 'NC', 'zip': '27909'}","{'food': True, 'fuel': True, 'restrooms': False, 'diesel': True, 'ethanolFreeGas': True, 'open24Hours': True, 'teslaChargingStation': False, 'propane': False, 'chademoChargingStation': False, 'ccsChargingStation': False}",True,True,"[{'category': 'Unleaded'}, {'category': 'Plus'}, {'category': 'Premium'}, {'category': 'Diesel'}, {'category': 'Super'}, {'category': 'xEthanol'}]",36.293791,-76.24547,True,True,True,True,False,True,True,True,False,False
558,42,59.47,1900 north croatan highway,24hours,00:00:00,00:00:00,6100,False,"{'address': '1900 north croatan highway', 'city': 'kill devil hills', 'state': 'NC', 'zip': '27948'}","{'food': True, 'fuel': True, 'restrooms': False, 'diesel': True, 'ethanolFreeGas': True, 'open24Hours': True, 'teslaChargingStation': False, 'propane': False, 'chademoChargingStation': False, 'ccsChargingStation': False}",True,True,"[{'category': 'Unleaded'}, {'category': 'Plus'}, {'category': 'Premium'}, {'category': 'Diesel'}, {'category': 'Super'}, {'category': 'xEthanol'}]",36.03622246,-75.67468195,True,True,False,True,False,True,False,False,False,False
559,39,99.44,1300 north memorial drive,24hours,00:00:00,00:00:00,6120,False,"{'address': '1300 north memorial drive', 'city': 'greenville', 'state': 'NC', 'zip': '27834'}","{'food': True, 'fuel': True, 'restrooms': True, 'diesel': True, 'ethanolFreeGas': True, 'open24Hours': True, 'teslaChargingStation': False, 'propane': False, 'chademoChargingStation': False, 'ccsChargingStation': False}",True,True,"[{'category': 'Unleaded'}, {'category': 'Plus'}, {'category': 'Premium'}, {'category': 'Diesel'}, {'category': 'Super'}, {'category': 'xEthanol'}]",35.63291286,-77.37876357,True,True,True,True,False,True,True,False,True,True
560,42,102.33,3620 memorial dr s,24hours,00:00:00,00:00:00,6109,False,"{'address': '3620 memorial dr s', 'city': 'greenville', 'state': 'NC', 'zip': '27834'}","{'food': True, 'fuel': True, 'restrooms': True, 'diesel': True, 'ethanolFreeGas': True, 'open24Hours': True, 'teslaChargingStation': False, 'propane': False, 'chademoChargingStation': False, 'ccsChargingStation': False}",True,True,"[{'category': 'Unleaded'}, {'category': 'Plus'}, {'category': 'Premium'}, {'category': 'Diesel'}, {'category': 'Super'}, {'category': 'xEthanol'}]",35.56399441,-77.40543135,True,True,False,True,False,True,False,False,False,False
561,45,119.24,1450 benvenue road,24hours,00:00:00,00:00:00,6101,False,"{'address': '1450 benvenue road', 'city': 'rocky mount', 'state': 'NC', 'zip': '27804'}","{'food': True, 'fuel': True, 'restrooms': False, 'diesel': True, 'ethanolFreeGas': True, 'open24Hours': True, 'teslaChargingStation': False, 'propane': False, 'chademoChargingStation': False, 'ccsChargingStation': False}",True,True,"[{'category': 'Unleaded'}, {'category': 'Plus'}, {'category': 'Premium'}, {'category': 'Diesel'}, {'category': 'Super'}, {'category': 'xEthanol'}]",35.97921608,-77.80686785,True,True,True,True,False,True,False,True,False,False
562,1,17.14,2650 ward blvd,24hours,00:00:00,00:00:00,6103,False,"{'address': '2650 ward blvd', 'city': 'wilson', 'state': 'NC', 'zip': '27893'}","{'food': True, 'fuel': True, 'restrooms': False, 'diesel': True, 'ethanolFreeGas': True, 'open24Hours': True, 'teslaChargingStation': False, 'propane': False, 'chademoChargingStation': False, 'ccsChargingStation': False}",True,True,"[{'category': 'Unleaded'}, {'category': 'Plus'}, {'category': 'Premium'}, {'category': 'Diesel'}, {'category': 'Super'}, {'category': 'xEthanol'}]",35.75230718,-77.93036637,True,True,True,True,False,True,False,True,False,False
563,2,18.71,5003 raleigh rd pkwy w,24hours,00:00:00,00:00:00,6114,False,"{'address': '5003 raleigh rd pkwy w', 'city': 'wilson', 'state': 'NC', 'zip': '27896'}","{'food': True, 'fuel': True, 'restrooms': False, 'diesel': True, 'ethanolFreeGas': True, 'open24Hours': True, 'teslaChargingStation': False, 'propane': False, 'chademoChargingStation': False, 'ccsChargingStation': False}",True,True,"[{'category': 'Unleaded'}, {'category': 'Plus'}, {'category': 'Premium'}, {'category': 'Diesel'}, {'category': 'Super'}, {'category': 'xEthanol'}]",35.76370173,-78.00933373,True,True,True,True,False,True,True,True,False,False
564,5,40.8,2606 medical office pl,24hours,00:00:00,00:00:00,6115,False,"{'address': '2606 medical office pl', 'city': 'goldsboro', 'state': 'NC', 'zip': '27534'}","{'food': True, 'fuel': True, 'restrooms': False, 'diesel': True, 'ethanolFreeGas': True, 'open24Hours': True, 'teslaChargingStation': False, 'propane': False, 'chademoChargingStation': False, 'ccsChargingStation': False}",True,True,"[{'category': 'Unleaded'}, {'category': 'Plus'}, {'category': 'Premium'}, {'category': 'Diesel'}, {'category': 'Super'}, {'category': 'xEthanol'}]",35.40089635,-77.95356517,True,True,False,True,False,True,False,False,False,False
565,6,78.1,150 jackson ct,24hours,00:00:00,00:00:00,6106,False,"{'address': '150 jackson ct', 'city': 'lumberton', 'state': 'NC', 'zip': '28358'}","{'food': True, 'fuel': True, 'restrooms': False, 'diesel': True, 'ethanolFreeGas': True, 'open24Hours': True, 'teslaChargingStation': False, 'propane': False, 'chademoChargingStation': False, 'ccsChargingStation': False}",True,True,"[{'category': 'Unleaded'}, {'category': 'Plus'}, {'category': 'Premium'}, {'category': 'Diesel'}, {'category': 'Super'}, {'category': 'xEthanol'}]",34.66823122,-79.00479329,True,True,True,True,False,True,False,True,False,False
566,0,202.76,966 route 17 n,24hours,00:00:00,00:00:00,8344,False,"{'address': '966 route 17 n', 'city': 'ramsey', 'state': 'NJ', 'zip': '07446'}","{'food': True, 'fuel': True, 'restrooms': True, 'diesel': True, 'ethanolFreeGas': False, 'open24Hours': True, 'teslaChargingStation': False, 'propane': False, 'chademoChargingStation': False, 'ccsChargingStation': False}",True,True,"[{'category': 'Unleaded'}, {'category': 'Plus'}, {'category': 'Premium'}, {'category': 'Diesel'}, {'category': 'Super'}]",41.06598639,-74.13065176,True,True,True,True,False,True,False,False,False,False
567,1,204.39,1 njsh 15,24hours,00:00:00,00:00:00,8438,False,"{'address': '1 njsh 15', 'city': 'augusta', 'state': 'NJ', 'zip': '07822'}","{'food': True, 'fuel': True, 'restrooms': True, 'diesel': True, 'ethanolFreeGas': False, 'open24Hours': True, 'teslaChargingStation': True, 'propane': True, 'chademoChargingStation': False, 'ccsChargingStation': False}",True,True,"[{'category': 'Unleaded'}, {'category': 'Plus'}, {'category': 'Premium'}, {'category': 'Diesel'}, {'category': 'Super'}]",41.119196,-74.712797,True,True,True,True,False,True,False,True,False,False
568,2,208.54,1512 route 23,24hours,00:00:00,00:00:00,8457,False,"{'address': '1512 route 23', 'city': 'butler', 'state': 'NJ', 'zip': '07405'}","{'food': True, 'fuel': True, 'restrooms': True, 'diesel': True, 'ethanolFreeGas': False, 'open24Hours': True, 'teslaChargingStation': False, 'propane': False, 'chademoChargingStation': False, 'ccsChargingStation': False}",True,True,"[{'category': 'Unleaded'}, {'category': 'Plus'}, {'category': 'Premium'}, {'category': 'Diesel'}, {'category': 'Super'}]",41.003617,-74.356339,True,True,True,True,False,True,True,True,False,False
569,3,212.55,1512 route 23,24hours,00:00:00,00:00:00,8487,False,"{'address': '1512 route 23', 'city': 'wayne', 'state': 'NJ', 'zip': '07470'}","{'food': True, 'fuel': True, 'restrooms': True, 'diesel': True, 'ethanolFreeGas': False, 'open24Hours': True, 'teslaChargingStation': False, 'propane': False, 'chademoChargingStation': False, 'ccsChargingStation': False}",True,True,"[{'category': 'Unleaded'}, {'category': 'Plus'}, {'category': 'Premium'}, {'category': 'Diesel'}, {'category': 'Super'}]",40.935548,-74.268438,True,True,True,True,False,True,False,False,False,False
570,4,213.65,767 state route 15 south,24hours,00:00:00,00:00:00,8429,False,"{'address': '767 state route 15 south', 'city': 'lake hopatcong', 'state': 'NJ', 'zip': '07849'}","{'food': True, 'fuel': True, 'restrooms': True, 'diesel': True, 'ethanolFreeGas': False, 'open24Hours': True, 'teslaChargingStation': False, 'propane': True, 'chademoChargingStation': False, 'ccsChargingStation': False}",True,True,"[{'category': 'Unleaded'}, {'category': 'Plus'}, {'category': 'Premium'}, {'category': 'Diesel'}, {'category': 'Super'}]",40.9615,-74.597,True,True,True,True,False,True,True,False,False,False
571,5,214.22,5121 milford road,24hours,00:00:00,00:00:00,8026,False,"{'address': '5121 milford road', 'city': 'east stroudsburg', 'state': 'PA', 'zip': '18302-9106'}","{'food': True, 'fuel': True, 'restrooms': True, 'diesel': True, 'ethanolFreeGas': True, 'open24Hours': True, 'teslaChargingStation': False, 'propane': True, 'chademoChargingStation': False, 'ccsChargingStation': False}",True,True,"[{'category': 'Unleaded'}, {'category': 'Plus'}, {'category': 'Premium'}, {'category': 'Diesel'}, {'category': 'Super'}, {'category': 'xEthanol'}]",41.055439,-75.094108,True,True,False,True,False,True,False,False,False,False
572,6,214.46,150 essex street,24hours,00:00:00,00:00:00,8326,False,"{'address': '150 essex street', 'city': 'lodi', 'state': 'NJ', 'zip': '07644-2701'}","{'food': True, 'fuel': True, 'restrooms': True, 'diesel': True, 'ethanolFreeGas': False, 'open24Hours': True, 'teslaChargingStation': True, 'propane': False, 'chademoChargingStation': False, 'ccsChargingStation': False}",True,True,"[{'category': 'Unleaded'}, {'category': 'Plus'}, {'category': 'Premium'}, {'category': 'Diesel'}, {'category': 'Super'}]",40.89193,-74.073249,True,True,True,True,False,True,False,True,False,False
573,7,215.17,3190 rt 940,24hours,00:00:00,00:00:00,8162,False,"{'address': '3190 rt 940', 'city': 'mount pocono', 'state': 'PA', 'zip': '18344'}","{'food': True, 'fuel': True, 'restrooms': False, 'diesel': True, 'ethanolFreeGas': True, 'open24Hours': True, 'teslaChargingStation': True, 'propane': True, 'chademoChargingStation': False, 'ccsChargingStation': False}",True,True,"[{'category': 'Unleaded'}, {'category': 'Plus'}, {'category': 'Premium'}, {'category': 'Diesel'}, {'category': 'Super'}, {'category': 'xEthanol'}]",41.12086532,-75.37607043,True,True,True,True,False,True,False,True,False,False
574,8,215.41,7 jewell st,24hours,00:00:00,00:00:00,8335,False,"{'address': '7 jewell st', 'city': 'garfield', 'state': 'NJ', 'zip': '07026-3715'}","{'food': True, 'fuel': True, 'restrooms': True, 'diesel': True, 'ethanolFreeGas': False, 'open24Hours': True, 'teslaChargingStation': False, 'propane': True, 'chademoChargingStation': False, 'ccsChargingStation': False}",True,True,"[{'category': 'Unleaded'}, {'category': 'Plus'}, {'category': 'Premium'}, {'category': 'Diesel'}, {'category': 'Super'}]",40.881211,-74.119048,True,False,False,False,,True,False,False,False,False
575,9,215.82,28 little falls road,24hours,00:00:00,00:00:00,8349,False,"{'address': '28 little falls road', 'city': 'fairfield', 'state': 'NJ', 'zip': '07004'}","{'food': True, 'fuel': True, 'restrooms': True, 'diesel': True, 'ethanolFreeGas': False, 'open24Hours': True, 'teslaChargingStation': False, 'propane': False, 'chademoChargingStation': False, 'ccsChargingStation': False}",True,True,"[{'category': 'Unleaded'}, {'category': 'Plus'}, {'category': 'Premium'}, {'category': 'Diesel'}, {'category': 'Super'}]",40.888292,-74.273566,True,False,False,False,,True,False,False,False,False
576,10,216.32,505 s river street,24hours,00:00:00,00:00:00,8338,False,"{'address': '505 s river street', 'city': 'hackensack', 'state': 'NJ', 'zip': '07601-6621'}","{'food': True, 'fuel': True, 'restrooms': True, 'diesel': True, 'ethanolFreeGas': False, 'open24Hours': True, 'teslaChargingStation': False, 'propane': False, 'chademoChargingStation': False, 'ccsChargingStation': False}",True,True,"[{'category': 'Unleaded'}, {'category': 'Plus'}, {'category': 'Premium'}, {'category': 'Diesel'}, {'category': 'Super'}]",40.8627,-74.0363,True,True,True,True,False,True,False,True,False,False
577,11,217.06,75 rt. 206,24hours,00:00:00,00:00:00,8440,False,"{'address': '75 rt. 206', 'city': 'stanhope', 'state': 'NJ', 'zip': '07874'}","{'food': True, 'fuel': True, 'restrooms': True, 'diesel': True, 'ethanolFreeGas': False, 'open24Hours': True, 'teslaChargingStation': False, 'propane': False, 'chademoChargingStation': False, 'ccsChargingStation': False}",True,True,"[{'category': 'Unleaded'}, {'category': 'Plus'}, {'category': 'Premium'}, {'category': 'Diesel'}, {'category': 'Super'}]",40.931731,-74.719763,True,True,True,True,False,True,True,True,False,False
578,12,217.53,370 rt 46 east,24hours,00:00:00,00:00:00,8488,False,"{'address': '370 rt 46 east', 'city': 'mountain lakes', 'state': 'NJ', 'zip': '07046'}","{'food': True, 'fuel': True, 'restrooms': True, 'diesel': True, 'ethanolFreeGas': False, 'open24Hours': True, 'teslaChargingStation': False, 'propane': True, 'chademoChargingStation': False, 'ccsChargingStation': False}",True,True,"[{'category': 'Unleaded'}, {'category': 'Plus'}, {'category': 'Premium'}, {'category': 'Diesel'}, {'category': 'Super'}]",40.885046,-74.463744,True,True,True,True,False,True,True,True,False,False
579,13,218.99,350 new road & edwards road,24hours,00:00:00,00:00:00,8302,False,"{'address': '350 new road & edwards road', 'city': 'parsippany', 'state': 'NJ', 'zip': '07054'}","{'food': True, 'fuel': True, 'restrooms': True, 'diesel': True, 'ethanolFreeGas': False, 'open24Hours': True, 'teslaChargingStation': True, 'propane': True, 'chademoChargingStation': True, 'ccsChargingStation': True}",True,True,"[{'category': 'Unleaded'}, {'category': 'Plus'}, {'category': 'Premium'}, {'category': 'Diesel'}, {'category': 'Super'}]",40.85007,-74.350742,True,True,True,True,False,True,False,True,False,False
580,14,219.43,2977 route 611,24hours,00:00:00,00:00:00,8187,False,"{'address': '2977 route 611', 'city': 'tannersville', 'state': 'PA', 'zip': '18372'}","{'food': True, 'fuel': True, 'restrooms': False, 'diesel': True, 'ethanolFreeGas': True, 'open24Hours': True, 'teslaChargingStation': False, 'propane': True, 'chademoChargingStation': False, 'ccsChargingStation': False}",True,True,"[{'category': 'Unleaded'}, {'category': 'Plus'}, {'category': 'Premium'}, {'category': 'Diesel'}, {'category': 'Super'}, {'category': 'xEthanol'}]",41.03169704,-75.3010972,True,True,True,True,False,True,False,False,False,False
581,15,219.65,207 prospect street,24hours,00:00:00,00:00:00,0112,False,"{'address': '207 prospect street', 'city': 'east stroudsburg', 'state': 'PA', 'zip': '18301'}","{'food': True, 'fuel': False, 'restrooms': False, 'diesel': False, 'ethanolFreeGas': None, 'open24Hours': True, 'teslaChargingStation': False, 'propane': False, 'chademoChargingStation': False, 'ccsChargingStation': False}",True,True,[],40.993871,-75.17708,True,True,True,True,False,True,False,True,False,False
582,16,219.8,358 route 10,24hours,00:00:00,00:00:00,8434,False,"{'address': '358 route 10', 'city': 'randolph', 'state': 'NJ', 'zip': '07869'}","{'food': True, 'fuel': True, 'restrooms': True, 'diesel': True, 'ethanolFreeGas': False, 'open24Hours': True, 'teslaChargingStation': False, 'propane': False, 'chademoChargingStation': False, 'ccsChargingStation': False}",True,True,"[{'category': 'Unleaded'}, {'category': 'Plus'}, {'category': 'Premium'}, {'category': 'Diesel'}, {'category': 'Super'}]",40.864715,-74.55761,True,True,True,True,False,True,False,True,True,True
583,17,220.22,932 wilkes barre township blvd,24hours,00:00:00,00:00:00,8240,False,"{'address': '932 wilkes barre township blvd', 'city': 'wilkes barre', 'state': 'PA', 'zip': '18702'}","{'food': True, 'fuel': True, 'restrooms': False, 'diesel': True, 'ethanolFreeGas': True, 'open24Hours': True, 'teslaChargingStation': False, 'propane': False, 'chademoChargingStation': False, 'ccsChargingStation': False}",True,True,"[{'category': 'Unleaded'}, {'category': 'Plus'}, {'category': 'Premium'}, {'category': 'Diesel'}, {'category': 'Super'}, {'category': 'xEthanol'}]",41.22418595,-75.88021107,True,False,False,False,,True,False,False,False,False
584,18,220.35,7408 tonnelle ave,24hours,00:00:00,00:00:00,8353,False,"{'address': '7408 tonnelle ave', 'city': 'north bergen', 'state': 'NJ', 'zip': '07047'}","{'food': True, 'fuel': True, 'restrooms': True, 'diesel': True, 'ethanolFreeGas': False, 'open24Hours': True, 'teslaChargingStation': False, 'propane': False, 'chademoChargingStation': False, 'ccsChargingStation': False}",True,True,"[{'category': 'Unleaded'}, {'category': 'Plus'}, {'category': 'Premium'}, {'category': 'Diesel'}, {'category': 'Super'}]",40.803289,-74.019006,True,True,True,True,False,True,True,False,False,False
585,19,220.77,1015 west main street,24hours,00:00:00,00:00:00,0116,False,"{'address': '1015 west main street', 'city': 'stroudsburg', 'state': 'PA', 'zip': '18360'}","{'food': True, 'fuel': False, 'restrooms': True, 'diesel': False, 'ethanolFreeGas': None, 'open24Hours': True, 'teslaChargingStation': False, 'propane': False, 'chademoChargingStation': False, 'ccsChargingStation': False}",True,True,[],40.983126,-75.20099,True,True,True,True,False,True,True,True,False,False
586,20,221.46,296 rte 940,24hours,00:00:00,00:00:00,0159,False,"{'address': '296 rte 940', 'city': 'blakeslee', 'state': 'PA', 'zip': '18610'}","{'food': True, 'fuel': True, 'restrooms': True, 'diesel': True, 'ethanolFreeGas': True, 'open24Hours': True, 'teslaChargingStation': True, 'propane': True, 'chademoChargingStation': False, 'ccsChargingStation': False}",True,True,"[{'category': 'Unleaded'}, {'category': 'Plus'}, {'category': 'Premium'}, {'category': 'Diesel'}, {'category': 'Super'}, {'category': 'xEthanol'}]",41.092846,-75.591635,True,True,True,True,False,True,False,False,False,False
587,21,221.84,28 route 10,24hours,00:00:00,00:00:00,8410,False,"{'address': '28 route 10', 'city': 'east hanover', 'state': 'NJ', 'zip': '07936'}","{'food': True, 'fuel': True, 'restrooms': True, 'diesel': True, 'ethanolFreeGas': False, 'open24Hours': True, 'teslaChargingStation': False, 'propane': False, 'chademoChargingStation': False, 'ccsChargingStation': False}",True,True,"[{'category': 'Unleaded'}, {'category': 'Plus'}, {'category': 'Premium'}, {'category': 'Diesel'}, {'category': 'Super'}]",40.8129,-74.3916,True,True,True,True,False,True,False,True,False,False
588,22,222.03,11 south franklin ave,18hours,05:00:00,01:00:00,8441,False,"{'address': '11 south franklin ave', 'city': 'belleville', 'state': 'NJ', 'zip': '07109'}","{'food': True, 'fuel': True, 'restrooms': True, 'diesel': True, 'ethanolFreeGas': False, 'open24Hours': False, 'teslaChargingStation': False, 'propane': True, 'chademoChargingStation': False, 'ccsChargingStation': False}",True,True,"[{'category': 'Unleaded'}, {'category': 'Plus'}, {'category': 'Premium'}, {'category': 'Diesel'}, {'category': 'Super'}]",40.78890123,-74.17269903,True,True,True,True,False,True,False,False,False,False
589,23,222.45,194 route 206,24hours,00:00:00,00:00:00,8446,False,"{'address': '194 route 206', 'city': 'flanders', 'state': 'NJ', 'zip': '07836'}","{'food': True, 'fuel': True, 'restrooms': False, 'diesel': True, 'ethanolFreeGas': False, 'open24Hours': True, 'teslaChargingStation': False, 'propane': False, 'chademoChargingStation': False, 'ccsChargingStation': False}",True,True,"[{'category': 'Unleaded'}, {'category': 'Plus'}, {'category': 'Premium'}, {'category': 'Diesel'}, {'category': 'Super'}]",40.848472,-74.701407,True,True,True,True,False,True,False,False,False,False
590,24,223.63,164 main street,24hours,00:00:00,00:00:00,8455,False,"{'address': '164 main street', 'city': 'orange', 'state': 'NJ', 'zip': '07050'}","{'food': True, 'fuel': True, 'restrooms': True, 'diesel': True, 'ethanolFreeGas': False, 'open24Hours': True, 'teslaChargingStation': False, 'propane': True, 'chademoChargingStation': False, 'ccsChargingStation': False}",True,True,"[{'category': 'Unleaded'}, {'category': 'Plus'}, {'category': 'Premium'}, {'category': 'Diesel'}, {'category': 'Super'}]",40.76999624,-74.22589676,True,True,True,True,False,True,False,True,False,False
591,25,224.59,200 harrison ave,24hours,00:00:00,00:00:00,8318,False,"{'address': '200 harrison ave', 'city': 'kearny', 'state': 'NJ', 'zip': '07032'}","{'food': True, 'fuel': True, 'restrooms': True, 'diesel': True, 'ethanolFreeGas': False, 'open24Hours': True, 'teslaChargingStation': True, 'propane': True, 'chademoChargingStation': False, 'ccsChargingStation': False}",True,True,"[{'category': 'Unleaded'}, {'category': 'Plus'}, {'category': 'Premium'}, {'category': 'Diesel'}, {'category': 'Super'}]",40.748888,-74.13657,True,False,True,False,,True,False,True,False,False
592,27,225.38,481 state road 940,24hours,00:00:00,00:00:00,0270,False,"{'address': '481 state road 940', 'city': 'white haven', 'state': 'PA', 'zip': '18661-9513'}","{'food': True, 'fuel': True, 'restrooms': True, 'diesel': True, 'ethanolFreeGas': True, 'open24Hours': True, 'teslaChargingStation': False, 'propane': True, 'chademoChargingStation': False, 'ccsChargingStation': False}",True,True,"[{'category': 'Unleaded'}, {'category': 'Plus'}, {'category': 'Premium'}, {'category': 'Diesel'}, {'category': 'Super'}, {'category': 'xEthanol'}]",41.070537,-75.7042,True,True,True,True,False,True,False,True,False,False
593,30,228.08,1781 route 209,24hours,00:00:00,00:00:00,0197,False,"{'address': '1781 route 209', 'city': 'brodheadsville', 'state': 'PA', 'zip': '18322'}","{'food': True, 'fuel': False, 'restrooms': False, 'diesel': False, 'ethanolFreeGas': None, 'open24Hours': True, 'teslaChargingStation': False, 'propane': False, 'chademoChargingStation': False, 'ccsChargingStation': False}",True,True,[],40.924552,-75.39345,True,True,True,True,False,False,False,True,False,False
594,42,239.16,4089 jandy blvd,24hours,00:00:00,00:00:00,8043,False,"{'address': '4089 jandy blvd', 'city': 'nazareth', 'state': 'PA', 'zip': '18064'}","{'food': True, 'fuel': True, 'restrooms': True, 'diesel': True, 'ethanolFreeGas': True, 'open24Hours': True, 'teslaChargingStation': False, 'propane': True, 'chademoChargingStation': False, 'ccsChargingStation': False}",True,True,"[{'category': 'Unleaded'}, {'category': 'Plus'}, {'category': 'Premium'}, {'category': 'Diesel'}, {'category': 'Super'}, {'category': 'xEthanol'}]",40.73080639,-75.31353754,True,True,False,True,False,True,False,False,False,False
595,45,239.5,3820 easton nazareth hwy,24hours,00:00:00,00:00:00,8046,False,"{'address': '3820 easton nazareth hwy', 'city': 'easton', 'state': 'PA', 'zip': '18045-8326'}","{'food': True, 'fuel': True, 'restrooms': True, 'diesel': True, 'ethanolFreeGas': True, 'open24Hours': True, 'teslaChargingStation': False, 'propane': True, 'chademoChargingStation': False, 'ccsChargingStation': False}",True,True,"[{'category': 'Unleaded'}, {'category': 'Plus'}, {'category': 'Premium'}, {'category': 'Diesel'}, {'category': 'Super'}, {'category': 'xEthanol'}]",40.719309,-75.289676,True,True,True,True,False,True,False,True,False,False
596,4,4.62,3608 nazareth pike,24hours,00:00:00,00:00:00,8181,False,"{'address': '3608 nazareth pike', 'city': 'bethlehem', 'state': 'PA', 'zip': '18020'}","{'food': True, 'fuel': True, 'restrooms': False, 'diesel': True, 'ethanolFreeGas': True, 'open24Hours': True, 'teslaChargingStation': False, 'propane': True, 'chademoChargingStation': False, 'ccsChargingStation': False}",True,True,"[{'category': 'Unleaded'}, {'category': 'Plus'}, {'category': 'Premium'}, {'category': 'Diesel'}, {'category': 'Super'}, {'category': 'xEthanol'}]",40.66894174,-75.34773843,True,True,True,True,False,True,True,False,False,False
597,6,6.02,2525 easton ave,24hours,00:00:00,00:00:00,8036,False,"{'address': '2525 easton ave', 'city': 'bethlehem', 'state': 'PA', 'zip': '18017'}","{'food': True, 'fuel': True, 'restrooms': True, 'diesel': True, 'ethanolFreeGas': True, 'open24Hours': True, 'teslaChargingStation': False, 'propane': False, 'chademoChargingStation': False, 'ccsChargingStation': False}",True,True,"[{'category': 'Unleaded'}, {'category': 'Plus'}, {'category': 'Premium'}, {'category': 'Diesel'}, {'category': 'Super'}, {'category': 'xEthanol'}]",40.644389,-75.34835,True,True,True,True,False,True,False,True,False,False
598,8,7.64,741 east broad street,24hours,00:00:00,00:00:00,8037,False,"{'address': '741 east broad street', 'city': 'bethlehem', 'state': 'PA', 'zip': '18018'}","{'food': True, 'fuel': True, 'restrooms': True, 'diesel': True, 'ethanolFreeGas': True, 'open24Hours': True, 'teslaChargingStation': False, 'propane': False, 'chademoChargingStation': False, 'ccsChargingStation': False}",True,True,"[{'category': 'Unleaded'}, {'category': 'Plus'}, {'category': 'Premium'}, {'category': 'Diesel'}, {'category': 'Super'}, {'category': 'xEthanol'}]",40.622881,-75.36085,True,False,False,False,,True,False,False,False,False
599,9,7.92,3300 schoenersville road,24hours,00:00:00,00:00:00,0297,False,"{'address': '3300 schoenersville road', 'city': 'bethlehem', 'state': 'PA', 'zip': '18017-2231'}","{'food': True, 'fuel': True, 'restrooms': True, 'diesel': False, 'ethanolFreeGas': False, 'open24Hours': True, 'teslaChargingStation': False, 'propane': True, 'chademoChargingStation': False, 'ccsChargingStation': False}",True,True,"[{'category': 'Unleaded'}, {'category': 'Plus'}, {'category': 'Premium'}, {'category': 'Super'}]",40.658813,-75.41803,True,False,False,False,,True,False,False,False,False
600,10,8.0,1584 8th avenue,24hours,00:00:00,00:00:00,8001,False,"{'address': '1584 8th avenue', 'city': 'bethlehem', 'state': 'PA', 'zip': '18015'}","{'food': True, 'fuel': True, 'restrooms': True, 'diesel': True, 'ethanolFreeGas': True, 'open24Hours': True, 'teslaChargingStation': False, 'propane': True, 'chademoChargingStation': False, 'ccsChargingStation': False}",True,True,"[{'category': 'Unleaded'}, {'category': 'Plus'}, {'category': 'Premium'}, {'category': 'Diesel'}, {'category': 'Super'}, {'category': 'xEthanol'}]",40.635637,-75.395163,True,True,True,True,False,True,False,True,False,False
601,12,8.38,770 hellertown road,24hours,00:00:00,00:00:00,8142,False,"{'address': '770 hellertown road', 'city': 'bethlehem', 'state': 'PA', 'zip': '18015'}","{'food': True, 'fuel': True, 'restrooms': True, 'diesel': True, 'ethanolFreeGas': True, 'open24Hours': True, 'teslaChargingStation': False, 'propane': True, 'chademoChargingStation': False, 'ccsChargingStation': False}",True,True,"[{'category': 'Unleaded'}, {'category': 'Plus'}, {'category': 'Premium'}, {'category': 'Diesel'}, {'category': 'Super'}, {'category': 'xEthanol'}]",40.6044884,-75.34145992,True,True,True,True,False,True,True,True,False,False
602,13,10.11,1429 broadway,24hours,00:00:00,00:00:00,0087,False,"{'address': '1429 broadway', 'city': 'fountain hill', 'state': 'PA', 'zip': '18015'}","{'food': True, 'fuel': False, 'restrooms': True, 'diesel': False, 'ethanolFreeGas': None, 'open24Hours': True, 'teslaChargingStation': False, 'propane': False, 'chademoChargingStation': False, 'ccsChargingStation': False}",True,True,[],40.60011,-75.40161,True,True,True,True,False,True,False,True,False,False
603,14,10.33,911-941 union blvd.,18hours,05:00:00,23:00:00,0299,False,"{'address': '911-941 union blvd.', 'city': 'allentown', 'state': 'PA', 'zip': '18109'}","{'food': True, 'fuel': True, 'restrooms': True, 'diesel': True, 'ethanolFreeGas': False, 'open24Hours': False, 'teslaChargingStation': False, 'propane': True, 'chademoChargingStation': False, 'ccsChargingStation': False}",True,True,"[{'category': 'Unleaded'}, {'category': 'Plus'}, {'category': 'Premium'}, {'category': 'Diesel'}, {'category': 'Super'}]",40.624902,-75.44252,True,True,True,True,False,True,False,False,False,False
604,15,11.97,2985 macarthur rd,24hours,00:00:00,00:00:00,8014,False,"{'address': '2985 macarthur rd', 'city': 'whitehall', 'state': 'PA', 'zip': '18052-3422'}","{'food': True, 'fuel': True, 'restrooms': True, 'diesel': True, 'ethanolFreeGas': True, 'open24Hours': True, 'teslaChargingStation': False, 'propane': True, 'chademoChargingStation': False, 'ccsChargingStation': False}",True,True,"[{'category': 'Unleaded'}, {'category': 'Plus'}, {'category': 'Premium'}, {'category': 'Diesel'}, {'category': 'Super'}, {'category': 'xEthanol'}]",40.65121,-75.49972,True,True,True,True,False,True,False,True,False,False
605,16,12.62,364 susquehanna street,24hours,00:00:00,00:00:00,8150,False,"{'address': '364 susquehanna street', 'city': 'allentown', 'state': 'PA', 'zip': '18103'}","{'food': True, 'fuel': True, 'restrooms': True, 'diesel': True, 'ethanolFreeGas': True, 'open24Hours': True, 'teslaChargingStation': False, 'propane': True, 'chademoChargingStation': False, 'ccsChargingStation': False}",True,True,"[{'category': 'Unleaded'}, {'category': 'Plus'}, {'category': 'Premium'}, {'category': 'Diesel'}, {'category': 'Super'}, {'category': 'xEthanol'}]",40.59019207,-75.45991929,True,True,True,True,False,True,False,True,True,True
606,17,13.25,1501-09 gordon street,24hours,00:00:00,00:00:00,0137,False,"{'address': '1501-09 gordon street', 'city': 'allentown', 'state': 'PA', 'zip': '18102'}","{'food': True, 'fuel': False, 'restrooms': False, 'diesel': False, 'ethanolFreeGas': None, 'open24Hours': True, 'teslaChargingStation': False, 'propane': False, 'chademoChargingStation': False, 'ccsChargingStation': False}",True,True,[],40.603517,-75.491113,True,False,False,False,,True,False,False,False,False
607,18,14.21,2209 lehigh street,24hours,00:00:00,00:00:00,0120,False,"{'address': '2209 lehigh street', 'city': 'allentown', 'state': 'PA', 'zip': '18103'}","{'food': True, 'fuel': True, 'restrooms': True, 'diesel': True, 'ethanolFreeGas': True, 'open24Hours': True, 'teslaChargingStation': False, 'propane': True, 'chademoChargingStation': False, 'ccsChargingStation': False}",True,True,"[{'category': 'Unleaded'}, {'category': 'Plus'}, {'category': 'Premium'}, {'category': 'Diesel'}, {'category': 'Super'}, {'category': 'xEthanol'}]",40.572649,-75.47957,True,True,True,True,False,True,True,False,False,False
608,19,14.58,6680 route 309,24hours,00:00:00,00:00:00,8126,False,"{'address': '6680 route 309', 'city': 'coopersburg', 'state': 'PA', 'zip': '18036'}","{'food': True, 'fuel': True, 'restrooms': True, 'diesel': True, 'ethanolFreeGas': True, 'open24Hours': True, 'teslaChargingStation': False, 'propane': True, 'chademoChargingStation': False, 'ccsChargingStation': False}",True,True,"[{'category': 'Unleaded'}, {'category': 'Plus'}, {'category': 'Premium'}, {'category': 'Diesel'}, {'category': 'Super'}, {'category': 'xEthanol'}]",40.52213966,-75.38846875,True,True,True,True,False,True,True,True,False,False
609,21,15.47,408 cedar crest blvd.,24hours,00:00:00,00:00:00,8078,False,"{'address': '408 cedar crest blvd.', 'city': 'allentown', 'state': 'PA', 'zip': '18103'}","{'food': True, 'fuel': True, 'restrooms': True, 'diesel': True, 'ethanolFreeGas': True, 'open24Hours': True, 'teslaChargingStation': False, 'propane': True, 'chademoChargingStation': False, 'ccsChargingStation': False}",True,True,"[{'category': 'Unleaded'}, {'category': 'Plus'}, {'category': 'Premium'}, {'category': 'Diesel'}, {'category': 'Super'}, {'category': 'xEthanol'}]",40.582249,-75.52304,True,True,True,True,False,True,False,True,False,False
610,22,17.34,4900 hamilton boulevard,24hours,00:00:00,00:00:00,0287,False,"{'address': '4900 hamilton boulevard', 'city': 'wescosville', 'state': 'PA', 'zip': '18106'}","{'food': True, 'fuel': True, 'restrooms': True, 'diesel': True, 'ethanolFreeGas': True, 'open24Hours': True, 'teslaChargingStation': False, 'propane': True, 'chademoChargingStation': False, 'ccsChargingStation': False}",True,True,"[{'category': 'Unleaded'}, {'category': 'Plus'}, {'category': 'Premium'}, {'category': 'Diesel'}, {'category': 'Super'}, {'category': 'xEthanol'}]",40.566455,-75.55207,True,True,True,True,False,True,False,False,False,False
611,23,17.38,201 s. cedar crest blvd,24hours,00:00:00,00:00:00,8153,False,"{'address': '201 s. cedar crest blvd', 'city': 'emmaus', 'state': 'PA', 'zip': '18049'}","{'food': True, 'fuel': True, 'restrooms': True, 'diesel': True, 'ethanolFreeGas': True, 'open24Hours': True, 'teslaChargingStation': False, 'propane': True, 'chademoChargingStation': False, 'ccsChargingStation': False}",True,True,"[{'category': 'Unleaded'}, {'category': 'Plus'}, {'category': 'Premium'}, {'category': 'Diesel'}, {'category': 'Super'}, {'category': 'xEthanol'}]",40.529561,-75.507365,True,True,True,True,False,True,False,False,False,False
612,24,18.43,600 n.w. end blvd,24hours,00:00:00,00:00:00,8044,False,"{'address': '600 n.w. end blvd', 'city': 'quakertown', 'state': 'PA', 'zip': '18951-4100'}","{'food': True, 'fuel': True, 'restrooms': True, 'diesel': True, 'ethanolFreeGas': False, 'open24Hours': True, 'teslaChargingStation': False, 'propane': True, 'chademoChargingStation': False, 'ccsChargingStation': False}",True,True,"[{'category': 'Unleaded'}, {'category': 'Plus'}, {'category': 'Premium'}, {'category': 'Diesel'}, {'category': 'Super'}]",40.459467,-75.369398,True,True,True,True,False,True,False,True,False,False
613,27,19.93,7572 schantz road,24hours,00:00:00,00:00:00,0266,False,"{'address': '7572 schantz road', 'city': 'allentown', 'state': 'PA', 'zip': '18106-9032'}","{'food': True, 'fuel': True, 'restrooms': True, 'diesel': True, 'ethanolFreeGas': True, 'open24Hours': True, 'teslaChargingStation': True, 'propane': True, 'chademoChargingStation': False, 'ccsChargingStation': False}",True,True,"[{'category': 'Unleaded'}, {'category': 'Plus'}, {'category': 'Premium'}, {'category': 'Diesel'}, {'category': 'Super'}, {'category': 'xEthanol'}]",40.572317,-75.6167,True,True,True,True,False,True,False,True,False,False
614,28,19.95,3321 willow ln,24hours,00:00:00,00:00:00,0098,False,"{'address': '3321 willow ln', 'city': 'macungie', 'state': 'PA', 'zip': '18062'}","{'food': True, 'fuel': True, 'restrooms': True, 'diesel': True, 'ethanolFreeGas': True, 'open24Hours': True, 'teslaChargingStation': False, 'propane': True, 'chademoChargingStation': False, 'ccsChargingStation': False}",True,True,"[{'category': 'Unleaded'}, {'category': 'Plus'}, {'category': 'Premium'}, {'category': 'Diesel'}, {'category': 'Super'}, {'category': 'xEthanol'}]",40.519659,-75.56456,True,False,False,False,,True,False,False,False,False
615,29,20.59,1960 john fries highway,24hours,00:00:00,00:00:00,8021,False,"{'address': '1960 john fries highway', 'city': 'quakertown', 'state': 'PA', 'zip': '18951-2124'}","{'food': True, 'fuel': True, 'restrooms': True, 'diesel': True, 'ethanolFreeGas': False, 'open24Hours': True, 'teslaChargingStation': True, 'propane': True, 'chademoChargingStation': False, 'ccsChargingStation': False}",True,True,"[{'category': 'Unleaded'}, {'category': 'Plus'}, {'category': 'Premium'}, {'category': 'Diesel'}, {'category': 'Super'}]",40.436648,-75.41412,True,True,True,True,False,True,False,True,False,False
616,30,21.02,1095 south west end boulevard,24hours,00:00:00,00:00:00,0272,False,"{'address': '1095 south west end boulevard', 'city': 'quakertown', 'state': 'PA', 'zip': '18951-2633'}","{'food': True, 'fuel': True, 'restrooms': True, 'diesel': True, 'ethanolFreeGas': False, 'open24Hours': True, 'teslaChargingStation': False, 'propane': True, 'chademoChargingStation': False, 'ccsChargingStation': False}",True,True,"[{'category': 'Unleaded'}, {'category': 'Plus'}, {'category': 'Premium'}, {'category': 'Diesel'}, {'category': 'Super'}]",40.417793,-75.34321,True,True,True,True,False,False,False,True,False,False
617,32,23.24,8053 chestnut street,24hours,00:00:00,00:00:00,8155,False,"{'address': '8053 chestnut street', 'city': 'hereford', 'state': 'PA', 'zip': '18056'}","{'food': True, 'fuel': True, 'restrooms': True, 'diesel': True, 'ethanolFreeGas': True, 'open24Hours': True, 'teslaChargingStation': False, 'propane': True, 'chademoChargingStation': False, 'ccsChargingStation': False}",True,True,"[{'category': 'Unleaded'}, {'category': 'Plus'}, {'category': 'Premium'}, {'category': 'Diesel'}, {'category': 'Super'}, {'category': 'xEthanol'}]",40.44854172,-75.55244421,True,True,True,True,False,True,False,True,False,False
618,34,23.95,2100 northgate blvd,24hours,00:00:00,00:00:00,8178,False,"{'address': '2100 northgate blvd', 'city': 'pennsburg', 'state': 'PA', 'zip': '18073'}","{'food': True, 'fuel': True, 'restrooms': True, 'diesel': True, 'ethanolFreeGas': False, 'open24Hours': True, 'teslaChargingStation': False, 'propane': True, 'chademoChargingStation': False, 'ccsChargingStation': False}",True,True,"[{'category': 'Unleaded'}, {'category': 'Plus'}, {'category': 'Premium'}, {'category': 'Diesel'}, {'category': 'Super'}]",40.40626578,-75.48545889,True,False,False,False,,True,False,False,False,False
619,39,27.59,3520 bethlehem pike,24hours,00:00:00,00:00:00,8008,False,"{'address': '3520 bethlehem pike', 'city': 'souderton', 'state': 'PA', 'zip': '18964-1040'}","{'food': True, 'fuel': True, 'restrooms': True, 'diesel': True, 'ethanolFreeGas': False, 'open24Hours': True, 'teslaChargingStation': False, 'propane': True, 'chademoChargingStation': False, 'ccsChargingStation': False}",True,True,"[{'category': 'Unleaded'}, {'category': 'Plus'}, {'category': 'Premium'}, {'category': 'Diesel'}, {'category': 'Super'}]",40.320177,-75.30396,True,True,True,True,False,True,True,False,True,True
620,41,28.12,370 main street,24hours,00:00:00,00:00:00,0105,False,"{'address': '370 main street', 'city': 'souderton', 'state': 'PA', 'zip': '18964'}","{'food': True, 'fuel': False, 'restrooms': False, 'diesel': False, 'ethanolFreeGas': None, 'open24Hours': True, 'teslaChargingStation': False, 'propane': False, 'chademoChargingStation': False, 'ccsChargingStation': False}",True,True,[],40.313446,-75.328463,True,False,False,False,,True,False,False,False,False
621,43,29.13,2480 bethlehem pike,24hours,00:00:00,00:00:00,8056,False,"{'address': '2480 bethlehem pike', 'city': 'hatfield', 'state': 'PA', 'zip': '19440-1610'}","{'food': True, 'fuel': True, 'restrooms': True, 'diesel': True, 'ethanolFreeGas': False, 'open24Hours': True, 'teslaChargingStation': False, 'propane': True, 'chademoChargingStation': False, 'ccsChargingStation': False}",True,True,"[{'category': 'Unleaded'}, {'category': 'Plus'}, {'category': 'Premium'}, {'category': 'Diesel'}, {'category': 'Super'}]",40.297655,-75.284233,True,True,True,True,False,True,False,True,False,False
622,5,3.06,200 forty foot road,24hours,00:00:00,00:00:00,8050,False,"{'address': '200 forty foot road', 'city': 'lansdale', 'state': 'PA', 'zip': '19446-4005'}","{'food': True, 'fuel': True, 'restrooms': True, 'diesel': True, 'ethanolFreeGas': False, 'open24Hours': True, 'teslaChargingStation': False, 'propane': True, 'chademoChargingStation': False, 'ccsChargingStation': False}",True,True,"[{'category': 'Unleaded'}, {'category': 'Plus'}, {'category': 'Premium'}, {'category': 'Diesel'}, {'category': 'E85'}, {'category': 'Super'}, {'category': 'E15'}]",40.263141,-75.320685,True,True,False,True,False,True,False,False,False,False
623,8,5.12,201 main street,24hours,00:00:00,00:00:00,8135,False,"{'address': '201 main street', 'city': 'harleysville', 'state': 'PA', 'zip': '19438'}","{'food': True, 'fuel': True, 'restrooms': False, 'diesel': True, 'ethanolFreeGas': False, 'open24Hours': True, 'teslaChargingStation': False, 'propane': True, 'chademoChargingStation': False, 'ccsChargingStation': False}",True,True,"[{'category': 'Unleaded'}, {'category': 'Plus'}, {'category': 'Premium'}, {'category': 'Diesel'}, {'category': 'Super'}]",40.26490275,-75.37136851,True,False,False,False,,True,False,False,False,False
624,23,10.46,3 big road,24hours,00:00:00,00:00:00,0281,False,"{'address': '3 big road', 'city': 'zieglerville', 'state': 'PA', 'zip': '19492-9706'}","{'food': True, 'fuel': True, 'restrooms': True, 'diesel': True, 'ethanolFreeGas': False, 'open24Hours': True, 'teslaChargingStation': False, 'propane': True, 'chademoChargingStation': False, 'ccsChargingStation': False}",True,True,"[{'category': 'Unleaded'}, {'category': 'Plus'}, {'category': 'Premium'}, {'category': 'Diesel'}, {'category': 'Super'}]",40.277817,-75.480933,True,True,True,True,False,True,False,False,False,False
625,43,13.63,451 west ridge pike,24hours,00:00:00,00:00:00,8038,False,"{'address': '451 west ridge pike', 'city': 'royersford', 'state': 'PA', 'zip': '19468-1415'}","{'food': True, 'fuel': True, 'restrooms': True, 'diesel': True, 'ethanolFreeGas': False, 'open24Hours': True, 'teslaChargingStation': False, 'propane': True, 'chademoChargingStation': False, 'ccsChargingStation': False}",True,True,"[{'category': 'Unleaded'}, {'category': 'Plus'}, {'category': 'Premium'}, {'category': 'Diesel'}, {'category': 'Super'}]",40.23249196,-75.5283131,True,True,True,True,False,True,False,True,False,False
626,1,1.55,579 n. lewis road,24hours,00:00:00,00:00:00,8005,False,"{'address': '579 n. lewis road', 'city': 'royersford', 'state': 'PA', 'zip': '19468-1129'}","{'food': True, 'fuel': True, 'restrooms': True, 'diesel': True, 'ethanolFreeGas': False, 'open24Hours': True, 'teslaChargingStation': False, 'propane': True, 'chademoChargingStation': False, 'ccsChargingStation': False}",True,True,"[{'category': 'Unleaded'}, {'category': 'Plus'}, {'category': 'Premium'}, {'category': 'Diesel'}, {'category': 'Super'}]",40.214953,-75.54668,True,True,True,True,False,True,False,True,False,False
627,5,4.05,3380 schuylkill road,24hours,00:00:00,00:00:00,0258,False,"{'address': '3380 schuylkill road', 'city': 'spring city', 'state': 'PA', 'zip': '19475-1125'}","{'food': True, 'fuel': True, 'restrooms': True, 'diesel': True, 'ethanolFreeGas': False, 'open24Hours': True, 'teslaChargingStation': False, 'propane': True, 'chademoChargingStation': False, 'ccsChargingStation': False}",True,True,"[{'category': 'Unleaded'}, {'category': 'Plus'}, {'category': 'Premium'}, {'category': 'Diesel'}, {'category': 'Super'}]",40.182907,-75.569259,True,True,False,True,False,True,False,False,False,False
628,6,4.62,1520 high street,24hours,00:00:00,00:00:00,8040,False,"{'address': '1520 high street', 'city': 'pottstown', 'state': 'PA', 'zip': '19464'}","{'food': True, 'fuel': True, 'restrooms': True, 'diesel': True, 'ethanolFreeGas': False, 'open24Hours': True, 'teslaChargingStation': False, 'propane': True, 'chademoChargingStation': False, 'ccsChargingStation': False}",True,True,"[{'category': 'Unleaded'}, {'category': 'Plus'}, {'category': 'Premium'}, {'category': 'Diesel'}, {'category': 'Super'}]",40.243304,-75.61476,True,True,True,True,False,True,False,True,False,False
629,8,5.56,1906 swamp pike,24hours,00:00:00,00:00:00,0134,False,"{'address': '1906 swamp pike', 'city': 'gilbertsville', 'state': 'PA', 'zip': '19525-9342'}","{'food': True, 'fuel': True, 'restrooms': True, 'diesel': True, 'ethanolFreeGas': False, 'open24Hours': True, 'teslaChargingStation': False, 'propane': True, 'chademoChargingStation': False, 'ccsChargingStation': False}",True,True,"[{'category': 'Unleaded'}, {'category': 'Plus'}, {'category': 'Premium'}, {'category': 'Diesel'}, {'category': 'Super'}]",40.299662,-75.586289,True,False,False,False,,True,False,False,False,False
630,10,6.85,260 w. schuylkill road,24hours,00:00:00,00:00:00,0146,False,"{'address': '260 w. schuylkill road', 'city': 'pottstown', 'state': 'PA', 'zip': '19465-6954'}","{'food': True, 'fuel': True, 'restrooms': True, 'diesel': True, 'ethanolFreeGas': False, 'open24Hours': True, 'teslaChargingStation': True, 'propane': True, 'chademoChargingStation': False, 'ccsChargingStation': False}",True,True,"[{'category': 'Unleaded'}, {'category': 'Plus'}, {'category': 'Premium'}, {'category': 'Diesel'}, {'category': 'Super'}]",40.232609,-75.65822,True,True,True,True,False,True,False,True,False,False
631,12,7.2,1417 south hanover street,24hours,00:00:00,00:00:00,0295,False,"{'address': '1417 south hanover street', 'city': 'pottstown', 'state': 'PA', 'zip': '19465-7434'}","{'food': True, 'fuel': True, 'restrooms': True, 'diesel': True, 'ethanolFreeGas': False, 'open24Hours': True, 'teslaChargingStation': False, 'propane': True, 'chademoChargingStation': False, 'ccsChargingStation': False}",True,True,"[{'category': 'Unleaded'}, {'category': 'Plus'}, {'category': 'Premium'}, {'category': 'Diesel'}, {'category': 'Super'}]",40.208435,-75.661064,True,True,True,True,False,True,True,True,False,False
632,13,7.75,1111 grosser rd,24hours,00:00:00,00:00:00,8067,False,"{'address': '1111 grosser rd', 'city': 'gilbertsville', 'state': 'PA', 'zip': '19525'}","{'food': True, 'fuel': True, 'restrooms': True, 'diesel': True, 'ethanolFreeGas': False, 'open24Hours': True, 'teslaChargingStation': False, 'propane': True, 'chademoChargingStation': False, 'ccsChargingStation': False}",False,True,"[{'category': 'Unleaded'}, {'category': 'Plus'}, {'category': 'Premium'}, {'category': 'Diesel'}, {'category': 'Super'}]",40.31108,-75.63319,True,True,True,True,False,True,False,True,False,False
633,18,10.77,10 maplewood drive,24hours,00:00:00,00:00:00,0282,False,"{'address': '10 maplewood drive', 'city': 'douglassville', 'state': 'PA', 'zip': '19518-1544'}","{'food': True, 'fuel': True, 'restrooms': True, 'diesel': True, 'ethanolFreeGas': True, 'open24Hours': True, 'teslaChargingStation': False, 'propane': True, 'chademoChargingStation': False, 'ccsChargingStation': False}",True,True,"[{'category': 'Unleaded'}, {'category': 'Plus'}, {'category': 'Premium'}, {'category': 'Diesel'}, {'category': 'Super'}, {'category': 'xEthanol'}]",40.259563,-75.72943,True,True,True,True,False,True,True,False,False,False
634,23,11.88,1150 pottstown pike,24hours,00:00:00,00:00:00,8140,False,"{'address': '1150 pottstown pike', 'city': 'chester springs', 'state': 'PA', 'zip': '19425'}","{'food': True, 'fuel': True, 'restrooms': True, 'diesel': True, 'ethanolFreeGas': False, 'open24Hours': True, 'teslaChargingStation': False, 'propane': True, 'chademoChargingStation': False, 'ccsChargingStation': False}",True,True,"[{'category': 'Unleaded'}, {'category': 'Plus'}, {'category': 'Premium'}, {'category': 'Diesel'}, {'category': 'Super'}]",40.1163,-75.6941,True,True,True,True,False,True,False,False,False,False
635,14,8.78,3710 lincoln hwy,24hours,00:00:00,00:00:00,8098,False,"{'address': '3710 lincoln hwy', 'city': 'downingtown', 'state': 'PA', 'zip': '19335'}","{'food': True, 'fuel': True, 'restrooms': True, 'diesel': True, 'ethanolFreeGas': False, 'open24Hours': True, 'teslaChargingStation': False, 'propane': False, 'chademoChargingStation': False, 'ccsChargingStation': False}",True,True,"[{'category': 'Unleaded'}, {'category': 'Plus'}, {'category': 'Premium'}, {'category': 'Diesel'}, {'category': 'Super'}]",39.995618,-75.746182,True,True,True,True,False,True,False,False,False,False
636,15,9.0,105 reeceville road,24hours,00:00:00,00:00:00,8094,False,"{'address': '105 reeceville road', 'city': 'coatesville', 'state': 'PA', 'zip': '19320'}","{'food': True, 'fuel': True, 'restrooms': True, 'diesel': True, 'ethanolFreeGas': False, 'open24Hours': True, 'teslaChargingStation': False, 'propane': False, 'chademoChargingStation': False, 'ccsChargingStation': False}",True,True,"[{'category': 'Unleaded'}, {'category': 'Plus'}, {'category': 'Premium'}, {'category': 'Diesel'}, {'category': 'Super'}]",40.00865678,-75.78989171,True,True,True,True,False,True,False,True,False,False
637,17,9.21,3025 lincoln highway,24hours,00:00:00,00:00:00,8011,False,"{'address': '3025 lincoln highway', 'city': 'thorndale', 'state': 'PA', 'zip': '19372'}","{'food': True, 'fuel': True, 'restrooms': True, 'diesel': True, 'ethanolFreeGas': False, 'open24Hours': True, 'teslaChargingStation': False, 'propane': True, 'chademoChargingStation': False, 'ccsChargingStation': False}",True,True,"[{'category': 'Unleaded'}, {'category': 'Plus'}, {'category': 'Premium'}, {'category': 'Diesel'}, {'category': 'Super'}]",39.993898,-75.76311,True,False,False,False,,True,False,False,False,False
638,25,11.22,2837 main street,24hours,00:00:00,00:00:00,8129,False,"{'address': '2837 main street', 'city': 'morgantown', 'state': 'PA', 'zip': '19543'}","{'food': True, 'fuel': True, 'restrooms': True, 'diesel': True, 'ethanolFreeGas': True, 'open24Hours': True, 'teslaChargingStation': False, 'propane': True, 'chademoChargingStation': False, 'ccsChargingStation': False}",True,True,"[{'category': 'Unleaded'}, {'category': 'Plus'}, {'category': 'Premium'}, {'category': 'Diesel'}, {'category': 'Super'}, {'category': 'xEthanol'}]",40.15196838,-75.90139061,True,False,True,False,,True,False,True,False,False
639,39,15.31,5060 perkiomen avenue,24hours,00:00:00,00:00:00,0166,False,"{'address': '5060 perkiomen avenue', 'city': 'reading', 'state': 'PA', 'zip': '19606-9527'}","{'food': True, 'fuel': True, 'restrooms': True, 'diesel': True, 'ethanolFreeGas': True, 'open24Hours': True, 'teslaChargingStation': True, 'propane': True, 'chademoChargingStation': False, 'ccsChargingStation': False}",True,True,"[{'category': 'Unleaded'}, {'category': 'Plus'}, {'category': 'Premium'}, {'category': 'Diesel'}, {'category': 'Super'}, {'category': 'xEthanol'}]",40.301341,-75.853608,True,True,True,True,False,True,True,False,True,True
640,40,15.45,600 nova way,24hours,00:00:00,00:00:00,8211,False,"{'address': '600 nova way', 'city': 'parkesburg', 'state': 'PA', 'zip': '19365'}","{'food': True, 'fuel': True, 'restrooms': True, 'diesel': True, 'ethanolFreeGas': False, 'open24Hours': True, 'teslaChargingStation': False, 'propane': False, 'chademoChargingStation': False, 'ccsChargingStation': False}",True,True,"[{'category': 'Unleaded'}, {'category': 'Plus'}, {'category': 'Premium'}, {'category': 'Diesel'}, {'category': 'Super'}]",39.982267,-75.927941,True,False,True,False,,True,False,False,False,False
641,41,15.62,3711 west lincoln highway,24hours,00:00:00,00:00:00,0263,False,"{'address': '3711 west lincoln highway', 'city': 'parkesburg', 'state': 'PA', 'zip': '19365-1775'}","{'food': True, 'fuel': True, 'restrooms': True, 'diesel': True, 'ethanolFreeGas': False, 'open24Hours': True, 'teslaChargingStation': False, 'propane': True, 'chademoChargingStation': False, 'ccsChargingStation': False}",True,True,"[{'category': 'Unleaded'}, {'category': 'Plus'}, {'category': 'Premium'}, {'category': 'Diesel'}, {'category': 'Super'}]",39.984364,-75.93401,True,False,False,False,,True,False,False,False,False
642,2,4.58,787 rt. 41,24hours,00:00:00,00:00:00,8025,False,"{'address': '787 rt. 41', 'city': 'gap', 'state': 'PA', 'zip': '17527'}","{'food': True, 'fuel': True, 'restrooms': True, 'diesel': True, 'ethanolFreeGas': True, 'open24Hours': True, 'teslaChargingStation': False, 'propane': True, 'chademoChargingStation': False, 'ccsChargingStation': False}",True,True,"[{'category': 'Unleaded'}, {'category': 'Plus'}, {'category': 'Premium'}, {'category': 'Diesel'}, {'category': 'Super'}, {'category': 'xEthanol'}]",39.990936,-76.020149,True,True,True,True,False,True,True,True,False,False
643,17,15.99,2126 - 2132 lincoln hwy e,24hours,00:00:00,00:00:00,0275,False,"{'address': '2126 - 2132 lincoln hwy e', 'city': 'lancaster', 'state': 'PA', 'zip': '17602-1110'}","{'food': True, 'fuel': True, 'restrooms': True, 'diesel': True, 'ethanolFreeGas': False, 'open24Hours': True, 'teslaChargingStation': False, 'propane': True, 'chademoChargingStation': False, 'ccsChargingStation': False}",True,True,"[{'category': 'Unleaded'}, {'category': 'Plus'}, {'category': 'Premium'}, {'category': 'Diesel'}, {'category': 'Super'}]",40.029484,-76.230393,True,False,False,False,,True,False,False,False,False
644,26,18.99,602 s. reading road,24hours,00:00:00,00:00:00,0260,False,"{'address': '602 s. reading road', 'city': 'ephrata', 'state': 'PA', 'zip': '17522'}","{'food': True, 'fuel': True, 'restrooms': True, 'diesel': True, 'ethanolFreeGas': True, 'open24Hours': True, 'teslaChargingStation': False, 'propane': True, 'chademoChargingStation': False, 'ccsChargingStation': False}",True,True,"[{'category': 'Unleaded'}, {'category': 'Plus'}, {'category': 'Premium'}, {'category': 'Diesel'}, {'category': 'Super'}, {'category': 'xEthanol'}]",40.172506,-76.195895,True,False,False,False,,True,False,False,False,False
645,38,22.36,2005 museum rd.,24hours,00:00:00,00:00:00,8010,False,"{'address': '2005 museum rd.', 'city': 'wyomissing', 'state': 'PA', 'zip': '19610-2859'}","{'food': True, 'fuel': True, 'restrooms': True, 'diesel': True, 'ethanolFreeGas': True, 'open24Hours': True, 'teslaChargingStation': False, 'propane': True, 'chademoChargingStation': False, 'ccsChargingStation': False}",True,True,"[{'category': 'Unleaded'}, {'category': 'Plus'}, {'category': 'Premium'}, {'category': 'Diesel'}, {'category': 'Super'}, {'category': 'xEthanol'}]",40.306368,-75.97575,True,True,True,True,False,True,True,True,False,False
646,43,23.24,413 lancaster avenue,24hours,00:00:00,00:00:00,8109,False,"{'address': '413 lancaster avenue', 'city': 'reading', 'state': 'PA', 'zip': '19611'}","{'food': True, 'fuel': True, 'restrooms': True, 'diesel': True, 'ethanolFreeGas': True, 'open24Hours': True, 'teslaChargingStation': False, 'propane': True, 'chademoChargingStation': False, 'ccsChargingStation': False}",True,True,"[{'category': 'Unleaded'}, {'category': 'Plus'}, {'category': 'Premium'}, {'category': 'Diesel'}, {'category': 'Super'}, {'category': 'xEthanol'}]",40.320718,-75.93526,True,True,True,True,False,True,False,True,False,False
647,46,23.34,1990 miller road,24hours,00:00:00,00:00:00,0158,False,"{'address': '1990 miller road', 'city': 'east petersburg', 'state': 'PA', 'zip': '17520-1331'}","{'food': True, 'fuel': True, 'restrooms': True, 'diesel': True, 'ethanolFreeGas': True, 'open24Hours': True, 'teslaChargingStation': False, 'propane': True, 'chademoChargingStation': False, 'ccsChargingStation': False}",True,True,"[{'category': 'Unleaded'}, {'category': 'Plus'}, {'category': 'Premium'}, {'category': 'Diesel'}, {'category': 'Super'}, {'category': 'xEthanol'}]",40.092894,-76.35174,True,True,True,True,False,True,False,True,False,False
648,4,21.16,10 bernville rd,24hours,00:00:00,00:00:00,8179,False,"{'address': '10 bernville rd', 'city': 'robesonia', 'state': 'PA', 'zip': '19551'}","{'food': True, 'fuel': True, 'restrooms': False, 'diesel': True, 'ethanolFreeGas': True, 'open24Hours': True, 'teslaChargingStation': False, 'propane': False, 'chademoChargingStation': False, 'ccsChargingStation': False}",True,True,"[{'category': 'Unleaded'}, {'category': 'Plus'}, {'category': 'Premium'}, {'category': 'Diesel'}, {'category': 'Super'}, {'category': 'xEthanol'}]",40.35478,-76.143699,True,True,True,True,False,True,True,False,False,False
649,5,22.64,1601 west harrisburg pike,24hours,00:00:00,00:00:00,8195,False,"{'address': '1601 west harrisburg pike', 'city': 'middletown', 'state': 'PA', 'zip': '17057'}","{'food': True, 'fuel': True, 'restrooms': True, 'diesel': True, 'ethanolFreeGas': True, 'open24Hours': True, 'teslaChargingStation': False, 'propane': False, 'chademoChargingStation': False, 'ccsChargingStation': False}",True,True,"[{'category': 'Unleaded'}, {'category': 'Plus'}, {'category': 'Premium'}, {'category': 'Diesel'}, {'category': 'Super'}, {'category': 'xEthanol'}]",40.199363,-76.757104,True,True,False,True,False,True,False,False,False,False
650,9,24.22,3337 penn ave,24hours,00:00:00,00:00:00,0286,False,"{'address': '3337 penn ave', 'city': 'reading', 'state': 'PA', 'zip': '19609-1422'}","{'food': True, 'fuel': True, 'restrooms': True, 'diesel': True, 'ethanolFreeGas': True, 'open24Hours': True, 'teslaChargingStation': False, 'propane': True, 'chademoChargingStation': False, 'ccsChargingStation': False}",True,True,"[{'category': 'Unleaded'}, {'category': 'Plus'}, {'category': 'Premium'}, {'category': 'Diesel'}, {'category': 'Super'}, {'category': 'xEthanol'}]",40.326237,-76.00928,True,False,False,False,,True,False,False,False,False
651,11,25.7,2941 carlisle road,24hours,00:00:00,00:00:00,8188,False,"{'address': '2941 carlisle road', 'city': 'dover', 'state': 'PA', 'zip': '17315'}","{'food': True, 'fuel': True, 'restrooms': True, 'diesel': True, 'ethanolFreeGas': True, 'open24Hours': True, 'teslaChargingStation': False, 'propane': False, 'chademoChargingStation': False, 'ccsChargingStation': False}",True,True,"[{'category': 'Unleaded'}, {'category': 'Plus'}, {'category': 'Premium'}, {'category': 'Diesel'}, {'category': 'Super'}, {'category': 'xEthanol'}]",39.9828131,-76.8158237,True,True,True,True,False,True,True,True,False,False
652,12,26.68,2709 north meridian boulevard,24hours,00:00:00,00:00:00,0147,False,"{'address': '2709 north meridian boulevard', 'city': 'wyomissing', 'state': 'PA', 'zip': '19610-3331'}","{'food': True, 'fuel': True, 'restrooms': True, 'diesel': True, 'ethanolFreeGas': True, 'open24Hours': True, 'teslaChargingStation': False, 'propane': True, 'chademoChargingStation': False, 'ccsChargingStation': False}",True,True,"[{'category': 'Unleaded'}, {'category': 'Plus'}, {'category': 'Premium'}, {'category': 'Diesel'}, {'category': 'Super'}, {'category': 'xEthanol'}]",40.355336,-75.98064,True,True,True,True,False,True,True,True,False,False
653,13,26.84,837 penn ave,24hours,00:00:00,00:00:00,8124,False,"{'address': '837 penn ave', 'city': 'wyomissing', 'state': 'PA', 'zip': '19610'}","{'food': True, 'fuel': True, 'restrooms': True, 'diesel': True, 'ethanolFreeGas': True, 'open24Hours': True, 'teslaChargingStation': False, 'propane': True, 'chademoChargingStation': False, 'ccsChargingStation': False}",True,True,"[{'category': 'Unleaded'}, {'category': 'Plus'}, {'category': 'Premium'}, {'category': 'Diesel'}, {'category': 'Super'}, {'category': 'xEthanol'}]",40.336509,-75.955552,True,True,True,True,False,True,False,True,False,False
654,15,27.43,4535 west market street,24hours,00:00:00,00:00:00,8192,False,"{'address': '4535 west market street', 'city': 'york', 'state': 'PA', 'zip': '17408'}","{'food': True, 'fuel': True, 'restrooms': False, 'diesel': True, 'ethanolFreeGas': True, 'open24Hours': True, 'teslaChargingStation': False, 'propane': False, 'chademoChargingStation': False, 'ccsChargingStation': False}",True,True,"[{'category': 'Unleaded'}, {'category': 'Plus'}, {'category': 'Premium'}, {'category': 'Diesel'}, {'category': 'Super'}, {'category': 'xEthanol'}]",39.92915227,-76.82391659,True,True,True,True,False,True,False,True,False,False
655,16,27.85,910 w. leesport road,24hours,00:00:00,00:00:00,8119,False,"{'address': '910 w. leesport road', 'city': 'dauberville', 'state': 'PA', 'zip': '19533'}","{'food': True, 'fuel': True, 'restrooms': True, 'diesel': True, 'ethanolFreeGas': True, 'open24Hours': True, 'teslaChargingStation': False, 'propane': True, 'chademoChargingStation': False, 'ccsChargingStation': False}",True,True,"[{'category': 'Unleaded'}, {'category': 'Plus'}, {'category': 'Premium'}, {'category': 'Diesel'}, {'category': 'Super'}, {'category': 'xEthanol'}]",40.39082,-75.995976,True,True,True,True,False,True,False,True,True,True
656,18,29.67,1946 north 11th street,24hours,00:00:00,00:00:00,0153,False,"{'address': '1946 north 11th street', 'city': 'reading', 'state': 'PA', 'zip': '19604'}","{'food': True, 'fuel': True, 'restrooms': True, 'diesel': True, 'ethanolFreeGas': False, 'open24Hours': True, 'teslaChargingStation': False, 'propane': True, 'chademoChargingStation': False, 'ccsChargingStation': False}",True,True,"[{'category': 'Unleaded'}, {'category': 'Plus'}, {'category': 'Premium'}, {'category': 'Diesel'}, {'category': 'Super'}]",40.364627,-75.916307,True,True,True,True,False,True,True,False,False,False
657,20,30.0,3650 pottsville pike,24hours,00:00:00,00:00:00,0274,False,"{'address': '3650 pottsville pike', 'city': 'reading', 'state': 'PA', 'zip': '19605-1700'}","{'food': True, 'fuel': True, 'restrooms': True, 'diesel': True, 'ethanolFreeGas': False, 'open24Hours': True, 'teslaChargingStation': False, 'propane': True, 'chademoChargingStation': False, 'ccsChargingStation': False}",True,True,"[{'category': 'Unleaded'}, {'category': 'Plus'}, {'category': 'Premium'}, {'category': 'Diesel'}, {'category': 'Super'}]",40.389076,-75.93586,True,True,True,True,False,True,False,False,False,False
658,25,33.75,100 metropolitan way,24hours,00:00:00,00:00:00,8198,False,"{'address': '100 metropolitan way', 'city': 'enola', 'state': 'PA', 'zip': '17025'}","{'food': True, 'fuel': True, 'restrooms': True, 'diesel': True, 'ethanolFreeGas': True, 'open24Hours': True, 'teslaChargingStation': False, 'propane': True, 'chademoChargingStation': False, 'ccsChargingStation': False}",True,True,"[{'category': 'Unleaded'}, {'category': 'Plus'}, {'category': 'Premium'}, {'category': 'Diesel'}, {'category': 'Super'}, {'category': 'xEthanol'}]",40.309822,-76.924658,True,False,True,False,,True,False,True,False,False
659,34,37.28,515 lowland road,24hours,00:00:00,00:00:00,8051,False,"{'address': '515 lowland road', 'city': 'hamburg', 'state': 'PA', 'zip': '19526-8708'}","{'food': True, 'fuel': True, 'restrooms': True, 'diesel': True, 'ethanolFreeGas': True, 'open24Hours': True, 'teslaChargingStation': True, 'propane': False, 'chademoChargingStation': False, 'ccsChargingStation': False}",True,True,"[{'category': 'Unleaded'}, {'category': 'Plus'}, {'category': 'Premium'}, {'category': 'Diesel'}, {'category': 'Super'}, {'category': 'xEthanol'}]",40.564347,-76.007716,True,False,False,False,,True,False,False,False,False
660,1,72.2,820 pantops corner way,24hours,00:00:00,00:00:00,8667,False,"{'address': '820 pantops corner way', 'city': 'charlottesville', 'state': 'VA', 'zip': '22911'}","{'food': True, 'fuel': True, 'restrooms': True, 'diesel': True, 'ethanolFreeGas': True, 'open24Hours': True, 'teslaChargingStation': False, 'propane': True, 'chademoChargingStation': False, 'ccsChargingStation': False}",True,True,"[{'category': 'Unleaded'}, {'category': 'Plus'}, {'category': 'Premium'}, {'category': 'Diesel'}, {'category': 'Super'}, {'category': 'xEthanol'}]",38.03389709,-78.45362913,True,True,True,True,False,True,False,True,False,False
661,4,73.98,1215 seminole trail,24hours,00:00:00,00:00:00,8660,False,"{'address': '1215 seminole trail', 'city': 'charlottesville', 'state': 'VA', 'zip': '22901'}","{'food': True, 'fuel': True, 'restrooms': True, 'diesel': True, 'ethanolFreeGas': True, 'open24Hours': True, 'teslaChargingStation': False, 'propane': False, 'chademoChargingStation': False, 'ccsChargingStation': False}",True,True,"[{'category': 'Unleaded'}, {'category': 'Plus'}, {'category': 'Premium'}, {'category': 'Diesel'}, {'category': 'Super'}, {'category': 'xEthanol'}]",38.06995296,-78.4842721,True,True,True,True,False,True,True,False,False,False
662,9,78.94,3267 proffit rd,24hours,00:00:00,00:00:00,8659,False,"{'address': '3267 proffit rd', 'city': 'charlottesville', 'state': 'VA', 'zip': '22911'}","{'food': True, 'fuel': True, 'restrooms': True, 'diesel': True, 'ethanolFreeGas': True, 'open24Hours': True, 'teslaChargingStation': True, 'propane': False, 'chademoChargingStation': False, 'ccsChargingStation': False}",True,True,"[{'category': 'Unleaded'}, {'category': 'Plus'}, {'category': 'Premium'}, {'category': 'Diesel'}, {'category': 'Super'}, {'category': 'xEthanol'}]",38.13224965,-78.43423773,True,False,False,False,,True,False,False,False,False
663,4,118.47,164 maynard st,24hours,00:00:00,00:00:00,8220,False,"{'address': '164 maynard st', 'city': 'williamsport', 'state': 'PA', 'zip': '17701'}","{'food': True, 'fuel': True, 'restrooms': False, 'diesel': True, 'ethanolFreeGas': True, 'open24Hours': True, 'teslaChargingStation': False, 'propane': False, 'chademoChargingStation': False, 'ccsChargingStation': False}",True,True,"[{'category': 'Unleaded'}, {'category': 'Plus'}, {'category': 'Premium'}, {'category': 'Diesel'}, {'category': 'Super'}, {'category': 'xEthanol'}]",41.23570841,-77.01922065,True,True,True,True,False,True,True,False,False,False
664,48,97.29,1071 wayne ave,24hours,00:00:00,00:00:00,8204,False,"{'address': '1071 wayne ave', 'city': 'chambersburg', 'state': 'PA', 'zip': '17201'}","{'food': True, 'fuel': True, 'restrooms': False, 'diesel': True, 'ethanolFreeGas': True, 'open24Hours': True, 'teslaChargingStation': False, 'propane': False, 'chademoChargingStation': False, 'ccsChargingStation': False}",True,True,"[{'category': 'Unleaded'}, {'category': 'Plus'}, {'category': 'Premium'}, {'category': 'Diesel'}, {'category': 'Super'}, {'category': 'xEthanol'}]",39.91183937,-77.65093813,True,True,True,True,False,False,False,False,False,False
665,11,54.73,1544 martinsburg pike,24hours,00:00:00,00:00:00,8698,False,"{'address': '1544 martinsburg pike', 'city': 'winchester', 'state': 'VA', 'zip': '22603'}","{'food': True, 'fuel': True, 'restrooms': False, 'diesel': True, 'ethanolFreeGas': True, 'open24Hours': True, 'teslaChargingStation': False, 'propane': False, 'chademoChargingStation': False, 'ccsChargingStation': False}",True,True,"[{'category': 'Unleaded'}, {'category': 'Plus'}, {'category': 'Premium'}, {'category': 'Diesel'}, {'category': 'Super'}, {'category': 'xEthanol'}]",39.21571384,-78.14123119,True,True,True,True,False,True,True,True,False,False
666,39,7.6,12301 academy road,24hours,00:00:00,00:00:00,8035,False,"{'address': '12301 academy road', 'city': 'philadelphia', 'state': 'PA', 'zip': '19154'}","{'food': True, 'fuel': True, 'restrooms': True, 'diesel': True, 'ethanolFreeGas': False, 'open24Hours': True, 'teslaChargingStation': False, 'propane': True, 'chademoChargingStation': False, 'ccsChargingStation': False}",True,True,"[{'category': 'Unleaded'}, {'category': 'Plus'}, {'category': 'Premium'}, {'category': 'Diesel'}, {'category': 'Super'}]",40.095661,-74.97629,True,True,True,True,False,True,True,False,True,True
667,1,1.45,12004 e. roosevelt blvd.,24hours,00:00:00,00:00:00,8110,False,"{'address': '12004 e. roosevelt blvd.', 'city': 'philadelphia', 'state': 'PA', 'zip': '19116'}","{'food': True, 'fuel': True, 'restrooms': True, 'diesel': True, 'ethanolFreeGas': False, 'open24Hours': True, 'teslaChargingStation': False, 'propane': True, 'chademoChargingStation': False, 'ccsChargingStation': False}",True,True,"[{'category': 'Unleaded'}, {'category': 'Plus'}, {'category': 'Premium'}, {'category': 'Diesel'}, {'category': 'E85'}, {'category': 'Super'}, {'category': 'E15'}]",40.10674898,-74.9995867,True,True,True,True,False,True,False,True,False,False
668,4,1.77,2250 & 2300 lincoln highway,24hours,00:00:00,00:00:00,0277,False,"{'address': '2250 & 2300 lincoln highway', 'city': 'feasterville trevose', 'state': 'PA', 'zip': '19053-6814'}","{'food': True, 'fuel': True, 'restrooms': True, 'diesel': True, 'ethanolFreeGas': False, 'open24Hours': True, 'teslaChargingStation': False, 'propane': True, 'chademoChargingStation': False, 'ccsChargingStation': False}",True,True,"[{'category': 'Unleaded'}, {'category': 'Plus'}, {'category': 'Premium'}, {'category': 'Diesel'}, {'category': 'Super'}]",40.12121,-74.978915,True,True,True,True,False,True,True,False,False,False
669,5,2.11,3620 street road,24hours,00:00:00,00:00:00,8072,False,"{'address': '3620 street road', 'city': 'bensalem', 'state': 'PA', 'zip': '19020'}","{'food': True, 'fuel': True, 'restrooms': True, 'diesel': True, 'ethanolFreeGas': False, 'open24Hours': True, 'teslaChargingStation': True, 'propane': True, 'chademoChargingStation': False, 'ccsChargingStation': False}",True,True,"[{'category': 'Unleaded'}, {'category': 'Plus'}, {'category': 'Premium'}, {'category': 'Diesel'}, {'category': 'Super'}]",40.12439,-74.96295,True,True,False,True,False,True,False,False,False,False
670,9,3.09,601 street rd. e,24hours,00:00:00,00:00:00,8075,False,"{'address': '601 street rd. e', 'city': 'feasterville trevose', 'state': 'PA', 'zip': '19053-4120'}","{'food': True, 'fuel': True, 'restrooms': True, 'diesel': True, 'ethanolFreeGas': False, 'open24Hours': True, 'teslaChargingStation': False, 'propane': True, 'chademoChargingStation': False, 'ccsChargingStation': False}",True,True,"[{'category': 'Unleaded'}, {'category': 'Plus'}, {'category': 'Premium'}, {'category': 'Diesel'}, {'category': 'Super'}]",40.139445,-74.988437,True,False,False,False,,True,False,False,False,False
671,15,3.75,676 rosewood avenue,24hours,00:00:00,00:00:00,0038,False,"{'address': '676 rosewood avenue', 'city': 'feasterville trevose', 'state': 'PA', 'zip': '19053-4644'}","{'food': True, 'fuel': False, 'restrooms': False, 'diesel': False, 'ethanolFreeGas': None, 'open24Hours': True, 'teslaChargingStation': False, 'propane': False, 'chademoChargingStation': False, 'ccsChargingStation': False}",True,True,[],40.150003,-74.97714,True,True,True,True,False,True,False,True,False,False
672,16,4.0,929 bustleton pk,24hours,00:00:00,00:00:00,8136,False,"{'address': '929 bustleton pk', 'city': 'feasterville trevose', 'state': 'PA', 'zip': '19053'}","{'food': True, 'fuel': True, 'restrooms': True, 'diesel': True, 'ethanolFreeGas': False, 'open24Hours': True, 'teslaChargingStation': False, 'propane': True, 'chademoChargingStation': False, 'ccsChargingStation': False}",True,True,"[{'category': 'Unleaded'}, {'category': 'Plus'}, {'category': 'Premium'}, {'category': 'Diesel'}, {'category': 'Super'}]",40.150134,-75.002039,True,True,True,True,False,True,False,True,True,True
673,34,481.19,14 north bridge ave.,24hours,00:00:00,00:00:00,0790,False,"{'address': '14 north bridge ave.', 'city': 'red bank', 'state': 'NJ', 'zip': '07701'}","{'food': True, 'fuel': False, 'restrooms': True, 'diesel': False, 'ethanolFreeGas': None, 'open24Hours': True, 'teslaChargingStation': False, 'propane': False, 'chademoChargingStation': False, 'ccsChargingStation': False}",True,True,[],40.351151,-74.076,True,False,False,False,,True,False,False,False,False
674,38,483.29,151a highway 35,24hours,00:00:00,00:00:00,8368,False,"{'address': '151a highway 35', 'city': 'eatontown', 'state': 'NJ', 'zip': '07724'}","{'food': True, 'fuel': True, 'restrooms': True, 'diesel': True, 'ethanolFreeGas': False, 'open24Hours': True, 'teslaChargingStation': False, 'propane': True, 'chademoChargingStation': False, 'ccsChargingStation': False}",True,True,"[{'category': 'Unleaded'}, {'category': 'Plus'}, {'category': 'Premium'}, {'category': 'Diesel'}, {'category': 'Super'}]",40.294496,-74.052162,True,True,True,True,False,True,True,True,False,False
675,43,483.93,308 highway 35,24hours,00:00:00,00:00:00,8450,False,"{'address': '308 highway 35', 'city': 'eatontown', 'state': 'NJ', 'zip': '07724'}","{'food': True, 'fuel': True, 'restrooms': True, 'diesel': True, 'ethanolFreeGas': False, 'open24Hours': True, 'teslaChargingStation': False, 'propane': True, 'chademoChargingStation': False, 'ccsChargingStation': False}",True,True,"[{'category': 'Unleaded'}, {'category': 'Plus'}, {'category': 'Premium'}, {'category': 'Diesel'}, {'category': 'Super'}]",40.279043,-74.047547,True,True,True,True,False,True,False,True,False,False
676,47,484.97,1611 route 35,24hours,00:00:00,00:00:00,8369,False,"{'address': '1611 route 35', 'city': 'oakhurst', 'state': 'NJ', 'zip': '07755'}","{'food': True, 'fuel': True, 'restrooms': True, 'diesel': True, 'ethanolFreeGas': False, 'open24Hours': True, 'teslaChargingStation': False, 'propane': False, 'chademoChargingStation': False, 'ccsChargingStation': False}",True,True,"[{'category': 'Unleaded'}, {'category': 'Plus'}, {'category': 'Premium'}, {'category': 'Diesel'}, {'category': 'Super'}]",40.25305,-74.038746,True,True,True,True,False,True,False,True,False,False
677,2,2.76,2000 shafto road,24hours,00:00:00,00:00:00,0996,False,"{'address': '2000 shafto road', 'city': 'tinton falls', 'state': 'NJ', 'zip': '07712'}","{'food': True, 'fuel': True, 'restrooms': True, 'diesel': True, 'ethanolFreeGas': False, 'open24Hours': True, 'teslaChargingStation': False, 'propane': True, 'chademoChargingStation': False, 'ccsChargingStation': False}",True,True,"[{'category': 'Unleaded'}, {'category': 'Plus'}, {'category': 'Premium'}, {'category': 'Diesel'}, {'category': 'Super'}]",40.258006,-74.090701,True,True,True,True,False,True,True,True,False,False
678,3,2.78,3520 rt 66,24hours,00:00:00,00:00:00,8303,False,"{'address': '3520 rt 66', 'city': 'neptune', 'state': 'NJ', 'zip': '07753-2603'}","{'food': True, 'fuel': True, 'restrooms': True, 'diesel': True, 'ethanolFreeGas': False, 'open24Hours': True, 'teslaChargingStation': False, 'propane': True, 'chademoChargingStation': False, 'ccsChargingStation': False}",True,True,"[{'category': 'Unleaded'}, {'category': 'Plus'}, {'category': 'Premium'}, {'category': 'Diesel'}, {'category': 'Super'}]",40.225112,-74.076639,True,True,True,True,False,True,False,False,False,False
679,5,3.11,1344 corlies ave,24hours,00:00:00,00:00:00,8329,False,"{'address': '1344 corlies ave', 'city': 'neptune', 'state': 'NJ', 'zip': '07753-5166'}","{'food': True, 'fuel': True, 'restrooms': True, 'diesel': False, 'ethanolFreeGas': False, 'open24Hours': True, 'teslaChargingStation': False, 'propane': False, 'chademoChargingStation': False, 'ccsChargingStation': False}",True,True,"[{'category': 'Unleaded'}, {'category': 'Plus'}, {'category': 'Premium'}, {'category': 'Super'}]",40.208999,-74.026672,True,True,False,True,False,True,False,False,False,False
680,6,5.27,1310 highway 34,24hours,00:00:00,00:00:00,0929,False,"{'address': '1310 highway 34', 'city': 'farmingdale', 'state': 'NJ', 'zip': '07727-4000'}","{'food': True, 'fuel': True, 'restrooms': True, 'diesel': True, 'ethanolFreeGas': False, 'open24Hours': True, 'teslaChargingStation': False, 'propane': False, 'chademoChargingStation': False, 'ccsChargingStation': False}",True,True,"[{'category': 'Unleaded'}, {'category': 'Plus'}, {'category': 'Premium'}, {'category': 'Diesel'}, {'category': 'Super'}]",40.215855,-74.12591,True,True,True,True,False,True,False,True,False,False
681,8,9.08,2432 highway 35,24hours,00:00:00,00:00:00,0917,False,"{'address': '2432 highway 35', 'city': 'manasquan', 'state': 'NJ', 'zip': '08736-1102'}","{'food': True, 'fuel': False, 'restrooms': False, 'diesel': False, 'ethanolFreeGas': None, 'open24Hours': True, 'teslaChargingStation': False, 'propane': False, 'chademoChargingStation': False, 'ccsChargingStation': False}",True,True,[],40.123674,-74.06863,True,False,False,False,,True,False,False,False,False
682,9,10.04,909 route 33,24hours,00:00:00,00:00:00,0910,False,"{'address': '909 route 33', 'city': 'freehold', 'state': 'NJ', 'zip': '07728-8437'}","{'food': True, 'fuel': True, 'restrooms': True, 'diesel': True, 'ethanolFreeGas': False, 'open24Hours': True, 'teslaChargingStation': True, 'propane': False, 'chademoChargingStation': False, 'ccsChargingStation': False}",True,True,"[{'category': 'Unleaded'}, {'category': 'Plus'}, {'category': 'Premium'}, {'category': 'Diesel'}, {'category': 'Super'}]",40.238923,-74.22818,True,False,False,False,,True,False,False,False,False
683,10,10.75,157 newtons corner road,24hours,00:00:00,00:00:00,0343,False,"{'address': '157 newtons corner road', 'city': 'howell', 'state': 'NJ', 'zip': '07731'}","{'food': True, 'fuel': False, 'restrooms': True, 'diesel': False, 'ethanolFreeGas': None, 'open24Hours': True, 'teslaChargingStation': False, 'propane': False, 'chademoChargingStation': False, 'ccsChargingStation': False}",True,True,[],40.119926,-74.144189,True,True,True,True,False,True,False,True,False,False
684,13,11.93,2485 rt 9 north,24hours,00:00:00,00:00:00,0955,False,"{'address': '2485 rt 9 north', 'city': 'howell', 'state': 'NJ', 'zip': '07731-3741'}","{'food': True, 'fuel': True, 'restrooms': True, 'diesel': True, 'ethanolFreeGas': False, 'open24Hours': True, 'teslaChargingStation': False, 'propane': True, 'chademoChargingStation': False, 'ccsChargingStation': False}",True,True,"[{'category': 'Unleaded'}, {'category': 'Plus'}, {'category': 'Premium'}, {'category': 'Diesel'}, {'category': 'Super'}]",40.178289,-74.242541,True,True,True,True,False,True,False,True,False,False
685,14,12.12,10 lanes mill rd,24hours,00:00:00,00:00:00,8463,False,"{'address': '10 lanes mill rd', 'city': 'brick', 'state': 'NJ', 'zip': '08723'}","{'food': True, 'fuel': True, 'restrooms': True, 'diesel': True, 'ethanolFreeGas': False, 'open24Hours': True, 'teslaChargingStation': False, 'propane': True, 'chademoChargingStation': False, 'ccsChargingStation': False}",True,True,"[{'category': 'Unleaded'}, {'category': 'Plus'}, {'category': 'Premium'}, {'category': 'Diesel'}, {'category': 'Super'}]",40.09735,-74.14466,True,True,True,True,False,True,False,False,False,False
686,16,12.26,3303 route 9,24hours,00:00:00,00:00:00,8473,False,"{'address': '3303 route 9', 'city': 'freehold', 'state': 'NJ', 'zip': '07728'}","{'food': True, 'fuel': True, 'restrooms': True, 'diesel': True, 'ethanolFreeGas': False, 'open24Hours': True, 'teslaChargingStation': False, 'propane': False, 'chademoChargingStation': False, 'ccsChargingStation': False}",True,True,"[{'category': 'Unleaded'}, {'category': 'Plus'}, {'category': 'Premium'}, {'category': 'Diesel'}, {'category': 'Super'}]",40.221384,-74.267386,True,True,True,True,False,True,False,True,True,True
687,17,12.73,4690 us highway 9,24hours,00:00:00,00:00:00,0938,False,"{'address': '4690 us highway 9', 'city': 'howell', 'state': 'NJ', 'zip': '07731-3319'}","{'food': True, 'fuel': True, 'restrooms': True, 'diesel': True, 'ethanolFreeGas': False, 'open24Hours': True, 'teslaChargingStation': True, 'propane': True, 'chademoChargingStation': False, 'ccsChargingStation': False}",True,True,"[{'category': 'Unleaded'}, {'category': 'Plus'}, {'category': 'Premium'}, {'category': 'Diesel'}, {'category': 'Super'}]",40.136661,-74.22563,True,False,False,False,,True,False,False,False,False
688,18,13.27,1902 route 88,24hours,00:00:00,00:00:00,8372,False,"{'address': '1902 route 88', 'city': 'brick', 'state': 'NJ', 'zip': '08724'}","{'food': True, 'fuel': True, 'restrooms': True, 'diesel': True, 'ethanolFreeGas': False, 'open24Hours': True, 'teslaChargingStation': False, 'propane': True, 'chademoChargingStation': False, 'ccsChargingStation': False}",True,True,"[{'category': 'Unleaded'}, {'category': 'Plus'}, {'category': 'Premium'}, {'category': 'Diesel'}, {'category': 'Super'}]",40.0715,-74.12096,True,True,True,True,False,True,True,False,False,False
689,19,13.43,605 east county line road,24hours,00:00:00,00:00:00,0743,False,"{'address': '605 east county line road', 'city': 'lakewood', 'state': 'NJ', 'zip': '08701-1430'}","{'food': True, 'fuel': False, 'restrooms': False, 'diesel': False, 'ethanolFreeGas': None, 'open24Hours': True, 'teslaChargingStation': False, 'propane': False, 'chademoChargingStation': False, 'ccsChargingStation': False}",True,True,[],40.10546,-74.204442,True,True,True,True,False,True,True,True,False,False
690,22,14.75,595 brick blvd.,24hours,00:00:00,00:00:00,0923,False,"{'address': '595 brick blvd.', 'city': 'brick', 'state': 'NJ', 'zip': '08723-6018'}","{'food': True, 'fuel': False, 'restrooms': False, 'diesel': False, 'ethanolFreeGas': None, 'open24Hours': True, 'teslaChargingStation': False, 'propane': False, 'chademoChargingStation': False, 'ccsChargingStation': False}",True,True,[],40.053818,-74.13922,True,True,True,True,False,True,False,False,False,False
691,23,14.76,535 route 70,24hours,00:00:00,00:00:00,8383,False,"{'address': '535 route 70', 'city': 'brick', 'state': 'NJ', 'zip': '08723'}","{'food': True, 'fuel': True, 'restrooms': True, 'diesel': True, 'ethanolFreeGas': False, 'open24Hours': True, 'teslaChargingStation': True, 'propane': True, 'chademoChargingStation': False, 'ccsChargingStation': False}",True,True,"[{'category': 'Unleaded'}, {'category': 'Plus'}, {'category': 'Premium'}, {'category': 'Diesel'}, {'category': 'Super'}]",40.05707,-74.15008,True,True,True,True,False,True,False,False,False,False
692,24,15.3,383 drum point road,24hours,00:00:00,00:00:00,0733,False,"{'address': '383 drum point road', 'city': 'brick', 'state': 'NJ', 'zip': '08723-6839'}","{'food': True, 'fuel': False, 'restrooms': True, 'diesel': False, 'ethanolFreeGas': None, 'open24Hours': True, 'teslaChargingStation': False, 'propane': False, 'chademoChargingStation': False, 'ccsChargingStation': False}",True,True,[],40.038106,-74.108048,True,True,True,True,False,True,False,True,False,False
693,25,15.83,329 north county line road,24hours,00:00:00,00:00:00,8328,False,"{'address': '329 north county line road', 'city': 'jackson', 'state': 'NJ', 'zip': '08527-4426'}","{'food': True, 'fuel': True, 'restrooms': True, 'diesel': True, 'ethanolFreeGas': False, 'open24Hours': True, 'teslaChargingStation': False, 'propane': True, 'chademoChargingStation': False, 'ccsChargingStation': False}",True,True,"[{'category': 'Unleaded'}, {'category': 'Plus'}, {'category': 'Premium'}, {'category': 'Diesel'}, {'category': 'Super'}]",40.1385,-74.2985,True,False,True,False,,True,False,True,False,False
694,28,16.43,116 brick blvd,24hours,00:00:00,00:00:00,0997,False,"{'address': '116 brick blvd', 'city': 'brick', 'state': 'NJ', 'zip': '08723-7125'}","{'food': True, 'fuel': True, 'restrooms': True, 'diesel': True, 'ethanolFreeGas': False, 'open24Hours': True, 'teslaChargingStation': False, 'propane': True, 'chademoChargingStation': False, 'ccsChargingStation': False}",True,True,"[{'category': 'Unleaded'}, {'category': 'Plus'}, {'category': 'Premium'}, {'category': 'Diesel'}, {'category': 'Super'}]",40.029578,-74.144793,True,False,False,False,,True,False,False,False,False
695,30,16.75,135 route 70,24hours,00:00:00,00:00:00,8319,False,"{'address': '135 route 70', 'city': 'lakewood', 'state': 'NJ', 'zip': '08701-5820'}","{'food': True, 'fuel': True, 'restrooms': True, 'diesel': True, 'ethanolFreeGas': False, 'open24Hours': True, 'teslaChargingStation': False, 'propane': False, 'chademoChargingStation': False, 'ccsChargingStation': False}",True,True,"[{'category': 'Unleaded'}, {'category': 'Plus'}, {'category': 'Premium'}, {'category': 'Diesel'}, {'category': 'Super'}]",40.049342,-74.210676,True,True,True,True,False,False,False,True,False,False
696,31,16.8,1120 e. veterans highway,24hours,00:00:00,00:00:00,0933,False,"{'address': '1120 e. veterans highway', 'city': 'jackson', 'state': 'NJ', 'zip': '08527-5001'}","{'food': True, 'fuel': True, 'restrooms': True, 'diesel': True, 'ethanolFreeGas': False, 'open24Hours': True, 'teslaChargingStation': False, 'propane': True, 'chademoChargingStation': False, 'ccsChargingStation': False}",True,True,"[{'category': 'Unleaded'}, {'category': 'Plus'}, {'category': 'Premium'}, {'category': 'Diesel'}, {'category': 'Super'}]",40.083435,-74.266819,True,True,True,True,False,True,True,True,False,False
697,34,17.76,94 route 70 @ massachusetts av,24hours,00:00:00,00:00:00,0927,False,"{'address': '94 route 70 @ massachusetts av', 'city': 'toms river', 'state': 'NJ', 'zip': '08755'}","{'food': True, 'fuel': True, 'restrooms': True, 'diesel': True, 'ethanolFreeGas': False, 'open24Hours': True, 'teslaChargingStation': False, 'propane': False, 'chademoChargingStation': False, 'ccsChargingStation': False}",True,True,"[{'category': 'Unleaded'}, {'category': 'Plus'}, {'category': 'Premium'}, {'category': 'Diesel'}, {'category': 'Super'}]",40.042263,-74.23129,True,False,False,False,,True,False,False,False,False
698,35,17.92,3485 route 35 north,24hours,00:00:00,00:00:00,0949,False,"{'address': '3485 route 35 north', 'city': 'lavallette', 'state': 'NJ', 'zip': '08735-3231'}","{'food': True, 'fuel': False, 'restrooms': True, 'diesel': False, 'ethanolFreeGas': None, 'open24Hours': True, 'teslaChargingStation': False, 'propane': False, 'chademoChargingStation': False, 'ccsChargingStation': False}",True,True,[],39.994356,-74.063645,True,False,True,False,,True,False,False,False,False
699,37,18.21,1725 hooper avenue,24hours,00:00:00,00:00:00,0937,False,"{'address': '1725 hooper avenue', 'city': 'toms river', 'state': 'NJ', 'zip': '08753'}","{'food': True, 'fuel': True, 'restrooms': True, 'diesel': True, 'ethanolFreeGas': False, 'open24Hours': True, 'teslaChargingStation': False, 'propane': False, 'chademoChargingStation': False, 'ccsChargingStation': False}",True,True,"[{'category': 'Unleaded'}, {'category': 'Plus'}, {'category': 'Premium'}, {'category': 'Diesel'}, {'category': 'Super'}]",40.004018,-74.15155,True,True,True,True,False,True,True,True,False,False
700,39,18.75,9 bennetts mills road,24hours,00:00:00,00:00:00,0309,False,"{'address': '9 bennetts mills road', 'city': 'jackson', 'state': 'NJ', 'zip': '08527-4511'}","{'food': True, 'fuel': False, 'restrooms': False, 'diesel': False, 'ethanolFreeGas': None, 'open24Hours': True, 'teslaChargingStation': False, 'propane': True, 'chademoChargingStation': False, 'ccsChargingStation': False}",True,True,[],40.11174,-74.34209,True,True,True,True,False,True,True,False,True,True
701,40,19.16,1680 lakewood road,24hours,00:00:00,00:00:00,0321,False,"{'address': '1680 lakewood road', 'city': 'toms river', 'state': 'NJ', 'zip': '08755'}","{'food': True, 'fuel': True, 'restrooms': True, 'diesel': True, 'ethanolFreeGas': False, 'open24Hours': True, 'teslaChargingStation': False, 'propane': False, 'chademoChargingStation': False, 'ccsChargingStation': False}",True,True,"[{'category': 'Unleaded'}, {'category': 'Plus'}, {'category': 'Premium'}, {'category': 'Diesel'}, {'category': 'Super'}]",40.0118,-74.21761,True,False,True,False,,True,False,False,False,False
702,41,19.18,1166 fischer boulevard,24hours,00:00:00,00:00:00,0939,False,"{'address': '1166 fischer boulevard', 'city': 'toms river', 'state': 'NJ', 'zip': '08753'}","{'food': True, 'fuel': True, 'restrooms': True, 'diesel': True, 'ethanolFreeGas': False, 'open24Hours': True, 'teslaChargingStation': False, 'propane': True, 'chademoChargingStation': False, 'ccsChargingStation': False}",True,True,"[{'category': 'Unleaded'}, {'category': 'Plus'}, {'category': 'Premium'}, {'category': 'Diesel'}, {'category': 'Super'}]",39.988421,-74.14809,True,False,False,False,,True,False,False,False,False
703,43,21.45,2302 route 37 east,24hours,00:00:00,00:00:00,0953,False,"{'address': '2302 route 37 east', 'city': 'toms river', 'state': 'NJ', 'zip': '08753'}","{'food': True, 'fuel': True, 'restrooms': True, 'diesel': True, 'ethanolFreeGas': False, 'open24Hours': True, 'teslaChargingStation': False, 'propane': True, 'chademoChargingStation': False, 'ccsChargingStation': False}",True,True,"[{'category': 'Unleaded'}, {'category': 'Plus'}, {'category': 'Premium'}, {'category': 'Diesel'}, {'category': 'Super'}]",39.951008,-74.13275,True,True,True,True,False,True,False,True,False,False
704,44,21.51,179 rt 37 east,24hours,00:00:00,00:00:00,0995,False,"{'address': '179 rt 37 east', 'city': 'toms river', 'state': 'NJ', 'zip': '08754'}","{'food': True, 'fuel': True, 'restrooms': True, 'diesel': True, 'ethanolFreeGas': False, 'open24Hours': True, 'teslaChargingStation': False, 'propane': False, 'chademoChargingStation': False, 'ccsChargingStation': False}",True,True,"[{'category': 'Unleaded'}, {'category': 'Plus'}, {'category': 'Premium'}, {'category': 'Diesel'}, {'category': 'Super'}]",39.96273,-74.185899,True,True,True,True,False,True,False,True,False,False
705,45,21.61,1600 rt. 37 east,24hours,00:00:00,00:00:00,0763,False,"{'address': '1600 rt. 37 east', 'city': 'toms river', 'state': 'NJ', 'zip': '08753'}","{'food': True, 'fuel': False, 'restrooms': True, 'diesel': False, 'ethanolFreeGas': None, 'open24Hours': True, 'teslaChargingStation': False, 'propane': False, 'chademoChargingStation': False, 'ccsChargingStation': False}",True,True,[],39.953253,-74.15507,True,True,True,True,False,True,False,True,False,False
706,47,21.74,1600 route 37 west,24hours,00:00:00,00:00:00,8307,False,"{'address': '1600 route 37 west', 'city': 'toms river', 'state': 'NJ', 'zip': '08753'}","{'food': True, 'fuel': True, 'restrooms': True, 'diesel': True, 'ethanolFreeGas': False, 'open24Hours': True, 'teslaChargingStation': False, 'propane': False, 'chademoChargingStation': False, 'ccsChargingStation': False}",True,True,"[{'category': 'Unleaded'}, {'category': 'Plus'}, {'category': 'Premium'}, {'category': 'Diesel'}, {'category': 'Super'}]",39.99064,-74.265874,True,True,True,True,False,True,False,True,False,False
707,48,22.11,254 route 37 west,24hours,00:00:00,00:00:00,0429,False,"{'address': '254 route 37 west', 'city': 'toms river', 'state': 'NJ', 'zip': '08755'}","{'food': True, 'fuel': False, 'restrooms': True, 'diesel': False, 'ethanolFreeGas': None, 'open24Hours': True, 'teslaChargingStation': False, 'propane': False, 'chademoChargingStation': False, 'ccsChargingStation': False}",True,True,[],39.967799,-74.228239,True,True,True,True,False,False,False,False,False,False
708,1,2.0,379 dover rd,24hours,00:00:00,00:00:00,8371,False,"{'address': '379 dover rd', 'city': 'south toms river', 'state': 'NJ', 'zip': '08757'}","{'food': True, 'fuel': True, 'restrooms': True, 'diesel': True, 'ethanolFreeGas': False, 'open24Hours': True, 'teslaChargingStation': True, 'propane': True, 'chademoChargingStation': False, 'ccsChargingStation': False}",True,True,"[{'category': 'Unleaded'}, {'category': 'Plus'}, {'category': 'Premium'}, {'category': 'Diesel'}, {'category': 'Super'}]",39.941766,-74.211945,True,True,True,True,False,True,False,True,False,False
709,6,4.38,220 us route 9,24hours,00:00:00,00:00:00,0931,False,"{'address': '220 us route 9', 'city': 'bayville', 'state': 'NJ', 'zip': '08721-1221'}","{'food': True, 'fuel': True, 'restrooms': True, 'diesel': True, 'ethanolFreeGas': False, 'open24Hours': True, 'teslaChargingStation': False, 'propane': True, 'chademoChargingStation': False, 'ccsChargingStation': False}",True,True,"[{'category': 'Unleaded'}, {'category': 'Plus'}, {'category': 'Premium'}, {'category': 'Diesel'}, {'category': 'Super'}]",39.923692,-74.168979,True,True,True,True,False,True,False,True,False,False
710,12,5.94,604 pine street,24hours,00:00:00,00:00:00,8494,False,"{'address': '604 pine street', 'city': 'lakehurst', 'state': 'NJ', 'zip': '08733'}","{'food': True, 'fuel': True, 'restrooms': True, 'diesel': True, 'ethanolFreeGas': False, 'open24Hours': True, 'teslaChargingStation': False, 'propane': False, 'chademoChargingStation': False, 'ccsChargingStation': False}",True,True,"[{'category': 'Unleaded'}, {'category': 'Plus'}, {'category': 'Premium'}, {'category': 'Diesel'}, {'category': 'Super'}]",40.012001,-74.324453,True,True,True,True,False,True,True,True,False,False
711,15,7.49,800 lacey road,24hours,00:00:00,00:00:00,0988,False,"{'address': '800 lacey road', 'city': 'forked river', 'state': 'NJ', 'zip': '08731-1361'}","{'food': True, 'fuel': True, 'restrooms': True, 'diesel': True, 'ethanolFreeGas': False, 'open24Hours': True, 'teslaChargingStation': False, 'propane': False, 'chademoChargingStation': False, 'ccsChargingStation': False}",True,True,"[{'category': 'Unleaded'}, {'category': 'Plus'}, {'category': 'Premium'}, {'category': 'Diesel'}, {'category': 'Super'}]",39.860634,-74.206501,True,True,True,True,False,True,False,True,False,False
712,17,7.86,701 north main street,24hours,00:00:00,00:00:00,0794,False,"{'address': '701 north main street', 'city': 'lanoka harbor', 'state': 'NJ', 'zip': '08734-2215'}","{'food': True, 'fuel': True, 'restrooms': True, 'diesel': True, 'ethanolFreeGas': False, 'open24Hours': True, 'teslaChargingStation': False, 'propane': False, 'chademoChargingStation': False, 'ccsChargingStation': False}",True,True,"[{'category': 'Unleaded'}, {'category': 'Plus'}, {'category': 'Premium'}, {'category': 'Diesel'}, {'category': 'Super'}]",39.862415,-74.172514,True,False,False,False,,True,False,False,False,False
713,20,8.64,1180 route 70,24hours,00:00:00,00:00:00,0948,False,"{'address': '1180 route 70', 'city': 'whiting', 'state': 'NJ', 'zip': '08759-1003'}","{'food': True, 'fuel': True, 'restrooms': True, 'diesel': True, 'ethanolFreeGas': False, 'open24Hours': True, 'teslaChargingStation': False, 'propane': False, 'chademoChargingStation': False, 'ccsChargingStation': False}",True,True,"[{'category': 'Unleaded'}, {'category': 'Plus'}, {'category': 'Premium'}, {'category': 'Diesel'}, {'category': 'Super'}]",39.96056,-74.39111,True,True,True,True,False,True,False,False,False,False
714,24,9.69,444 south main st.,24hours,00:00:00,00:00:00,0958,False,"{'address': '444 south main st.', 'city': 'forked river', 'state': 'NJ', 'zip': '08731-4640'}","{'food': True, 'fuel': True, 'restrooms': True, 'diesel': True, 'ethanolFreeGas': False, 'open24Hours': True, 'teslaChargingStation': False, 'propane': False, 'chademoChargingStation': False, 'ccsChargingStation': False}",True,True,"[{'category': 'Unleaded'}, {'category': 'Plus'}, {'category': 'Premium'}, {'category': 'Diesel'}, {'category': 'Super'}]",39.829162,-74.20119,True,True,True,True,False,True,False,True,False,False
715,31,13.86,550 n main st,24hours,00:00:00,00:00:00,0441,False,"{'address': '550 n main st', 'city': 'barnegat', 'state': 'NJ', 'zip': '08005-2599'}","{'food': True, 'fuel': False, 'restrooms': False, 'diesel': False, 'ethanolFreeGas': None, 'open24Hours': True, 'teslaChargingStation': False, 'propane': False, 'chademoChargingStation': False, 'ccsChargingStation': False}",True,True,[],39.767519,-74.21285,True,True,True,True,False,True,True,True,False,False
716,32,14.48,945 west bay ave,24hours,00:00:00,00:00:00,8309,False,"{'address': '945 west bay ave', 'city': 'barnegat', 'state': 'NJ', 'zip': '08005'}","{'food': True, 'fuel': True, 'restrooms': True, 'diesel': True, 'ethanolFreeGas': False, 'open24Hours': True, 'teslaChargingStation': True, 'propane': False, 'chademoChargingStation': False, 'ccsChargingStation': False}",True,True,"[{'category': 'Unleaded'}, {'category': 'Plus'}, {'category': 'Premium'}, {'category': 'Diesel'}, {'category': 'Super'}]",39.759153,-74.253863,True,True,True,True,False,True,False,True,False,False
717,36,16.97,1400 rt. 72 west,24hours,00:00:00,00:00:00,0744,False,"{'address': '1400 rt. 72 west', 'city': 'manahawkin', 'state': 'NJ', 'zip': '08050-1812'}","{'food': True, 'fuel': False, 'restrooms': False, 'diesel': False, 'ethanolFreeGas': None, 'open24Hours': True, 'teslaChargingStation': False, 'propane': False, 'chademoChargingStation': False, 'ccsChargingStation': False}",True,True,[],39.726901,-74.29083,True,True,True,True,False,True,True,True,False,False
718,40,17.98,470 north main street,24hours,00:00:00,00:00:00,0935,False,"{'address': '470 north main street', 'city': 'manahawkin', 'state': 'NJ', 'zip': '08050-3018'}","{'food': True, 'fuel': True, 'restrooms': True, 'diesel': True, 'ethanolFreeGas': False, 'open24Hours': True, 'teslaChargingStation': False, 'propane': False, 'chademoChargingStation': False, 'ccsChargingStation': False}",True,True,"[{'category': 'Unleaded'}, {'category': 'Plus'}, {'category': 'Premium'}, {'category': 'Diesel'}, {'category': 'Super'}]",39.708266,-74.2534,True,False,True,False,,True,False,False,False,False
719,43,19.37,320 rt 72 east,24hours,00:00:00,00:00:00,0994,False,"{'address': '320 rt 72 east', 'city': 'manahawkin', 'state': 'NJ', 'zip': '08050'}","{'food': True, 'fuel': True, 'restrooms': True, 'diesel': True, 'ethanolFreeGas': False, 'open24Hours': True, 'teslaChargingStation': False, 'propane': True, 'chademoChargingStation': False, 'ccsChargingStation': False}",True,True,"[{'category': 'Unleaded'}, {'category': 'Plus'}, {'category': 'Premium'}, {'category': 'Diesel'}, {'category': 'Super'}]",39.687897,-74.250009,True,True,True,True,False,True,False,True,False,False
720,3,4.71,"902 central ave , unit 1",24hours,00:00:00,00:00:00,0700,False,"{'address': '902 central ave , unit 1', 'city': 'ship bottom', 'state': 'NJ', 'zip': '08008-6327'}","{'food': True, 'fuel': False, 'restrooms': True, 'diesel': False, 'ethanolFreeGas': None, 'open24Hours': True, 'teslaChargingStation': False, 'propane': False, 'chademoChargingStation': False, 'ccsChargingStation': False}",True,True,[],39.649382,-74.176836,True,True,True,True,False,True,False,False,False,False
721,6,6.52,1201 route 539,24hours,00:00:00,00:00:00,0371,False,"{'address': '1201 route 539', 'city': 'tuckerton', 'state': 'NJ', 'zip': '08087-4213'}","{'food': True, 'fuel': True, 'restrooms': True, 'diesel': True, 'ethanolFreeGas': False, 'open24Hours': True, 'teslaChargingStation': False, 'propane': False, 'chademoChargingStation': False, 'ccsChargingStation': False}",True,True,"[{'category': 'Unleaded'}, {'category': 'Plus'}, {'category': 'Premium'}, {'category': 'Diesel'}, {'category': 'Super'}]",39.625481,-74.34199,True,True,True,True,False,True,False,True,False,False
722,7,7.22,13115 long beach blvd,18hours,06:00:00,20:00:00,0977,False,"{'address': '13115 long beach blvd', 'city': 'beach haven', 'state': 'NJ', 'zip': '08008-2747'}","{'food': True, 'fuel': False, 'restrooms': True, 'diesel': False, 'ethanolFreeGas': None, 'open24Hours': False, 'teslaChargingStation': False, 'propane': False, 'chademoChargingStation': False, 'ccsChargingStation': False}",False,True,[],39.585381,-74.22407,True,True,True,True,False,True,False,True,False,False
723,8,7.59,20 east main street,24hours,00:00:00,00:00:00,0497,False,"{'address': '20 east main street', 'city': 'tuckerton', 'state': 'NJ', 'zip': '08087'}","{'food': True, 'fuel': False, 'restrooms': False, 'diesel': False, 'ethanolFreeGas': None, 'open24Hours': True, 'teslaChargingStation': False, 'propane': False, 'chademoChargingStation': False, 'ccsChargingStation': False}",True,True,[],39.602861,-74.3404,True,False,False,False,,True,False,False,False,False
724,9,9.74,195 mathistown road,24hours,00:00:00,00:00:00,0978,False,"{'address': '195 mathistown road', 'city': 'little egg harbor', 'state': 'NJ', 'zip': '08087'}","{'food': True, 'fuel': True, 'restrooms': True, 'diesel': True, 'ethanolFreeGas': False, 'open24Hours': True, 'teslaChargingStation': False, 'propane': False, 'chademoChargingStation': False, 'ccsChargingStation': False}",True,True,"[{'category': 'Unleaded'}, {'category': 'Plus'}, {'category': 'Premium'}, {'category': 'Diesel'}, {'category': 'Super'}]",39.581116,-74.36956,True,False,False,False,,True,False,False,False,False
725,14,17.46,8 south new york road,24hours,00:00:00,00:00:00,0482,False,"{'address': '8 south new york road', 'city': 'absecon', 'state': 'NJ', 'zip': '08205-9610'}","{'food': True, 'fuel': False, 'restrooms': False, 'diesel': False, 'ethanolFreeGas': None, 'open24Hours': True, 'teslaChargingStation': False, 'propane': False, 'chademoChargingStation': False, 'ccsChargingStation': False}",True,True,[],39.492264,-74.45763,True,True,True,True,False,True,False,False,False,False
726,21,20.28,336 s pitney rd,24hours,00:00:00,00:00:00,0438,False,"{'address': '336 s pitney rd', 'city': 'galloway', 'state': 'NJ', 'zip': '08205-9628'}","{'food': True, 'fuel': True, 'restrooms': True, 'diesel': True, 'ethanolFreeGas': False, 'open24Hours': True, 'teslaChargingStation': False, 'propane': True, 'chademoChargingStation': False, 'ccsChargingStation': False}",True,True,"[{'category': 'Unleaded'}, {'category': 'Plus'}, {'category': 'Premium'}, {'category': 'Diesel'}, {'category': 'Super'}]",39.462394,-74.493742,True,True,True,True,False,True,False,True,False,False
727,22,20.58,813 west brigantine blvd.,18hours,06:00:00,20:00:00,0485,False,"{'address': '813 west brigantine blvd.', 'city': 'brigantine', 'state': 'NJ', 'zip': '08203'}","{'food': True, 'fuel': False, 'restrooms': False, 'diesel': False, 'ethanolFreeGas': None, 'open24Hours': False, 'teslaChargingStation': False, 'propane': False, 'chademoChargingStation': False, 'ccsChargingStation': False}",True,True,[],39.404438,-74.36887,True,True,True,True,False,True,False,False,False,False
728,25,21.74,3932 brigantine boulevard,24hours,00:00:00,00:00:00,0713,False,"{'address': '3932 brigantine boulevard', 'city': 'brigantine', 'state': 'NJ', 'zip': '08203'}","{'food': True, 'fuel': False, 'restrooms': False, 'diesel': False, 'ethanolFreeGas': None, 'open24Hours': True, 'teslaChargingStation': False, 'propane': False, 'chademoChargingStation': False, 'ccsChargingStation': False}",True,True,[],39.394279,-74.39686,True,False,True,False,,True,False,True,False,False
729,26,22.29,241 e. white horse pike,24hours,00:00:00,00:00:00,0968,False,"{'address': '241 e. white horse pike', 'city': 'galloway', 'state': 'NJ', 'zip': '08205'}","{'food': True, 'fuel': True, 'restrooms': True, 'diesel': True, 'ethanolFreeGas': False, 'open24Hours': True, 'teslaChargingStation': False, 'propane': True, 'chademoChargingStation': False, 'ccsChargingStation': False}",True,True,"[{'category': 'Unleaded'}, {'category': 'Plus'}, {'category': 'Premium'}, {'category': 'Diesel'}, {'category': 'Super'}]",39.446968,-74.52826,True,False,False,False,,True,False,False,False,False
730,27,22.41,611 new jersey ave (@ mill roa,24hours,00:00:00,00:00:00,0736,False,"{'address': '611 new jersey ave (@ mill roa', 'city': 'absecon', 'state': 'NJ', 'zip': '08201'}","{'food': True, 'fuel': False, 'restrooms': False, 'diesel': False, 'ethanolFreeGas': None, 'open24Hours': True, 'teslaChargingStation': False, 'propane': False, 'chademoChargingStation': False, 'ccsChargingStation': False}",True,True,[],39.432339,-74.509177,True,True,True,True,False,True,False,True,False,False
731,30,22.53,275 w. white horse pike,24hours,00:00:00,00:00:00,8343,False,"{'address': '275 w. white horse pike', 'city': 'galloway', 'state': 'NJ', 'zip': '08205'}","{'food': True, 'fuel': True, 'restrooms': True, 'diesel': True, 'ethanolFreeGas': False, 'open24Hours': True, 'teslaChargingStation': False, 'propane': True, 'chademoChargingStation': False, 'ccsChargingStation': False}",True,True,"[{'category': 'Unleaded'}, {'category': 'Plus'}, {'category': 'Premium'}, {'category': 'Diesel'}, {'category': 'Super'}]",39.47925,-74.5752,True,True,True,True,False,False,False,True,False,False
732,32,23.04,716 white horse pike,24hours,00:00:00,00:00:00,0936,False,"{'address': '716 white horse pike', 'city': 'egg harbor city', 'state': 'NJ', 'zip': '08215'}","{'food': True, 'fuel': True, 'restrooms': True, 'diesel': True, 'ethanolFreeGas': False, 'open24Hours': True, 'teslaChargingStation': False, 'propane': True, 'chademoChargingStation': False, 'ccsChargingStation': False}",True,True,"[{'category': 'Unleaded'}, {'category': 'Plus'}, {'category': 'Premium'}, {'category': 'Diesel'}, {'category': 'Super'}]",39.500049,-74.607484,True,True,True,True,False,True,False,True,False,False
733,35,23.85,600 white horse pike,24hours,00:00:00,00:00:00,8467,False,"{'address': '600 white horse pike', 'city': 'egg harbor city', 'state': 'NJ', 'zip': '08215'}","{'food': True, 'fuel': True, 'restrooms': True, 'diesel': True, 'ethanolFreeGas': False, 'open24Hours': True, 'teslaChargingStation': False, 'propane': True, 'chademoChargingStation': False, 'ccsChargingStation': False}",True,True,"[{'category': 'Unleaded'}, {'category': 'Plus'}, {'category': 'Premium'}, {'category': 'Diesel'}, {'category': 'Super'}]",39.52843174,-74.64745904,True,False,True,False,,True,False,False,False,False
734,36,24.16,513 west delilah road,24hours,00:00:00,00:00:00,0970,False,"{'address': '513 west delilah road', 'city': 'pleasantville', 'state': 'NJ', 'zip': '08232'}","{'food': True, 'fuel': True, 'restrooms': True, 'diesel': True, 'ethanolFreeGas': False, 'open24Hours': True, 'teslaChargingStation': False, 'propane': True, 'chademoChargingStation': False, 'ccsChargingStation': False}",True,True,"[{'category': 'Unleaded'}, {'category': 'Plus'}, {'category': 'Premium'}, {'category': 'Diesel'}, {'category': 'Super'}]",39.40779,-74.52159,True,True,True,True,False,True,True,True,False,False
735,39,24.81,2422-28 tilton road,24hours,00:00:00,00:00:00,0920,False,"{'address': '2422-28 tilton road', 'city': 'egg harbor township', 'state': 'NJ', 'zip': '08234-5151'}","{'food': True, 'fuel': True, 'restrooms': True, 'diesel': True, 'ethanolFreeGas': False, 'open24Hours': True, 'teslaChargingStation': False, 'propane': True, 'chademoChargingStation': False, 'ccsChargingStation': False}",True,True,"[{'category': 'Unleaded'}, {'category': 'Plus'}, {'category': 'Premium'}, {'category': 'Diesel'}, {'category': 'Super'}]",39.432176,-74.57701,True,True,True,True,False,True,True,False,True,True
736,42,25.56,6678 black horse pike,24hours,00:00:00,00:00:00,0947,False,"{'address': '6678 black horse pike', 'city': 'egg harbor township', 'state': 'NJ', 'zip': '08234-1835'}","{'food': True, 'fuel': True, 'restrooms': True, 'diesel': True, 'ethanolFreeGas': False, 'open24Hours': True, 'teslaChargingStation': False, 'propane': True, 'chademoChargingStation': False, 'ccsChargingStation': False}",True,True,"[{'category': 'Unleaded'}, {'category': 'Plus'}, {'category': 'Premium'}, {'category': 'Diesel'}, {'category': 'Super'}]",39.411195,-74.56837,True,True,False,True,False,True,False,False,False,False
737,43,25.8,6743 black horse pike,24hours,00:00:00,00:00:00,8333,False,"{'address': '6743 black horse pike', 'city': 'egg harbor township', 'state': 'NJ', 'zip': '08234-3901'}","{'food': True, 'fuel': True, 'restrooms': True, 'diesel': True, 'ethanolFreeGas': False, 'open24Hours': True, 'teslaChargingStation': True, 'propane': True, 'chademoChargingStation': False, 'ccsChargingStation': False}",True,True,"[{'category': 'Unleaded'}, {'category': 'Plus'}, {'category': 'Premium'}, {'category': 'Diesel'}, {'category': 'Super'}]",39.398451,-74.555814,True,True,True,True,False,True,False,True,False,False
738,47,26.3,4262 black horse pike,24hours,00:00:00,00:00:00,0941,False,"{'address': '4262 black horse pike', 'city': 'mays landing', 'state': 'NJ', 'zip': '08330-3137'}","{'food': True, 'fuel': True, 'restrooms': True, 'diesel': True, 'ethanolFreeGas': False, 'open24Hours': True, 'teslaChargingStation': False, 'propane': True, 'chademoChargingStation': False, 'ccsChargingStation': False}",True,True,"[{'category': 'Unleaded'}, {'category': 'Plus'}, {'category': 'Premium'}, {'category': 'Diesel'}, {'category': 'Super'}]",39.444683,-74.62982,True,True,True,True,False,True,False,True,False,False
739,48,26.58,5206 ventor ave (@ little rock,24hours,00:00:00,00:00:00,0753,False,"{'address': '5206 ventor ave (@ little rock', 'city': 'ventnor city', 'state': 'NJ', 'zip': '08406'}","{'food': True, 'fuel': False, 'restrooms': True, 'diesel': False, 'ethanolFreeGas': None, 'open24Hours': True, 'teslaChargingStation': False, 'propane': False, 'chademoChargingStation': False, 'ccsChargingStation': False}",True,True,[],39.343161,-74.47132,True,True,True,True,False,False,False,False,False,False
740,1,2.69,9300 ventnor avenue,24hours,00:00:00,00:00:00,0950,False,"{'address': '9300 ventnor avenue', 'city': 'margate city', 'state': 'NJ', 'zip': '08402'}","{'food': True, 'fuel': False, 'restrooms': False, 'diesel': False, 'ethanolFreeGas': None, 'open24Hours': True, 'teslaChargingStation': False, 'propane': False, 'chademoChargingStation': False, 'ccsChargingStation': False}",True,True,[],39.322099,-74.51364,True,True,True,True,False,True,False,True,False,False
741,2,5.2,2403 new road,24hours,00:00:00,00:00:00,0701,False,"{'address': '2403 new road', 'city': 'northfield', 'state': 'NJ', 'zip': '08225'}","{'food': True, 'fuel': False, 'restrooms': True, 'diesel': False, 'ethanolFreeGas': None, 'open24Hours': True, 'teslaChargingStation': False, 'propane': False, 'chademoChargingStation': False, 'ccsChargingStation': False}",True,True,[],39.362802,-74.565268,True,True,True,True,False,True,True,True,False,False
742,7,6.51,112 new road,24hours,00:00:00,00:00:00,0461,False,"{'address': '112 new road', 'city': 'somers point', 'state': 'NJ', 'zip': '08244'}","{'food': True, 'fuel': True, 'restrooms': True, 'diesel': True, 'ethanolFreeGas': False, 'open24Hours': True, 'teslaChargingStation': False, 'propane': True, 'chademoChargingStation': False, 'ccsChargingStation': False}",True,True,"[{'category': 'Unleaded'}, {'category': 'Plus'}, {'category': 'Premium'}, {'category': 'Diesel'}, {'category': 'Super'}]",39.330999,-74.59204,True,True,True,True,False,True,False,True,False,False
743,8,6.61,502 shore road,24hours,00:00:00,00:00:00,0433,False,"{'address': '502 shore road', 'city': 'somers point', 'state': 'NJ', 'zip': '08244'}","{'food': True, 'fuel': False, 'restrooms': False, 'diesel': False, 'ethanolFreeGas': None, 'open24Hours': True, 'teslaChargingStation': True, 'propane': False, 'chademoChargingStation': False, 'ccsChargingStation': False}",True,True,[],39.319496,-74.59113,True,False,False,False,,True,False,False,False,False
744,11,7.28,16 macarthur blvd,24hours,00:00:00,00:00:00,8324,False,"{'address': '16 macarthur blvd', 'city': 'somers point', 'state': 'NJ', 'zip': '08244'}","{'food': True, 'fuel': True, 'restrooms': True, 'diesel': True, 'ethanolFreeGas': False, 'open24Hours': True, 'teslaChargingStation': False, 'propane': True, 'chademoChargingStation': False, 'ccsChargingStation': False}",False,True,"[{'category': 'Unleaded'}, {'category': 'Plus'}, {'category': 'Premium'}, {'category': 'Diesel'}, {'category': 'Super'}]",39.310342,-74.600742,True,True,True,True,False,True,True,True,False,False
745,12,7.56,1250 west avenue,24hours,00:00:00,00:00:00,0728,False,"{'address': '1250 west avenue', 'city': 'ocean city', 'state': 'NJ', 'zip': '08226'}","{'food': True, 'fuel': False, 'restrooms': False, 'diesel': False, 'ethanolFreeGas': None, 'open24Hours': True, 'teslaChargingStation': False, 'propane': False, 'chademoChargingStation': False, 'ccsChargingStation': False}",True,True,[],39.275666,-74.582627,True,True,True,True,False,True,True,True,False,False
746,16,9.45,5100 english creek rd,24hours,00:00:00,00:00:00,0969,False,"{'address': '5100 english creek rd', 'city': 'egg harbor township', 'state': 'NJ', 'zip': '08234-5749'}","{'food': True, 'fuel': True, 'restrooms': True, 'diesel': True, 'ethanolFreeGas': False, 'open24Hours': True, 'teslaChargingStation': False, 'propane': True, 'chademoChargingStation': False, 'ccsChargingStation': False}",True,True,"[{'category': 'Unleaded'}, {'category': 'Plus'}, {'category': 'Premium'}, {'category': 'Diesel'}, {'category': 'Super'}]",39.390484,-74.63734,True,True,True,True,False,True,False,True,True,True
747,17,9.85,110 34th street,18hours,06:00:00,20:00:00,0771,False,"{'address': '110 34th street', 'city': 'ocean city', 'state': 'NJ', 'zip': '08226'}","{'food': True, 'fuel': False, 'restrooms': False, 'diesel': False, 'ethanolFreeGas': None, 'open24Hours': False, 'teslaChargingStation': False, 'propane': False, 'chademoChargingStation': False, 'ccsChargingStation': False}",True,True,[],39.252259,-74.613159,True,False,False,False,,True,False,False,False,False
748,21,11.01,42 rte 9 s,24hours,00:00:00,00:00:00,0758,False,"{'address': '42 rte 9 s', 'city': 'marmora', 'state': 'NJ', 'zip': '08223'}","{'food': True, 'fuel': True, 'restrooms': True, 'diesel': True, 'ethanolFreeGas': False, 'open24Hours': True, 'teslaChargingStation': False, 'propane': True, 'chademoChargingStation': False, 'ccsChargingStation': False}",True,True,"[{'category': 'Unleaded'}, {'category': 'Plus'}, {'category': 'Premium'}, {'category': 'Diesel'}, {'category': 'Super'}]",39.263405,-74.64964,True,True,True,True,False,True,False,True,False,False
749,23,14.26,5201 harding highway,24hours,00:00:00,00:00:00,0925,False,"{'address': '5201 harding highway', 'city': 'mays landing', 'state': 'NJ', 'zip': '08330-2247'}","{'food': True, 'fuel': True, 'restrooms': True, 'diesel': True, 'ethanolFreeGas': False, 'open24Hours': True, 'teslaChargingStation': False, 'propane': True, 'chademoChargingStation': False, 'ccsChargingStation': False}",True,True,"[{'category': 'Unleaded'}, {'category': 'Plus'}, {'category': 'Premium'}, {'category': 'Diesel'}, {'category': 'Super'}]",39.446604,-74.70233,True,True,True,True,False,True,False,False,False,False
750,24,15.61,300 north route 50,24hours,00:00:00,00:00:00,0749,False,"{'address': '300 north route 50', 'city': 'mays landing', 'state': 'NJ', 'zip': '08330-1708'}","{'food': True, 'fuel': False, 'restrooms': True, 'diesel': False, 'ethanolFreeGas': None, 'open24Hours': True, 'teslaChargingStation': False, 'propane': False, 'chademoChargingStation': False, 'ccsChargingStation': False}",True,True,[],39.454428,-74.725713,True,True,True,True,False,True,False,True,False,False
751,27,17.35,3801 landis avenue,18hours,06:00:00,20:00:00,0300,False,"{'address': '3801 landis avenue', 'city': 'sea isle city', 'state': 'NJ', 'zip': '08243'}","{'food': True, 'fuel': False, 'restrooms': False, 'diesel': False, 'ethanolFreeGas': None, 'open24Hours': False, 'teslaChargingStation': False, 'propane': False, 'chademoChargingStation': False, 'ccsChargingStation': False}",True,True,[],39.157393,-74.68942,True,True,True,True,False,True,False,True,False,False
752,28,18.11,2500 sea isle blvd. unit 1,24hours,00:00:00,00:00:00,0465,False,"{'address': '2500 sea isle blvd. unit 1', 'city': 'ocean view', 'state': 'NJ', 'zip': '08230'}","{'food': True, 'fuel': True, 'restrooms': True, 'diesel': False, 'ethanolFreeGas': False, 'open24Hours': True, 'teslaChargingStation': True, 'propane': True, 'chademoChargingStation': False, 'ccsChargingStation': False}",True,True,"[{'category': 'Unleaded'}, {'category': 'Plus'}, {'category': 'Premium'}, {'category': 'Super'}]",39.176577,-74.7326,True,False,False,False,,True,False,False,False,False
753,32,21.49,1180 rt. 47 (@ main street),24hours,00:00:00,00:00:00,0470,False,"{'address': '1180 rt. 47 (@ main street)', 'city': 'dennisville', 'state': 'NJ', 'zip': '08214'}","{'food': True, 'fuel': False, 'restrooms': True, 'diesel': False, 'ethanolFreeGas': None, 'open24Hours': True, 'teslaChargingStation': False, 'propane': False, 'chademoChargingStation': False, 'ccsChargingStation': False}",True,True,[],39.190591,-74.82143,True,True,True,True,False,True,False,True,False,False
754,33,21.62,2701 ocean drive,18hours,06:00:00,20:00:00,0432,False,"{'address': '2701 ocean drive', 'city': 'avalon', 'state': 'NJ', 'zip': '08202'}","{'food': True, 'fuel': False, 'restrooms': False, 'diesel': False, 'ethanolFreeGas': None, 'open24Hours': False, 'teslaChargingStation': False, 'propane': False, 'chademoChargingStation': False, 'ccsChargingStation': False}",True,True,[],39.098628,-74.72321,True,True,False,True,False,True,False,True,False,False
755,34,25.16,9404 third avenue,18hours,06:00:00,20:00:00,0342,False,"{'address': '9404 third avenue', 'city': 'stone harbor', 'state': 'NJ', 'zip': '08247'}","{'food': True, 'fuel': False, 'restrooms': False, 'diesel': False, 'ethanolFreeGas': None, 'open24Hours': False, 'teslaChargingStation': False, 'propane': False, 'chademoChargingStation': False, 'ccsChargingStation': False}",True,True,[],39.055563,-74.7596,True,False,False,False,,True,False,False,False,False
756,36,26.37,224 s main st,24hours,00:00:00,00:00:00,0492,False,"{'address': '224 s main st', 'city': 'cape may court house', 'state': 'NJ', 'zip': '08210'}","{'food': True, 'fuel': False, 'restrooms': True, 'diesel': False, 'ethanolFreeGas': None, 'open24Hours': True, 'teslaChargingStation': False, 'propane': False, 'chademoChargingStation': False, 'ccsChargingStation': False}",True,True,[],39.078018,-74.825523,True,True,True,True,False,True,True,True,False,False
757,39,26.87,3904 route 47,24hours,00:00:00,00:00:00,0759,False,"{'address': '3904 route 47', 'city': 'dorchester', 'state': 'NJ', 'zip': '08316'}","{'food': True, 'fuel': True, 'restrooms': True, 'diesel': True, 'ethanolFreeGas': False, 'open24Hours': True, 'teslaChargingStation': False, 'propane': True, 'chademoChargingStation': False, 'ccsChargingStation': False}",True,True,"[{'category': 'Unleaded'}, {'category': 'Plus'}, {'category': 'Premium'}, {'category': 'Diesel'}, {'category': 'Super'}]",39.289268,-74.96913,True,True,True,True,False,True,True,False,True,True
758,40,27.0,731 s. harding highway,24hours,00:00:00,00:00:00,0380,False,"{'address': '731 s. harding highway', 'city': 'buena', 'state': 'NJ', 'zip': '08310'}","{'food': True, 'fuel': True, 'restrooms': True, 'diesel': True, 'ethanolFreeGas': False, 'open24Hours': True, 'teslaChargingStation': False, 'propane': True, 'chademoChargingStation': False, 'ccsChargingStation': False}",True,True,"[{'category': 'Unleaded'}, {'category': 'Plus'}, {'category': 'Premium'}, {'category': 'Diesel'}, {'category': 'Super'}]",39.515198,-74.92554,True,False,True,False,,True,False,False,False,False
759,44,28.55,610 south brewster road,24hours,00:00:00,00:00:00,0926,False,"{'address': '610 south brewster road', 'city': 'vineland', 'state': 'NJ', 'zip': '08361'}","{'food': True, 'fuel': True, 'restrooms': True, 'diesel': True, 'ethanolFreeGas': False, 'open24Hours': True, 'teslaChargingStation': False, 'propane': True, 'chademoChargingStation': False, 'ccsChargingStation': False}",True,True,"[{'category': 'Unleaded'}, {'category': 'Plus'}, {'category': 'Premium'}, {'category': 'Diesel'}, {'category': 'Super'}]",39.475451,-74.97789,True,True,True,True,False,True,False,True,False,False
760,45,28.74,330 w spruce ave,24hours,00:00:00,00:00:00,8322,False,"{'address': '330 w spruce ave', 'city': 'north wildwood', 'state': 'NJ', 'zip': '08260-3058'}","{'food': True, 'fuel': True, 'restrooms': True, 'diesel': True, 'ethanolFreeGas': False, 'open24Hours': True, 'teslaChargingStation': False, 'propane': False, 'chademoChargingStation': False, 'ccsChargingStation': False}",True,True,"[{'category': 'Unleaded'}, {'category': 'Plus'}, {'category': 'Premium'}, {'category': 'Diesel'}, {'category': 'Super'}]",39.012033,-74.796077,True,True,True,True,False,True,False,True,False,False
761,46,29.37,1711 east main st,24hours,00:00:00,00:00:00,0720,False,"{'address': '1711 east main st', 'city': 'millville', 'state': 'NJ', 'zip': '08332'}","{'food': True, 'fuel': True, 'restrooms': True, 'diesel': True, 'ethanolFreeGas': False, 'open24Hours': True, 'teslaChargingStation': False, 'propane': True, 'chademoChargingStation': False, 'ccsChargingStation': False}",True,True,"[{'category': 'Unleaded'}, {'category': 'Plus'}, {'category': 'Premium'}, {'category': 'Diesel'}, {'category': 'Super'}]",39.393364,-75.01741,True,True,True,True,False,True,False,True,False,False
762,47,29.8,61 south main rd,24hours,00:00:00,00:00:00,0999,False,"{'address': '61 south main rd', 'city': 'vineland', 'state': 'NJ', 'zip': '08361'}","{'food': True, 'fuel': True, 'restrooms': True, 'diesel': True, 'ethanolFreeGas': False, 'open24Hours': True, 'teslaChargingStation': False, 'propane': True, 'chademoChargingStation': False, 'ccsChargingStation': False}",True,True,"[{'category': 'Unleaded'}, {'category': 'Plus'}, {'category': 'Premium'}, {'category': 'Diesel'}, {'category': 'Super'}]",39.483873,-74.998977,True,True,True,True,False,True,False,True,False,False
763,48,30.43,3200 new jersey ave.,24hours,00:00:00,00:00:00,0954,False,"{'address': '3200 new jersey ave.', 'city': 'wildwood', 'state': 'NJ', 'zip': '08260'}","{'food': True, 'fuel': False, 'restrooms': True, 'diesel': False, 'ethanolFreeGas': None, 'open24Hours': True, 'teslaChargingStation': False, 'propane': True, 'chademoChargingStation': False, 'ccsChargingStation': False}",True,True,[],38.992195,-74.814569,True,True,True,True,False,False,False,False,False,False
764,49,30.66,13 main street west,24hours,00:00:00,00:00:00,0710,False,"{'address': '13 main street west', 'city': 'millville', 'state': 'NJ', 'zip': '08332'}","{'food': True, 'fuel': False, 'restrooms': False, 'diesel': False, 'ethanolFreeGas': None, 'open24Hours': True, 'teslaChargingStation': False, 'propane': True, 'chademoChargingStation': False, 'ccsChargingStation': False}",True,True,[],39.394893,-75.04147,True,True,True,True,False,True,True,False,False,False
765,1,0.78,624 west main street,24hours,00:00:00,00:00:00,0944,False,"{'address': '624 west main street', 'city': 'millville', 'state': 'NJ', 'zip': '08332'}","{'food': True, 'fuel': True, 'restrooms': True, 'diesel': True, 'ethanolFreeGas': False, 'open24Hours': True, 'teslaChargingStation': False, 'propane': True, 'chademoChargingStation': False, 'ccsChargingStation': False}",True,True,"[{'category': 'Unleaded'}, {'category': 'Plus'}, {'category': 'Premium'}, {'category': 'Diesel'}, {'category': 'Super'}]",39.398238,-75.05551,True,True,True,True,False,True,False,True,False,False
766,3,1.84,2105 north second street,24hours,00:00:00,00:00:00,0964,False,"{'address': '2105 north second street', 'city': 'millville', 'state': 'NJ', 'zip': '08332'}","{'food': True, 'fuel': True, 'restrooms': True, 'diesel': True, 'ethanolFreeGas': False, 'open24Hours': True, 'teslaChargingStation': True, 'propane': True, 'chademoChargingStation': False, 'ccsChargingStation': False}",True,True,"[{'category': 'Unleaded'}, {'category': 'Plus'}, {'category': 'Premium'}, {'category': 'Diesel'}, {'category': 'Super'}]",39.421497,-75.038526,True,True,True,True,False,True,False,False,False,False
767,4,3.54,2802 south delsea drive,24hours,00:00:00,00:00:00,0924,False,"{'address': '2802 south delsea drive', 'city': 'vineland', 'state': 'NJ', 'zip': '08360'}","{'food': True, 'fuel': True, 'restrooms': True, 'diesel': True, 'ethanolFreeGas': False, 'open24Hours': True, 'teslaChargingStation': False, 'propane': True, 'chademoChargingStation': False, 'ccsChargingStation': False}",True,True,"[{'category': 'Unleaded'}, {'category': 'Plus'}, {'category': 'Premium'}, {'category': 'Diesel'}, {'category': 'Super'}]",39.446174,-75.043,True,True,True,True,False,True,True,False,False,False
768,5,6.51,1935 w landis ave,24hours,00:00:00,00:00:00,8484,False,"{'address': '1935 w landis ave', 'city': 'vineland', 'state': 'NJ', 'zip': '08360'}","{'food': True, 'fuel': True, 'restrooms': True, 'diesel': True, 'ethanolFreeGas': False, 'open24Hours': True, 'teslaChargingStation': False, 'propane': True, 'chademoChargingStation': False, 'ccsChargingStation': False}",True,True,"[{'category': 'Unleaded'}, {'category': 'Plus'}, {'category': 'Premium'}, {'category': 'Diesel'}, {'category': 'Super'}]",39.48781234,-75.06156323,True,True,False,True,False,True,False,False,False,False
769,8,6.83,501 n. delsea drive,24hours,00:00:00,00:00:00,0942,False,"{'address': '501 n. delsea drive', 'city': 'vineland', 'state': 'NJ', 'zip': '08360'}","{'food': True, 'fuel': True, 'restrooms': True, 'diesel': True, 'ethanolFreeGas': False, 'open24Hours': True, 'teslaChargingStation': False, 'propane': True, 'chademoChargingStation': False, 'ccsChargingStation': False}",True,True,"[{'category': 'Unleaded'}, {'category': 'Plus'}, {'category': 'Premium'}, {'category': 'Diesel'}, {'category': 'Super'}]",39.493718,-75.04147,True,False,False,False,,True,False,False,False,False
770,10,10.02,1090 state highway 77,24hours,00:00:00,00:00:00,0966,False,"{'address': '1090 state highway 77', 'city': 'bridgeton', 'state': 'NJ', 'zip': '08302'}","{'food': True, 'fuel': True, 'restrooms': True, 'diesel': True, 'ethanolFreeGas': False, 'open24Hours': True, 'teslaChargingStation': False, 'propane': True, 'chademoChargingStation': False, 'ccsChargingStation': False}",True,True,"[{'category': 'Unleaded'}, {'category': 'Plus'}, {'category': 'Premium'}, {'category': 'Diesel'}, {'category': 'Super'}]",39.462336,-75.207633,True,True,True,True,False,True,False,True,False,False
771,11,10.33,101 e broad street,24hours,00:00:00,00:00:00,8442,False,"{'address': '101 e broad street', 'city': 'bridgeton', 'state': 'NJ', 'zip': '08302'}","{'food': True, 'fuel': True, 'restrooms': True, 'diesel': True, 'ethanolFreeGas': False, 'open24Hours': True, 'teslaChargingStation': False, 'propane': True, 'chademoChargingStation': False, 'ccsChargingStation': False}",True,True,"[{'category': 'Unleaded'}, {'category': 'Plus'}, {'category': 'Premium'}, {'category': 'Diesel'}, {'category': 'Super'}]",39.42569729,-75.23081824,True,True,True,True,False,True,True,True,False,False
772,13,12.25,450 delsea drive,24hours,00:00:00,00:00:00,0486,False,"{'address': '450 delsea drive', 'city': 'malaga', 'state': 'NJ', 'zip': '08328'}","{'food': True, 'fuel': True, 'restrooms': True, 'diesel': True, 'ethanolFreeGas': False, 'open24Hours': True, 'teslaChargingStation': True, 'propane': True, 'chademoChargingStation': False, 'ccsChargingStation': False}",True,True,"[{'category': 'Unleaded'}, {'category': 'Plus'}, {'category': 'Premium'}, {'category': 'Diesel'}, {'category': 'Super'}]",39.57204,-75.052671,True,True,True,True,False,True,False,True,False,False
773,14,15.52,2515 delsea drive,24hours,00:00:00,00:00:00,8470,False,"{'address': '2515 delsea drive', 'city': 'franklinville', 'state': 'NJ', 'zip': '08322'}","{'food': True, 'fuel': True, 'restrooms': True, 'diesel': True, 'ethanolFreeGas': False, 'open24Hours': True, 'teslaChargingStation': False, 'propane': True, 'chademoChargingStation': False, 'ccsChargingStation': False}",True,True,"[{'category': 'Unleaded'}, {'category': 'Plus'}, {'category': 'Premium'}, {'category': 'Diesel'}, {'category': 'Super'}]",39.61751335,-75.08072502,True,True,True,True,False,True,False,False,False,False
774,0,14.31,12502 ocean gateway,24hours,00:00:00,00:00:00,0556,False,"{'address': '12502 ocean gateway', 'city': 'ocean city', 'state': 'MD', 'zip': '21842-9538'}","{'food': True, 'fuel': True, 'restrooms': True, 'diesel': True, 'ethanolFreeGas': True, 'open24Hours': True, 'teslaChargingStation': True, 'propane': True, 'chademoChargingStation': False, 'ccsChargingStation': False}",True,True,"[{'category': 'Unleaded'}, {'category': 'Plus'}, {'category': 'Premium'}, {'category': 'Diesel'}, {'category': 'Super'}, {'category': 'xEthanol'}]",38.338407,-75.119081,True,True,True,True,False,True,False,False,False,False
775,1,17.39,668 s. salisbury blvd.,24hours,00:00:00,00:00:00,0555,False,"{'address': '668 s. salisbury blvd.', 'city': 'salisbury', 'state': 'MD', 'zip': '21801'}","{'food': True, 'fuel': True, 'restrooms': True, 'diesel': True, 'ethanolFreeGas': True, 'open24Hours': True, 'teslaChargingStation': False, 'propane': True, 'chademoChargingStation': False, 'ccsChargingStation': False}",True,True,"[{'category': 'Unleaded'}, {'category': 'Plus'}, {'category': 'Premium'}, {'category': 'Diesel'}, {'category': 'Super'}, {'category': 'xEthanol'}]",38.358175,-75.60073,True,True,True,True,False,True,False,True,False,False
776,2,18.8,2740 north salisbury blvd.,24hours,00:00:00,00:00:00,0561,False,"{'address': '2740 north salisbury blvd.', 'city': 'salisbury', 'state': 'MD', 'zip': '21801'}","{'food': True, 'fuel': True, 'restrooms': True, 'diesel': True, 'ethanolFreeGas': True, 'open24Hours': True, 'teslaChargingStation': True, 'propane': True, 'chademoChargingStation': False, 'ccsChargingStation': False}",True,True,"[{'category': 'Unleaded'}, {'category': 'Plus'}, {'category': 'Premium'}, {'category': 'Diesel'}, {'category': 'Super'}, {'category': 'xEthanol'}]",38.420697,-75.56596,True,True,True,True,False,True,True,True,False,False
777,3,20.39,38711 sussex highway,24hours,00:00:00,00:00:00,0856,False,"{'address': '38711 sussex highway', 'city': 'delmar', 'state': 'DE', 'zip': '19940'}","{'food': True, 'fuel': True, 'restrooms': True, 'diesel': True, 'ethanolFreeGas': False, 'open24Hours': True, 'teslaChargingStation': False, 'propane': True, 'chademoChargingStation': False, 'ccsChargingStation': False}",True,True,"[{'category': 'Unleaded'}, {'category': 'Plus'}, {'category': 'Premium'}, {'category': 'Diesel'}, {'category': 'Super'}]",38.456094,-75.557044,True,True,True,True,False,True,False,False,False,False
778,4,20.79,12001 a coastal highway,24hours,00:00:00,00:00:00,0566,False,"{'address': '12001 a coastal highway', 'city': 'ocean city', 'state': 'MD', 'zip': '21842'}","{'food': True, 'fuel': True, 'restrooms': True, 'diesel': True, 'ethanolFreeGas': True, 'open24Hours': True, 'teslaChargingStation': False, 'propane': True, 'chademoChargingStation': False, 'ccsChargingStation': False}",True,True,"[{'category': 'Unleaded'}, {'category': 'Plus'}, {'category': 'Premium'}, {'category': 'Diesel'}, {'category': 'Super'}, {'category': 'xEthanol'}]",38.426237,-75.05672,True,True,True,True,False,True,True,False,False,False
779,5,25.39,102 east dupont highway,24hours,00:00:00,00:00:00,0837,False,"{'address': '102 east dupont highway', 'city': 'millsboro', 'state': 'DE', 'zip': '19966'}","{'food': True, 'fuel': True, 'restrooms': True, 'diesel': True, 'ethanolFreeGas': False, 'open24Hours': True, 'teslaChargingStation': False, 'propane': True, 'chademoChargingStation': False, 'ccsChargingStation': False}",True,True,"[{'category': 'Unleaded'}, {'category': 'Plus'}, {'category': 'Premium'}, {'category': 'Diesel'}, {'category': 'Super'}]",38.584683,-75.29594,True,True,False,True,False,True,False,False,False,False
780,6,26.38,774 garfield parkway,24hours,00:00:00,00:00:00,0836,False,"{'address': '774 garfield parkway', 'city': 'bethany beach', 'state': 'DE', 'zip': '19930'}","{'food': True, 'fuel': False, 'restrooms': False, 'diesel': False, 'ethanolFreeGas': None, 'open24Hours': True, 'teslaChargingStation': False, 'propane': False, 'chademoChargingStation': False, 'ccsChargingStation': False}",True,True,[],38.539808,-75.0709,True,True,True,True,False,True,False,True,False,False
781,7,29.67,24930 john j williams hwy,24hours,00:00:00,00:00:00,0865,False,"{'address': '24930 john j williams hwy', 'city': 'millsboro', 'state': 'DE', 'zip': '19966'}","{'food': True, 'fuel': True, 'restrooms': True, 'diesel': True, 'ethanolFreeGas': False, 'open24Hours': True, 'teslaChargingStation': False, 'propane': False, 'chademoChargingStation': False, 'ccsChargingStation': False}",True,True,"[{'category': 'Unleaded'}, {'category': 'Plus'}, {'category': 'Premium'}, {'category': 'Diesel'}, {'category': 'Super'}]",38.633941,-75.195383,True,True,True,True,False,True,False,True,False,False
782,8,32.62,20938 dupont blvd,24hours,00:00:00,00:00:00,0884,False,"{'address': '20938 dupont blvd', 'city': 'georgetown', 'state': 'DE', 'zip': '19947'}","{'food': True, 'fuel': True, 'restrooms': True, 'diesel': True, 'ethanolFreeGas': False, 'open24Hours': True, 'teslaChargingStation': True, 'propane': False, 'chademoChargingStation': False, 'ccsChargingStation': False}",True,True,"[{'category': 'Unleaded'}, {'category': 'Plus'}, {'category': 'Premium'}, {'category': 'Diesel'}, {'category': 'Super'}]",38.68802468,-75.39755108,True,False,False,False,,True,False,False,False,False
783,9,33.58,22929 sussex hwy,24hours,00:00:00,00:00:00,0874,False,"{'address': '22929 sussex hwy', 'city': 'seaford', 'state': 'DE', 'zip': '19973'}","{'food': True, 'fuel': True, 'restrooms': True, 'diesel': True, 'ethanolFreeGas': False, 'open24Hours': True, 'teslaChargingStation': True, 'propane': True, 'chademoChargingStation': False, 'ccsChargingStation': False}",True,True,"[{'category': 'Unleaded'}, {'category': 'Plus'}, {'category': 'Premium'}, {'category': 'Diesel'}, {'category': 'Super'}]",38.660032,-75.593416,True,False,False,False,,True,False,False,False,False
784,10,36.38,30155 veterans way,24hours,00:00:00,00:00:00,0871,False,"{'address': '30155 veterans way', 'city': 'rehoboth beach', 'state': 'DE', 'zip': '19971'}","{'food': True, 'fuel': True, 'restrooms': True, 'diesel': True, 'ethanolFreeGas': False, 'open24Hours': True, 'teslaChargingStation': True, 'propane': True, 'chademoChargingStation': False, 'ccsChargingStation': False}",True,True,"[{'category': 'Unleaded'}, {'category': 'Plus'}, {'category': 'Premium'}, {'category': 'Diesel'}, {'category': 'Super'}]",38.712962,-75.103297,True,True,True,True,False,True,False,True,False,False
785,11,37.09,"4500 highway 1, rt. 1 & rt. 24",24hours,00:00:00,00:00:00,0849,False,"{'address': '4500 highway 1, rt. 1 & rt. 24', 'city': 'rehoboth beach', 'state': 'DE', 'zip': '19971'}","{'food': True, 'fuel': True, 'restrooms': True, 'diesel': True, 'ethanolFreeGas': False, 'open24Hours': True, 'teslaChargingStation': False, 'propane': True, 'chademoChargingStation': False, 'ccsChargingStation': False}",True,True,"[{'category': 'Unleaded'}, {'category': 'Plus'}, {'category': 'Premium'}, {'category': 'Diesel'}, {'category': 'Super'}]",38.731499,-75.132262,True,True,True,True,False,True,True,True,False,False
786,12,37.59,17663 dartmouth dr.,24hours,00:00:00,00:00:00,0834,False,"{'address': '17663 dartmouth dr.', 'city': 'lewes', 'state': 'DE', 'zip': '19958'}","{'food': True, 'fuel': True, 'restrooms': True, 'diesel': True, 'ethanolFreeGas': False, 'open24Hours': True, 'teslaChargingStation': True, 'propane': True, 'chademoChargingStation': False, 'ccsChargingStation': False}",True,True,"[{'category': 'Unleaded'}, {'category': 'Plus'}, {'category': 'Premium'}, {'category': 'Diesel'}, {'category': 'Super'}]",38.743921,-75.15401,True,True,True,True,False,True,True,True,False,False
787,13,37.74,18586 sussex highway,24hours,00:00:00,00:00:00,0864,False,"{'address': '18586 sussex highway', 'city': 'bridgeville', 'state': 'DE', 'zip': '19933'}","{'food': True, 'fuel': True, 'restrooms': True, 'diesel': True, 'ethanolFreeGas': False, 'open24Hours': True, 'teslaChargingStation': False, 'propane': True, 'chademoChargingStation': False, 'ccsChargingStation': False}",True,True,"[{'category': 'Unleaded'}, {'category': 'Plus'}, {'category': 'Premium'}, {'category': 'Diesel'}, {'category': 'Super'}]",38.726056,-75.591548,True,True,True,True,False,True,False,True,False,False
788,15,49.33,902 n. dupont blvd,24hours,00:00:00,00:00:00,0851,False,"{'address': '902 n. dupont blvd', 'city': 'milford', 'state': 'DE', 'zip': '19963'}","{'food': True, 'fuel': True, 'restrooms': True, 'diesel': True, 'ethanolFreeGas': False, 'open24Hours': True, 'teslaChargingStation': False, 'propane': True, 'chademoChargingStation': False, 'ccsChargingStation': False}",True,True,"[{'category': 'Unleaded'}, {'category': 'Plus'}, {'category': 'Premium'}, {'category': 'Diesel'}, {'category': 'Super'}]",38.928291,-75.43156,True,True,True,True,False,True,False,True,False,False
789,16,54.85,8118 ocean gateway,24hours,00:00:00,00:00:00,0589,False,"{'address': '8118 ocean gateway', 'city': 'easton', 'state': 'MD', 'zip': '21601'}","{'food': True, 'fuel': True, 'restrooms': True, 'diesel': True, 'ethanolFreeGas': True, 'open24Hours': True, 'teslaChargingStation': False, 'propane': True, 'chademoChargingStation': False, 'ccsChargingStation': False}",True,True,"[{'category': 'Unleaded'}, {'category': 'Plus'}, {'category': 'Premium'}, {'category': 'Diesel'}, {'category': 'Super'}, {'category': 'xEthanol'}]",38.771816,-76.06135,True,True,True,True,False,True,False,True,True,True
790,17,55.31,1426-28 texas avenue,24hours,00:00:00,00:00:00,0452,False,"{'address': '1426-28 texas avenue', 'city': 'cape may', 'state': 'NJ', 'zip': '08204'}","{'food': True, 'fuel': False, 'restrooms': True, 'diesel': False, 'ethanolFreeGas': None, 'open24Hours': True, 'teslaChargingStation': False, 'propane': False, 'chademoChargingStation': False, 'ccsChargingStation': False}",True,True,[],38.946751,-74.909118,True,False,False,False,,True,False,False,False,False
791,18,56.92,3719 bayshore rd,24hours,00:00:00,00:00:00,0980,False,"{'address': '3719 bayshore rd', 'city': 'cape may', 'state': 'NJ', 'zip': '08204-3553'}","{'food': True, 'fuel': True, 'restrooms': True, 'diesel': True, 'ethanolFreeGas': False, 'open24Hours': True, 'teslaChargingStation': False, 'propane': False, 'chademoChargingStation': False, 'ccsChargingStation': False}",True,True,"[{'category': 'Unleaded'}, {'category': 'Plus'}, {'category': 'Premium'}, {'category': 'Diesel'}, {'category': 'Super'}]",38.982979,-74.941231,True,True,True,True,False,True,True,False,False,False
792,19,59.63,1515 bayshore rd.,24hours,00:00:00,00:00:00,0963,False,"{'address': '1515 bayshore rd.', 'city': 'villas', 'state': 'NJ', 'zip': '08251'}","{'food': True, 'fuel': True, 'restrooms': True, 'diesel': True, 'ethanolFreeGas': False, 'open24Hours': True, 'teslaChargingStation': False, 'propane': False, 'chademoChargingStation': False, 'ccsChargingStation': False}",True,True,"[{'category': 'Unleaded'}, {'category': 'Plus'}, {'category': 'Premium'}, {'category': 'Diesel'}, {'category': 'Super'}]",39.023124,-74.93451,True,True,True,True,False,True,True,True,False,False
793,20,59.69,418 west rio grande avenue,24hours,00:00:00,00:00:00,0729,False,"{'address': '418 west rio grande avenue', 'city': 'wildwood', 'state': 'NJ', 'zip': '08260'}","{'food': True, 'fuel': True, 'restrooms': True, 'diesel': True, 'ethanolFreeGas': False, 'open24Hours': True, 'teslaChargingStation': False, 'propane': True, 'chademoChargingStation': False, 'ccsChargingStation': False}",True,True,"[{'category': 'Unleaded'}, {'category': 'Plus'}, {'category': 'Premium'}, {'category': 'Diesel'}, {'category': 'Super'}]",38.987176,-74.82944,True,True,True,True,False,True,False,False,False,False
794,21,60.37,3601 route 9 south,24hours,00:00:00,00:00:00,0946,False,"{'address': '3601 route 9 south', 'city': 'rio grande', 'state': 'NJ', 'zip': '08242'}","{'food': True, 'fuel': True, 'restrooms': True, 'diesel': True, 'ethanolFreeGas': False, 'open24Hours': True, 'teslaChargingStation': False, 'propane': False, 'chademoChargingStation': False, 'ccsChargingStation': False}",True,True,"[{'category': 'Unleaded'}, {'category': 'Plus'}, {'category': 'Premium'}, {'category': 'Diesel'}, {'category': 'Super'}]",39.015658,-74.87641,True,True,True,True,False,True,False,True,False,False
795,25,62.53,200 east street,24hours,00:00:00,00:00:00,0876,False,"{'address': '200 east street', 'city': 'camden', 'state': 'DE', 'zip': '19934'}","{'food': True, 'fuel': True, 'restrooms': True, 'diesel': True, 'ethanolFreeGas': False, 'open24Hours': True, 'teslaChargingStation': False, 'propane': True, 'chademoChargingStation': False, 'ccsChargingStation': False}",True,True,"[{'category': 'Unleaded'}, {'category': 'Plus'}, {'category': 'Premium'}, {'category': 'Diesel'}, {'category': 'Super'}]",39.108979,-75.540307,True,False,True,False,,True,False,True,False,False
796,26,63.15,1525 e. lebanon road,24hours,00:00:00,00:00:00,0845,False,"{'address': '1525 e. lebanon road', 'city': 'dover', 'state': 'DE', 'zip': '19904'}","{'food': True, 'fuel': True, 'restrooms': True, 'diesel': True, 'ethanolFreeGas': False, 'open24Hours': True, 'teslaChargingStation': False, 'propane': True, 'chademoChargingStation': False, 'ccsChargingStation': False}",True,True,"[{'category': 'Unleaded'}, {'category': 'Plus'}, {'category': 'Premium'}, {'category': 'Diesel'}, {'category': 'Super'}]",39.123122,-75.50131,True,False,False,False,,True,False,False,False,False
797,30,65.65,298 s. dupont highway,18hours,03:00:00,00:00:00,0838,False,"{'address': '298 s. dupont highway', 'city': 'dover', 'state': 'DE', 'zip': '19901'}","{'food': True, 'fuel': True, 'restrooms': True, 'diesel': True, 'ethanolFreeGas': False, 'open24Hours': False, 'teslaChargingStation': False, 'propane': True, 'chademoChargingStation': False, 'ccsChargingStation': False}",True,True,"[{'category': 'Unleaded'}, {'category': 'Plus'}, {'category': 'Premium'}, {'category': 'Diesel'}, {'category': 'Super'}]",39.158265,-75.513333,True,True,True,True,False,False,False,True,False,False
798,31,66.04,1450 forest avenue,24hours,00:00:00,00:00:00,0855,False,"{'address': '1450 forest avenue', 'city': 'dover', 'state': 'DE', 'zip': '19904'}","{'food': True, 'fuel': True, 'restrooms': True, 'diesel': True, 'ethanolFreeGas': False, 'open24Hours': True, 'teslaChargingStation': True, 'propane': True, 'chademoChargingStation': False, 'ccsChargingStation': False}",True,True,"[{'category': 'Unleaded'}, {'category': 'Plus'}, {'category': 'Premium'}, {'category': 'Diesel'}, {'category': 'Super'}]",39.15806,-75.5589,True,True,True,True,False,True,True,True,False,False
799,32,68.44,2800 north dupont highway,18hours,03:00:00,00:00:00,0848,False,"{'address': '2800 north dupont highway', 'city': 'dover', 'state': 'DE', 'zip': '19901'}","{'food': True, 'fuel': True, 'restrooms': True, 'diesel': True, 'ethanolFreeGas': False, 'open24Hours': False, 'teslaChargingStation': True, 'propane': True, 'chademoChargingStation': False, 'ccsChargingStation': False}",True,True,"[{'category': 'Unleaded'}, {'category': 'Plus'}, {'category': 'Premium'}, {'category': 'Diesel'}, {'category': 'Super'}]",39.194962,-75.547247,True,True,True,True,False,True,False,True,False,False
800,39,74.84,500 jimmy drive,24hours,00:00:00,00:00:00,0853,False,"{'address': '500 jimmy drive', 'city': 'smyrna', 'state': 'DE', 'zip': '19977'}","{'food': True, 'fuel': True, 'restrooms': True, 'diesel': True, 'ethanolFreeGas': False, 'open24Hours': True, 'teslaChargingStation': False, 'propane': True, 'chademoChargingStation': False, 'ccsChargingStation': False}",True,True,"[{'category': 'Unleaded'}, {'category': 'Plus'}, {'category': 'Premium'}, {'category': 'Diesel'}, {'category': 'Super'}]",39.282446,-75.594152,True,True,True,True,False,True,True,False,True,True
801,2,185.54,356 west orange street,24hours,00:00:00,00:00:00,6307,False,"{'address': '356 west orange street', 'city': 'jesup', 'state': 'GA', 'zip': '31545'}","{'food': True, 'fuel': True, 'restrooms': False, 'diesel': True, 'ethanolFreeGas': True, 'open24Hours': True, 'teslaChargingStation': False, 'propane': True, 'chademoChargingStation': False, 'ccsChargingStation': False}",True,True,"[{'category': 'Unleaded'}, {'category': 'Plus'}, {'category': 'Premium'}, {'category': 'Diesel'}, {'category': 'Super'}, {'category': 'xEthanol'}]",31.605806,-81.887578,True,True,True,True,False,True,True,True,False,False
802,3,187.38,4330 new jessup hwy,24hours,00:00:00,00:00:00,6303,False,"{'address': '4330 new jessup hwy', 'city': 'brunswick', 'state': 'GA', 'zip': '31520'}","{'food': True, 'fuel': True, 'restrooms': False, 'diesel': True, 'ethanolFreeGas': True, 'open24Hours': True, 'teslaChargingStation': False, 'propane': True, 'chademoChargingStation': False, 'ccsChargingStation': False}",True,True,"[{'category': 'Unleaded'}, {'category': 'Plus'}, {'category': 'Premium'}, {'category': 'Diesel'}, {'category': 'Super'}, {'category': 'xEthanol'}]",31.20381166,-81.50851248,True,True,True,True,False,True,False,False,False,False
803,9,223.18,50 daydream ave,24hours,00:00:00,00:00:00,5443,False,"{'address': '50 daydream ave', 'city': 'yulee', 'state': 'FL', 'zip': '32097'}","{'food': True, 'fuel': True, 'restrooms': False, 'diesel': True, 'ethanolFreeGas': True, 'open24Hours': True, 'teslaChargingStation': False, 'propane': False, 'chademoChargingStation': False, 'ccsChargingStation': False}",True,True,"[{'category': 'Unleaded'}, {'category': 'Plus'}, {'category': 'Premium'}, {'category': 'Diesel'}, {'category': 'Super'}, {'category': 'xEthanol'}]",30.62289,-81.64036,True,False,False,False,,True,False,False,False,False
804,10,233.38,2500 monument road,24hours,00:00:00,00:00:00,5261,False,"{'address': '2500 monument road', 'city': 'jacksonville', 'state': 'FL', 'zip': '32225'}","{'food': True, 'fuel': True, 'restrooms': True, 'diesel': True, 'ethanolFreeGas': True, 'open24Hours': True, 'teslaChargingStation': False, 'propane': True, 'chademoChargingStation': False, 'ccsChargingStation': False}",True,True,"[{'category': 'Unleaded'}, {'category': 'Plus'}, {'category': 'Premium'}, {'category': 'Diesel'}, {'category': 'Super'}, {'category': 'xEthanol'}]",30.35963,-81.503534,True,True,True,True,False,True,False,True,False,False
805,11,236.3,13363 beach blvd,24hours,00:00:00,00:00:00,5321,False,"{'address': '13363 beach blvd', 'city': 'jacksonville', 'state': 'FL', 'zip': '32246'}","{'food': True, 'fuel': True, 'restrooms': True, 'diesel': True, 'ethanolFreeGas': True, 'open24Hours': True, 'teslaChargingStation': False, 'propane': True, 'chademoChargingStation': False, 'ccsChargingStation': False}",True,True,"[{'category': 'Unleaded'}, {'category': 'Plus'}, {'category': 'Premium'}, {'category': 'Diesel'}, {'category': 'Super'}, {'category': 'xEthanol'}]",30.288152,-81.464686,True,True,True,True,False,True,True,True,False,False
806,12,237.83,11812 beach blvd,24hours,00:00:00,00:00:00,5264,False,"{'address': '11812 beach blvd', 'city': 'jacksonville', 'state': 'FL', 'zip': '32224'}","{'food': True, 'fuel': True, 'restrooms': True, 'diesel': True, 'ethanolFreeGas': True, 'open24Hours': True, 'teslaChargingStation': False, 'propane': True, 'chademoChargingStation': False, 'ccsChargingStation': False}",True,True,"[{'category': 'Unleaded'}, {'category': 'Plus'}, {'category': 'Premium'}, {'category': 'Diesel'}, {'category': 'Super'}, {'category': 'xEthanol'}]",30.286311,-81.509531,True,True,True,True,False,True,True,True,False,False
807,13,238.14,1331 university blvd north,24hours,00:00:00,00:00:00,5393,False,"{'address': '1331 university blvd north', 'city': 'jacksonville', 'state': 'FL', 'zip': '32211'}","{'food': True, 'fuel': True, 'restrooms': True, 'diesel': True, 'ethanolFreeGas': True, 'open24Hours': True, 'teslaChargingStation': False, 'propane': False, 'chademoChargingStation': False, 'ccsChargingStation': False}",True,True,"[{'category': 'Unleaded'}, {'category': 'Plus'}, {'category': 'Premium'}, {'category': 'Diesel'}, {'category': 'Super'}, {'category': 'xEthanol'}]",30.33364,-81.60288,True,True,True,True,False,True,False,True,False,False
808,14,239.36,9715 beach blvd,24hours,00:00:00,00:00:00,5274,False,"{'address': '9715 beach blvd', 'city': 'jacksonville', 'state': 'FL', 'zip': '32246'}","{'food': True, 'fuel': True, 'restrooms': True, 'diesel': True, 'ethanolFreeGas': True, 'open24Hours': True, 'teslaChargingStation': False, 'propane': True, 'chademoChargingStation': False, 'ccsChargingStation': False}",True,True,"[{'category': 'Unleaded'}, {'category': 'Plus'}, {'category': 'Premium'}, {'category': 'Diesel'}, {'category': 'Super'}, {'category': 'xEthanol'}]",30.287143,-81.558327,True,True,True,True,False,True,False,False,False,False
809,15,240.6,4866 gate parkway,24hours,00:00:00,00:00:00,5257,False,"{'address': '4866 gate parkway', 'city': 'jacksonville', 'state': 'FL', 'zip': '32246'}","{'food': True, 'fuel': True, 'restrooms': True, 'diesel': True, 'ethanolFreeGas': True, 'open24Hours': True, 'teslaChargingStation': True, 'propane': True, 'chademoChargingStation': False, 'ccsChargingStation': False}",True,True,"[{'category': 'Unleaded'}, {'category': 'Plus'}, {'category': 'Premium'}, {'category': 'Diesel'}, {'category': 'Super'}, {'category': 'xEthanol'}]",30.253816,-81.536762,True,True,True,True,False,True,False,True,False,False
810,16,241.06,7790 gate parkway,24hours,00:00:00,00:00:00,5368,False,"{'address': '7790 gate parkway', 'city': 'jacksonville', 'state': 'FL', 'zip': '32256'}","{'food': True, 'fuel': True, 'restrooms': True, 'diesel': True, 'ethanolFreeGas': True, 'open24Hours': True, 'teslaChargingStation': False, 'propane': True, 'chademoChargingStation': False, 'ccsChargingStation': False}",True,True,"[{'category': 'Unleaded'}, {'category': 'Plus'}, {'category': 'Premium'}, {'category': 'Diesel'}, {'category': 'Super'}, {'category': 'xEthanol'}]",30.236585,-81.519695,True,True,True,True,False,True,False,True,True,True
811,17,241.35,3561 spring park road,24hours,00:00:00,00:00:00,5367,False,"{'address': '3561 spring park road', 'city': 'jacksonville', 'state': 'FL', 'zip': '32207'}","{'food': True, 'fuel': True, 'restrooms': True, 'diesel': True, 'ethanolFreeGas': True, 'open24Hours': True, 'teslaChargingStation': False, 'propane': False, 'chademoChargingStation': False, 'ccsChargingStation': False}",True,True,"[{'category': 'Unleaded'}, {'category': 'Plus'}, {'category': 'Premium'}, {'category': 'Diesel'}, {'category': 'Super'}, {'category': 'xEthanol'}]",30.29104,-81.62574,True,False,False,False,,True,False,False,False,False
812,18,242.34,1004 edgewood ave north,24hours,00:00:00,00:00:00,5351,False,"{'address': '1004 edgewood ave north', 'city': 'jacksonville', 'state': 'FL', 'zip': '32254'}","{'food': True, 'fuel': True, 'restrooms': True, 'diesel': True, 'ethanolFreeGas': True, 'open24Hours': True, 'teslaChargingStation': True, 'propane': True, 'chademoChargingStation': False, 'ccsChargingStation': False}",True,True,"[{'category': 'Unleaded'}, {'category': 'Plus'}, {'category': 'Premium'}, {'category': 'Diesel'}, {'category': 'Super'}, {'category': 'xEthanol'}]",30.3364,-81.7312,True,True,True,True,False,True,True,False,False,False
813,19,242.54,5735 phillips hwy,24hours,00:00:00,00:00:00,5333,False,"{'address': '5735 phillips hwy', 'city': 'jacksonville', 'state': 'FL', 'zip': '32216'}","{'food': True, 'fuel': True, 'restrooms': True, 'diesel': True, 'ethanolFreeGas': True, 'open24Hours': True, 'teslaChargingStation': True, 'propane': True, 'chademoChargingStation': False, 'ccsChargingStation': False}",True,True,"[{'category': 'Unleaded'}, {'category': 'Plus'}, {'category': 'Premium'}, {'category': 'Diesel'}, {'category': 'Super'}, {'category': 'xEthanol'}]",30.265474,-81.617316,True,True,True,True,False,True,True,True,False,False
814,20,243.81,8742 baymeadows road,24hours,00:00:00,00:00:00,5379,False,"{'address': '8742 baymeadows road', 'city': 'jacksonville', 'state': 'FL', 'zip': '32256'}","{'food': True, 'fuel': True, 'restrooms': True, 'diesel': True, 'ethanolFreeGas': True, 'open24Hours': True, 'teslaChargingStation': False, 'propane': False, 'chademoChargingStation': False, 'ccsChargingStation': False}",True,True,"[{'category': 'Unleaded'}, {'category': 'Plus'}, {'category': 'Premium'}, {'category': 'Diesel'}, {'category': 'Super'}, {'category': 'xEthanol'}]",30.220398,-81.576223,True,True,True,True,False,True,False,False,False,False
815,21,243.84,970 cassat avenue,24hours,00:00:00,00:00:00,5340,False,"{'address': '970 cassat avenue', 'city': 'jacksonville', 'state': 'FL', 'zip': '32205'}","{'food': True, 'fuel': True, 'restrooms': True, 'diesel': True, 'ethanolFreeGas': True, 'open24Hours': True, 'teslaChargingStation': False, 'propane': False, 'chademoChargingStation': False, 'ccsChargingStation': False}",True,True,"[{'category': 'Unleaded'}, {'category': 'Plus'}, {'category': 'Premium'}, {'category': 'Diesel'}, {'category': 'Super'}, {'category': 'xEthanol'}]",30.309727,-81.731171,True,True,True,True,False,True,False,True,False,False
816,22,246.92,6787 wilson blvd,24hours,00:00:00,00:00:00,5276,False,"{'address': '6787 wilson blvd', 'city': 'jacksonville', 'state': 'FL', 'zip': '32210'}","{'food': True, 'fuel': True, 'restrooms': True, 'diesel': True, 'ethanolFreeGas': True, 'open24Hours': True, 'teslaChargingStation': True, 'propane': True, 'chademoChargingStation': False, 'ccsChargingStation': False}",True,True,"[{'category': 'Unleaded'}, {'category': 'Plus'}, {'category': 'Premium'}, {'category': 'Diesel'}, {'category': 'Super'}, {'category': 'xEthanol'}]",30.270379,-81.756022,True,True,True,True,False,True,False,False,False,False
817,23,247.78,54 cypress edge drive,24hours,00:00:00,00:00:00,5441,False,"{'address': '54 cypress edge drive', 'city': 'saint johns', 'state': 'FL', 'zip': '32259'}","{'food': True, 'fuel': True, 'restrooms': True, 'diesel': True, 'ethanolFreeGas': True, 'open24Hours': True, 'teslaChargingStation': False, 'propane': False, 'chademoChargingStation': False, 'ccsChargingStation': False}",True,True,"[{'category': 'Unleaded'}, {'category': 'Plus'}, {'category': 'Premium'}, {'category': 'Diesel'}, {'category': 'Super'}, {'category': 'xEthanol'}]",30.103567,-81.483217,True,True,True,True,False,True,False,False,False,False
818,24,249.21,100 bartram market drive,24hours,00:00:00,00:00:00,5382,False,"{'address': '100 bartram market drive', 'city': 'saint johns', 'state': 'FL', 'zip': '32259'}","{'food': True, 'fuel': True, 'restrooms': True, 'diesel': True, 'ethanolFreeGas': True, 'open24Hours': True, 'teslaChargingStation': False, 'propane': True, 'chademoChargingStation': False, 'ccsChargingStation': False}",True,True,"[{'category': 'Unleaded'}, {'category': 'Plus'}, {'category': 'Premium'}, {'category': 'Diesel'}, {'category': 'Super'}, {'category': 'xEthanol'}]",30.09961,-81.52219,True,True,True,True,False,True,False,True,False,False
819,25,249.92,300 park avenue,24hours,00:00:00,00:00:00,5328,False,"{'address': '300 park avenue', 'city': 'orange park', 'state': 'FL', 'zip': '32073'}","{'food': True, 'fuel': True, 'restrooms': True, 'diesel': True, 'ethanolFreeGas': True, 'open24Hours': True, 'teslaChargingStation': False, 'propane': True, 'chademoChargingStation': False, 'ccsChargingStation': False}",True,True,"[{'category': 'Unleaded'}, {'category': 'Plus'}, {'category': 'Premium'}, {'category': 'Diesel'}, {'category': 'Super'}, {'category': 'xEthanol'}]",30.186375,-81.702818,True,False,True,False,,True,False,True,False,False
820,26,250.11,7911 blanding blvd,24hours,00:00:00,00:00:00,5349,False,"{'address': '7911 blanding blvd', 'city': 'jacksonville', 'state': 'FL', 'zip': '32244'}","{'food': True, 'fuel': True, 'restrooms': True, 'diesel': True, 'ethanolFreeGas': True, 'open24Hours': True, 'teslaChargingStation': True, 'propane': True, 'chademoChargingStation': False, 'ccsChargingStation': False}",True,True,"[{'category': 'Unleaded'}, {'category': 'Plus'}, {'category': 'Premium'}, {'category': 'Diesel'}, {'category': 'Super'}, {'category': 'xEthanol'}]",30.203943,-81.738924,True,False,False,False,,True,False,False,False,False
821,27,253.41,8251 old middleburg rd s,24hours,00:00:00,00:00:00,5266,False,"{'address': '8251 old middleburg rd s', 'city': 'jacksonville', 'state': 'FL', 'zip': '32222'}","{'food': True, 'fuel': True, 'restrooms': True, 'diesel': True, 'ethanolFreeGas': True, 'open24Hours': True, 'teslaChargingStation': False, 'propane': True, 'chademoChargingStation': False, 'ccsChargingStation': False}",True,True,"[{'category': 'Unleaded'}, {'category': 'Plus'}, {'category': 'Premium'}, {'category': 'Diesel'}, {'category': 'Super'}, {'category': 'xEthanol'}]",30.196208,-81.822915,True,True,True,True,False,True,False,True,False,False
822,28,253.81,678 blanding blvd,24hours,00:00:00,00:00:00,5263,False,"{'address': '678 blanding blvd', 'city': 'orange park', 'state': 'FL', 'zip': '32073'}","{'food': True, 'fuel': True, 'restrooms': True, 'diesel': True, 'ethanolFreeGas': True, 'open24Hours': True, 'teslaChargingStation': False, 'propane': True, 'chademoChargingStation': False, 'ccsChargingStation': False}",True,True,"[{'category': 'Unleaded'}, {'category': 'Plus'}, {'category': 'Premium'}, {'category': 'Diesel'}, {'category': 'Super'}, {'category': 'xEthanol'}]",30.149368,-81.755921,True,False,False,False,,True,False,False,False,False
823,29,256.74,2222 state road 16,24hours,00:00:00,00:00:00,5361,False,"{'address': '2222 state road 16', 'city': 'saint augustine', 'state': 'FL', 'zip': '32084'}","{'food': True, 'fuel': True, 'restrooms': True, 'diesel': True, 'ethanolFreeGas': True, 'open24Hours': True, 'teslaChargingStation': True, 'propane': True, 'chademoChargingStation': False, 'ccsChargingStation': False}",True,True,"[{'category': 'Unleaded'}, {'category': 'Plus'}, {'category': 'Premium'}, {'category': 'Diesel'}, {'category': 'Super'}, {'category': 'xEthanol'}]",29.91567,-81.40304,True,True,True,True,False,True,False,True,False,False
824,30,257.78,1563 blanding blvd,24hours,00:00:00,00:00:00,5289,False,"{'address': '1563 blanding blvd', 'city': 'middleburg', 'state': 'FL', 'zip': '32068'}","{'food': True, 'fuel': True, 'restrooms': True, 'diesel': True, 'ethanolFreeGas': True, 'open24Hours': True, 'teslaChargingStation': False, 'propane': True, 'chademoChargingStation': False, 'ccsChargingStation': False}",True,True,"[{'category': 'Unleaded'}, {'category': 'Plus'}, {'category': 'Premium'}, {'category': 'Diesel'}, {'category': 'Super'}, {'category': 'xEthanol'}]",30.113312,-81.813115,True,True,True,True,False,False,False,True,False,False
825,31,258.42,2500 us 1 south,24hours,00:00:00,00:00:00,5381,False,"{'address': '2500 us 1 south', 'city': 'saint augustine', 'state': 'FL', 'zip': '32086'}","{'food': True, 'fuel': True, 'restrooms': False, 'diesel': True, 'ethanolFreeGas': True, 'open24Hours': True, 'teslaChargingStation': False, 'propane': False, 'chademoChargingStation': False, 'ccsChargingStation': False}",True,True,"[{'category': 'Unleaded'}, {'category': 'Plus'}, {'category': 'Premium'}, {'category': 'Diesel'}, {'category': 'Super'}, {'category': 'xEthanol'}]",29.851648,-81.322087,True,True,True,True,False,True,True,True,False,False
826,32,273.86,1 florida park drive s,24hours,00:00:00,00:00:00,5425,False,"{'address': '1 florida park drive s', 'city': 'palm coast', 'state': 'FL', 'zip': '32137'}","{'food': True, 'fuel': True, 'restrooms': True, 'diesel': True, 'ethanolFreeGas': True, 'open24Hours': True, 'teslaChargingStation': False, 'propane': False, 'chademoChargingStation': False, 'ccsChargingStation': False}",True,True,"[{'category': 'Unleaded'}, {'category': 'Plus'}, {'category': 'Premium'}, {'category': 'Diesel'}, {'category': 'Super'}, {'category': 'xEthanol'}]",29.556966,-81.205792,True,True,True,True,False,True,False,True,False,False
827,35,279.02,5600 sr 100 east,24hours,00:00:00,00:00:00,5310,False,"{'address': '5600 sr 100 east', 'city': 'palm coast', 'state': 'FL', 'zip': '32164'}","{'food': True, 'fuel': True, 'restrooms': True, 'diesel': True, 'ethanolFreeGas': True, 'open24Hours': True, 'teslaChargingStation': True, 'propane': True, 'chademoChargingStation': False, 'ccsChargingStation': False}",True,True,"[{'category': 'Unleaded'}, {'category': 'Plus'}, {'category': 'Premium'}, {'category': 'Diesel'}, {'category': 'Super'}, {'category': 'xEthanol'}]",29.475848,-81.206475,True,False,True,False,,True,False,False,False,False
828,36,280.03,625 n state road 19,24hours,00:00:00,00:00:00,5434,False,"{'address': '625 n state road 19', 'city': 'palatka', 'state': 'FL', 'zip': '32177'}","{'food': True, 'fuel': True, 'restrooms': False, 'diesel': True, 'ethanolFreeGas': True, 'open24Hours': True, 'teslaChargingStation': False, 'propane': False, 'chademoChargingStation': False, 'ccsChargingStation': False}",True,True,"[{'category': 'Unleaded'}, {'category': 'Plus'}, {'category': 'Premium'}, {'category': 'Diesel'}, {'category': 'Super'}, {'category': 'xEthanol'}]",29.657386,-81.668044,True,True,True,True,False,True,True,True,False,False
829,39,288.64,600 w. granada blvd,24hours,00:00:00,00:00:00,5315,False,"{'address': '600 w. granada blvd', 'city': 'ormond beach', 'state': 'FL', 'zip': '32174'}","{'food': True, 'fuel': True, 'restrooms': True, 'diesel': True, 'ethanolFreeGas': True, 'open24Hours': True, 'teslaChargingStation': False, 'propane': True, 'chademoChargingStation': False, 'ccsChargingStation': False}",True,True,"[{'category': 'Unleaded'}, {'category': 'Plus'}, {'category': 'Premium'}, {'category': 'Diesel'}, {'category': 'Super'}, {'category': 'xEthanol'}]",29.278623,-81.072231,True,True,True,True,False,True,True,False,True,True
830,40,291.92,1000 mason ave,24hours,00:00:00,00:00:00,5332,False,"{'address': '1000 mason ave', 'city': 'daytona beach', 'state': 'FL', 'zip': '32117'}","{'food': True, 'fuel': True, 'restrooms': True, 'diesel': True, 'ethanolFreeGas': True, 'open24Hours': True, 'teslaChargingStation': False, 'propane': True, 'chademoChargingStation': False, 'ccsChargingStation': False}",True,True,"[{'category': 'Unleaded'}, {'category': 'Plus'}, {'category': 'Premium'}, {'category': 'Diesel'}, {'category': 'Super'}, {'category': 'xEthanol'}]",29.220002,-81.047912,True,False,True,False,,True,False,False,False,False
831,41,292.05,120 s. ridgewood ave,24hours,00:00:00,00:00:00,5287,False,"{'address': '120 s. ridgewood ave', 'city': 'daytona beach', 'state': 'FL', 'zip': '32114'}","{'food': True, 'fuel': True, 'restrooms': True, 'diesel': True, 'ethanolFreeGas': True, 'open24Hours': True, 'teslaChargingStation': False, 'propane': True, 'chademoChargingStation': False, 'ccsChargingStation': False}",True,True,"[{'category': 'Unleaded'}, {'category': 'Plus'}, {'category': 'Premium'}, {'category': 'Diesel'}, {'category': 'Super'}, {'category': 'xEthanol'}]",29.20993,-81.022484,True,False,False,False,,True,False,False,False,False
832,43,294.32,1900 international speedway bl,24hours,00:00:00,00:00:00,5296,False,"{'address': '1900 international speedway bl', 'city': 'daytona beach', 'state': 'FL', 'zip': '32114'}","{'food': True, 'fuel': True, 'restrooms': True, 'diesel': True, 'ethanolFreeGas': True, 'open24Hours': True, 'teslaChargingStation': False, 'propane': True, 'chademoChargingStation': False, 'ccsChargingStation': False}",True,True,"[{'category': 'Unleaded'}, {'category': 'Plus'}, {'category': 'Premium'}, {'category': 'Diesel'}, {'category': 'Super'}, {'category': 'xEthanol'}]",29.19129,-81.073638,True,True,True,True,False,True,False,True,False,False
833,44,297.1,1031 dunlawton ave,24hours,00:00:00,00:00:00,5172,False,"{'address': '1031 dunlawton ave', 'city': 'port orange', 'state': 'FL', 'zip': '32127'}","{'food': True, 'fuel': True, 'restrooms': True, 'diesel': True, 'ethanolFreeGas': True, 'open24Hours': True, 'teslaChargingStation': False, 'propane': True, 'chademoChargingStation': False, 'ccsChargingStation': False}",True,True,"[{'category': 'Unleaded'}, {'category': 'Plus'}, {'category': 'Premium'}, {'category': 'Diesel'}, {'category': 'Super'}, {'category': 'xEthanol'}]",29.1273515,-81.0068662,True,True,True,True,False,True,False,True,False,False
834,47,298.49,1740 dunlawton ave,24hours,00:00:00,00:00:00,5173,False,"{'address': '1740 dunlawton ave', 'city': 'port orange', 'state': 'FL', 'zip': '32127-8929'}","{'food': True, 'fuel': True, 'restrooms': True, 'diesel': True, 'ethanolFreeGas': True, 'open24Hours': True, 'teslaChargingStation': False, 'propane': True, 'chademoChargingStation': False, 'ccsChargingStation': False}",True,True,"[{'category': 'Unleaded'}, {'category': 'Plus'}, {'category': 'Premium'}, {'category': 'Diesel'}, {'category': 'Super'}, {'category': 'xEthanol'}]",29.1116145,-81.0246111,True,True,True,True,False,True,False,True,False,False
835,49,300.32,16304 nw us hwy 441,24hours,00:00:00,00:00:00,5438,False,"{'address': '16304 nw us hwy 441', 'city': 'alachua', 'state': 'FL', 'zip': '32615'}","{'food': True, 'fuel': True, 'restrooms': True, 'diesel': True, 'ethanolFreeGas': True, 'open24Hours': True, 'teslaChargingStation': True, 'propane': True, 'chademoChargingStation': False, 'ccsChargingStation': False}",True,True,"[{'category': 'Unleaded'}, {'category': 'Plus'}, {'category': 'Premium'}, {'category': 'Diesel'}, {'category': 'Super'}, {'category': 'xEthanol'}]",29.80416442,-82.52659737,True,True,True,True,False,True,True,False,False,False
836,1,14.41,2305 nw 13th street,24hours,00:00:00,00:00:00,5384,False,"{'address': '2305 nw 13th street', 'city': 'gainesville', 'state': 'FL', 'zip': '32609'}","{'food': True, 'fuel': True, 'restrooms': True, 'diesel': True, 'ethanolFreeGas': True, 'open24Hours': True, 'teslaChargingStation': False, 'propane': True, 'chademoChargingStation': False, 'ccsChargingStation': False}",True,True,"[{'category': 'Unleaded'}, {'category': 'Plus'}, {'category': 'Premium'}, {'category': 'Diesel'}, {'category': 'Super'}, {'category': 'xEthanol'}]",29.67421,-82.33873,True,True,True,True,False,True,False,True,False,False
837,2,15.31,1614 west university ave,24hours,00:00:00,00:00:00,5385,False,"{'address': '1614 west university ave', 'city': 'gainesville', 'state': 'FL', 'zip': '32603'}","{'food': True, 'fuel': False, 'restrooms': True, 'diesel': False, 'ethanolFreeGas': None, 'open24Hours': True, 'teslaChargingStation': False, 'propane': False, 'chademoChargingStation': False, 'ccsChargingStation': False}",True,True,[],29.65223447,-82.34083441,True,True,True,True,False,True,True,True,False,False
838,3,15.37,4322 sw archer rd,24hours,00:00:00,00:00:00,5323,False,"{'address': '4322 sw archer rd', 'city': 'gainesville', 'state': 'FL', 'zip': '32608'}","{'food': True, 'fuel': True, 'restrooms': True, 'diesel': True, 'ethanolFreeGas': True, 'open24Hours': True, 'teslaChargingStation': False, 'propane': True, 'chademoChargingStation': False, 'ccsChargingStation': False}",True,True,"[{'category': 'Unleaded'}, {'category': 'Plus'}, {'category': 'Premium'}, {'category': 'Diesel'}, {'category': 'Super'}, {'category': 'xEthanol'}]",29.61623,-82.389709,True,True,True,True,False,True,False,False,False,False
839,4,15.55,2373 sw archer road,24hours,00:00:00,00:00:00,5325,False,"{'address': '2373 sw archer road', 'city': 'gainesville', 'state': 'FL', 'zip': '32608'}","{'food': True, 'fuel': True, 'restrooms': True, 'diesel': True, 'ethanolFreeGas': True, 'open24Hours': True, 'teslaChargingStation': False, 'propane': True, 'chademoChargingStation': False, 'ccsChargingStation': False}",True,True,"[{'category': 'Unleaded'}, {'category': 'Plus'}, {'category': 'Premium'}, {'category': 'Diesel'}, {'category': 'Super'}, {'category': 'xEthanol'}]",29.633015,-82.358378,True,True,True,True,False,True,True,False,False,False
840,5,16.61,1007 east university ave,18hours,04:00:00,23:00:00,5313,False,"{'address': '1007 east university ave', 'city': 'gainesville', 'state': 'FL', 'zip': '32601'}","{'food': True, 'fuel': True, 'restrooms': True, 'diesel': True, 'ethanolFreeGas': True, 'open24Hours': False, 'teslaChargingStation': False, 'propane': False, 'chademoChargingStation': False, 'ccsChargingStation': False}",True,True,"[{'category': 'Unleaded'}, {'category': 'Plus'}, {'category': 'Premium'}, {'category': 'Diesel'}, {'category': 'Super'}, {'category': 'xEthanol'}]",29.651619,-82.312664,True,True,False,True,False,True,False,False,False,False
841,6,47.6,3312 w. silver springs,24hours,00:00:00,00:00:00,5291,False,"{'address': '3312 w. silver springs', 'city': 'ocala', 'state': 'FL', 'zip': '34475'}","{'food': True, 'fuel': True, 'restrooms': True, 'diesel': True, 'ethanolFreeGas': True, 'open24Hours': True, 'teslaChargingStation': True, 'propane': True, 'chademoChargingStation': False, 'ccsChargingStation': False}",True,True,"[{'category': 'Unleaded'}, {'category': 'Plus'}, {'category': 'Premium'}, {'category': 'Diesel'}, {'category': 'Super'}, {'category': 'xEthanol'}]",29.18587,-82.17757,True,True,True,True,False,True,False,True,False,False
842,8,49.03,1001 s. pine avenue,24hours,00:00:00,00:00:00,5272,False,"{'address': '1001 s. pine avenue', 'city': 'ocala', 'state': 'FL', 'zip': '34471'}","{'food': True, 'fuel': True, 'restrooms': True, 'diesel': True, 'ethanolFreeGas': True, 'open24Hours': True, 'teslaChargingStation': False, 'propane': True, 'chademoChargingStation': False, 'ccsChargingStation': False}",True,True,"[{'category': 'Unleaded'}, {'category': 'Plus'}, {'category': 'Premium'}, {'category': 'Diesel'}, {'category': 'Super'}, {'category': 'xEthanol'}]",29.17919,-82.14031,True,False,False,False,,True,False,False,False,False
843,9,49.53,3601 east silver springs blvs,24hours,00:00:00,00:00:00,5336,False,"{'address': '3601 east silver springs blvs', 'city': 'ocala', 'state': 'FL', 'zip': '34470'}","{'food': True, 'fuel': True, 'restrooms': True, 'diesel': True, 'ethanolFreeGas': True, 'open24Hours': True, 'teslaChargingStation': False, 'propane': True, 'chademoChargingStation': False, 'ccsChargingStation': False}",True,True,"[{'category': 'Unleaded'}, {'category': 'Plus'}, {'category': 'Premium'}, {'category': 'Diesel'}, {'category': 'Super'}, {'category': 'xEthanol'}]",29.19823,-82.08661,True,False,False,False,,True,False,False,False,False
844,10,49.81,4025 sw college rd,24hours,00:00:00,00:00:00,5305,False,"{'address': '4025 sw college rd', 'city': 'ocala', 'state': 'FL', 'zip': '34474'}","{'food': True, 'fuel': True, 'restrooms': True, 'diesel': True, 'ethanolFreeGas': True, 'open24Hours': True, 'teslaChargingStation': False, 'propane': True, 'chademoChargingStation': False, 'ccsChargingStation': False}",True,True,"[{'category': 'Unleaded'}, {'category': 'Plus'}, {'category': 'Premium'}, {'category': 'Diesel'}, {'category': 'Super'}, {'category': 'xEthanol'}]",29.144903,-82.191568,True,True,True,True,False,True,False,True,False,False
845,12,51.3,3080 se maricamp road,24hours,00:00:00,00:00:00,5337,False,"{'address': '3080 se maricamp road', 'city': 'ocala', 'state': 'FL', 'zip': '34471'}","{'food': True, 'fuel': True, 'restrooms': True, 'diesel': True, 'ethanolFreeGas': True, 'open24Hours': True, 'teslaChargingStation': False, 'propane': True, 'chademoChargingStation': False, 'ccsChargingStation': False}",True,True,"[{'category': 'Unleaded'}, {'category': 'Plus'}, {'category': 'Premium'}, {'category': 'Diesel'}, {'category': 'Super'}, {'category': 'xEthanol'}]",29.16351,-82.095344,True,True,True,True,False,True,True,True,False,False
846,15,52.68,8380 sw hwy 200,24hours,00:00:00,00:00:00,5397,False,"{'address': '8380 sw hwy 200', 'city': 'ocala', 'state': 'FL', 'zip': '34481'}","{'food': True, 'fuel': True, 'restrooms': True, 'diesel': True, 'ethanolFreeGas': True, 'open24Hours': True, 'teslaChargingStation': False, 'propane': False, 'chademoChargingStation': False, 'ccsChargingStation': False}",True,True,"[{'category': 'Unleaded'}, {'category': 'Plus'}, {'category': 'Premium'}, {'category': 'Diesel'}, {'category': 'Super'}, {'category': 'xEthanol'}]",29.0787322,-82.25736551,True,True,True,True,False,True,False,True,False,False
847,19,58.1,2277 sw hwy 484,24hours,00:00:00,00:00:00,5422,False,"{'address': '2277 sw hwy 484', 'city': 'ocala', 'state': 'FL', 'zip': '34473'}","{'food': True, 'fuel': True, 'restrooms': True, 'diesel': True, 'ethanolFreeGas': True, 'open24Hours': True, 'teslaChargingStation': False, 'propane': False, 'chademoChargingStation': False, 'ccsChargingStation': False}",True,True,"[{'category': 'Unleaded'}, {'category': 'Plus'}, {'category': 'Premium'}, {'category': 'Diesel'}, {'category': 'Super'}, {'category': 'xEthanol'}]",29.02564,-82.16189,True,True,True,True,False,True,True,True,False,False
848,20,58.85,5726 se abshier blvd,24hours,00:00:00,00:00:00,5273,False,"{'address': '5726 se abshier blvd', 'city': 'belleview', 'state': 'FL', 'zip': '34420'}","{'food': True, 'fuel': True, 'restrooms': True, 'diesel': True, 'ethanolFreeGas': True, 'open24Hours': True, 'teslaChargingStation': False, 'propane': True, 'chademoChargingStation': False, 'ccsChargingStation': False}",True,True,"[{'category': 'Unleaded'}, {'category': 'Plus'}, {'category': 'Premium'}, {'category': 'Diesel'}, {'category': 'Super'}, {'category': 'xEthanol'}]",29.05884,-82.05321,True,True,True,True,False,True,False,False,False,False
849,23,62.66,505 us ne hwy 19,24hours,00:00:00,00:00:00,5300,False,"{'address': '505 us ne hwy 19', 'city': 'crystal river', 'state': 'FL', 'zip': '34429'}","{'food': True, 'fuel': True, 'restrooms': True, 'diesel': True, 'ethanolFreeGas': True, 'open24Hours': True, 'teslaChargingStation': True, 'propane': True, 'chademoChargingStation': False, 'ccsChargingStation': False}",True,True,"[{'category': 'Unleaded'}, {'category': 'Plus'}, {'category': 'Premium'}, {'category': 'Diesel'}, {'category': 'Super'}, {'category': 'xEthanol'}]",28.8987,-82.58621,True,True,True,True,False,True,False,False,False,False
850,25,63.08,2932 w norvell bryant hwy,24hours,00:00:00,00:00:00,5320,False,"{'address': '2932 w norvell bryant hwy', 'city': 'lecanto', 'state': 'FL', 'zip': '34461'}","{'food': True, 'fuel': True, 'restrooms': True, 'diesel': True, 'ethanolFreeGas': True, 'open24Hours': True, 'teslaChargingStation': False, 'propane': True, 'chademoChargingStation': False, 'ccsChargingStation': False}",True,True,"[{'category': 'Unleaded'}, {'category': 'Plus'}, {'category': 'Premium'}, {'category': 'Diesel'}, {'category': 'Super'}, {'category': 'xEthanol'}]",28.89199,-82.48388,True,False,True,False,,True,False,True,False,False
851,34,67.35,11770 us 301,24hours,00:00:00,00:00:00,5282,False,"{'address': '11770 us 301', 'city': 'oxford', 'state': 'FL', 'zip': '34484'}","{'food': True, 'fuel': True, 'restrooms': True, 'diesel': True, 'ethanolFreeGas': True, 'open24Hours': True, 'teslaChargingStation': False, 'propane': True, 'chademoChargingStation': False, 'ccsChargingStation': False}",True,True,"[{'category': 'Unleaded'}, {'category': 'Plus'}, {'category': 'Premium'}, {'category': 'Diesel'}, {'category': 'Super'}, {'category': 'xEthanol'}]",28.927384,-82.037918,True,False,False,False,,True,False,False,False,False
852,36,68.04,13535 us hwy 441,24hours,00:00:00,00:00:00,5322,False,"{'address': '13535 us hwy 441', 'city': 'lady lake', 'state': 'FL', 'zip': '32159'}","{'food': True, 'fuel': True, 'restrooms': True, 'diesel': True, 'ethanolFreeGas': True, 'open24Hours': True, 'teslaChargingStation': True, 'propane': True, 'chademoChargingStation': False, 'ccsChargingStation': False}",True,True,"[{'category': 'Unleaded'}, {'category': 'Plus'}, {'category': 'Premium'}, {'category': 'Diesel'}, {'category': 'Super'}, {'category': 'xEthanol'}]",28.953336,-81.957754,True,True,True,True,False,True,True,True,False,False
853,38,71.25,116 n. highway 27/441,24hours,00:00:00,00:00:00,5326,False,"{'address': '116 n. highway 27/441', 'city': 'lady lake', 'state': 'FL', 'zip': '32159'}","{'food': True, 'fuel': True, 'restrooms': True, 'diesel': True, 'ethanolFreeGas': True, 'open24Hours': True, 'teslaChargingStation': True, 'propane': True, 'chademoChargingStation': False, 'ccsChargingStation': False}",True,True,"[{'category': 'Unleaded'}, {'category': 'Plus'}, {'category': 'Premium'}, {'category': 'Diesel'}, {'category': 'Super'}, {'category': 'xEthanol'}]",28.91722,-81.92289,True,True,True,True,False,True,True,True,False,False
854,43,77.66,1400 w. north blvd,24hours,00:00:00,00:00:00,5290,False,"{'address': '1400 w. north blvd', 'city': 'leesburg', 'state': 'FL', 'zip': '34748'}","{'food': True, 'fuel': True, 'restrooms': True, 'diesel': True, 'ethanolFreeGas': True, 'open24Hours': True, 'teslaChargingStation': False, 'propane': True, 'chademoChargingStation': False, 'ccsChargingStation': False}",True,True,"[{'category': 'Unleaded'}, {'category': 'Plus'}, {'category': 'Premium'}, {'category': 'Diesel'}, {'category': 'Super'}, {'category': 'xEthanol'}]",28.828192,-81.887161,True,True,True,True,False,True,False,True,False,False
855,46,83.67,600 w burleigh blvd,24hours,00:00:00,00:00:00,5442,False,"{'address': '600 w burleigh blvd', 'city': 'tavares', 'state': 'FL', 'zip': '32778'}","{'food': True, 'fuel': True, 'restrooms': False, 'diesel': True, 'ethanolFreeGas': True, 'open24Hours': True, 'teslaChargingStation': False, 'propane': False, 'chademoChargingStation': False, 'ccsChargingStation': False}",True,True,"[{'category': 'Unleaded'}, {'category': 'Plus'}, {'category': 'Premium'}, {'category': 'Diesel'}, {'category': 'Super'}, {'category': 'xEthanol'}]",28.81013062,-81.73339877,True,True,True,True,False,True,False,True,False,False
856,47,85.48,17700 us hwy 441,24hours,00:00:00,00:00:00,5270,False,"{'address': '17700 us hwy 441', 'city': 'mount dora', 'state': 'FL', 'zip': '32757'}","{'food': True, 'fuel': True, 'restrooms': True, 'diesel': True, 'ethanolFreeGas': True, 'open24Hours': True, 'teslaChargingStation': False, 'propane': True, 'chademoChargingStation': False, 'ccsChargingStation': False}",True,True,"[{'category': 'Unleaded'}, {'category': 'Plus'}, {'category': 'Premium'}, {'category': 'Diesel'}, {'category': 'Super'}, {'category': 'xEthanol'}]",28.821992,-81.663783,True,True,True,True,False,True,False,True,False,False
857,48,87.63,20075 cortez blvd,24hours,00:00:00,00:00:00,5259,False,"{'address': '20075 cortez blvd', 'city': 'brooksville', 'state': 'FL', 'zip': '34601'}","{'food': True, 'fuel': True, 'restrooms': True, 'diesel': True, 'ethanolFreeGas': True, 'open24Hours': True, 'teslaChargingStation': False, 'propane': True, 'chademoChargingStation': False, 'ccsChargingStation': False}",True,True,"[{'category': 'Unleaded'}, {'category': 'Plus'}, {'category': 'Premium'}, {'category': 'Diesel'}, {'category': 'Super'}, {'category': 'xEthanol'}]",28.540448,-82.402635,True,True,True,True,False,False,False,False,False,False
858,49,87.8,12984 cortez blvd,24hours,00:00:00,00:00:00,5184,False,"{'address': '12984 cortez blvd', 'city': 'brooksville', 'state': 'FL', 'zip': '34613-6803'}","{'food': True, 'fuel': True, 'restrooms': True, 'diesel': True, 'ethanolFreeGas': True, 'open24Hours': True, 'teslaChargingStation': False, 'propane': True, 'chademoChargingStation': False, 'ccsChargingStation': False}",True,True,"[{'category': 'Unleaded'}, {'category': 'Plus'}, {'category': 'Premium'}, {'category': 'Diesel'}, {'category': 'Super'}, {'category': 'xEthanol'}]",28.533513,-82.5113663,True,True,True,True,False,True,True,False,False,False
859,2,16.79,9021 state road 52,24hours,00:00:00,00:00:00,5275,False,"{'address': '9021 state road 52', 'city': 'hudson', 'state': 'FL', 'zip': '34669'}","{'food': True, 'fuel': True, 'restrooms': True, 'diesel': True, 'ethanolFreeGas': True, 'open24Hours': True, 'teslaChargingStation': False, 'propane': True, 'chademoChargingStation': False, 'ccsChargingStation': False}",True,True,"[{'category': 'Unleaded'}, {'category': 'Plus'}, {'category': 'Premium'}, {'category': 'Diesel'}, {'category': 'Super'}, {'category': 'xEthanol'}]",28.331677,-82.665247,True,True,True,True,False,True,True,True,False,False
860,3,20.2,8330 ridge road,24hours,00:00:00,00:00:00,5109,False,"{'address': '8330 ridge road', 'city': 'port richey', 'state': 'FL', 'zip': '34668-6056'}","{'food': True, 'fuel': True, 'restrooms': True, 'diesel': True, 'ethanolFreeGas': True, 'open24Hours': True, 'teslaChargingStation': False, 'propane': True, 'chademoChargingStation': False, 'ccsChargingStation': False}",True,True,"[{'category': 'Unleaded'}, {'category': 'Plus'}, {'category': 'Premium'}, {'category': 'Diesel'}, {'category': 'Super'}, {'category': 'xEthanol'}]",28.2799269,-82.6768375,True,True,True,True,False,True,False,False,False,False
861,4,21.49,8519 us highway 19,24hours,00:00:00,00:00:00,5108,False,"{'address': '8519 us highway 19', 'city': 'port richey', 'state': 'FL', 'zip': '34668-5344'}","{'food': True, 'fuel': True, 'restrooms': True, 'diesel': True, 'ethanolFreeGas': True, 'open24Hours': True, 'teslaChargingStation': False, 'propane': False, 'chademoChargingStation': False, 'ccsChargingStation': False}",True,True,"[{'category': 'Unleaded'}, {'category': 'Plus'}, {'category': 'Premium'}, {'category': 'Diesel'}, {'category': 'Super'}, {'category': 'xEthanol'}]",28.280989,-82.717849,True,True,True,True,False,True,True,False,False,False
862,5,22.74,28225 state road 54,24hours,00:00:00,00:00:00,5240,False,"{'address': '28225 state road 54', 'city': 'wesley chapel', 'state': 'FL', 'zip': '33544'}","{'food': True, 'fuel': True, 'restrooms': True, 'diesel': True, 'ethanolFreeGas': True, 'open24Hours': True, 'teslaChargingStation': False, 'propane': True, 'chademoChargingStation': False, 'ccsChargingStation': False}",True,True,"[{'category': 'Unleaded'}, {'category': 'Plus'}, {'category': 'Premium'}, {'category': 'Diesel'}, {'category': 'Super'}, {'category': 'xEthanol'}]",28.237012,-82.349057,True,True,False,True,False,True,False,False,False,False
863,6,24.61,12048 state road 54,24hours,00:00:00,00:00:00,5334,False,"{'address': '12048 state road 54', 'city': 'odessa', 'state': 'FL', 'zip': '33556'}","{'food': True, 'fuel': True, 'restrooms': True, 'diesel': True, 'ethanolFreeGas': True, 'open24Hours': True, 'teslaChargingStation': True, 'propane': True, 'chademoChargingStation': False, 'ccsChargingStation': False}",True,True,"[{'category': 'Unleaded'}, {'category': 'Plus'}, {'category': 'Premium'}, {'category': 'Diesel'}, {'category': 'Super'}, {'category': 'xEthanol'}]",28.189579,-82.61631,True,True,True,True,False,True,False,True,False,False
864,7,24.7,25155 maren way,24hours,00:00:00,00:00:00,5267,False,"{'address': '25155 maren way', 'city': 'land o lakes', 'state': 'FL', 'zip': '34639'}","{'food': True, 'fuel': True, 'restrooms': True, 'diesel': True, 'ethanolFreeGas': True, 'open24Hours': True, 'teslaChargingStation': True, 'propane': True, 'chademoChargingStation': False, 'ccsChargingStation': False}",True,True,"[{'category': 'Unleaded'}, {'category': 'Plus'}, {'category': 'Premium'}, {'category': 'Diesel'}, {'category': 'Super'}, {'category': 'xEthanol'}]",28.189572,-82.400293,True,True,True,True,False,True,False,True,False,False
865,10,25.77,4026 us  hwy 19,24hours,00:00:00,00:00:00,5115,False,"{'address': '4026 us  hwy 19', 'city': 'new port richey', 'state': 'FL', 'zip': '34652-5945'}","{'food': True, 'fuel': True, 'restrooms': True, 'diesel': True, 'ethanolFreeGas': True, 'open24Hours': True, 'teslaChargingStation': True, 'propane': True, 'chademoChargingStation': False, 'ccsChargingStation': False}",True,True,"[{'category': 'Unleaded'}, {'category': 'Plus'}, {'category': 'Premium'}, {'category': 'Diesel'}, {'category': 'Super'}, {'category': 'xEthanol'}]",28.2175496,-82.7365908,True,True,True,True,False,True,False,True,False,False
866,11,25.85,27866 state road 56,24hours,00:00:00,00:00:00,5226,False,"{'address': '27866 state road 56', 'city': 'wesley chapel', 'state': 'FL', 'zip': '33543'}","{'food': True, 'fuel': True, 'restrooms': True, 'diesel': True, 'ethanolFreeGas': True, 'open24Hours': True, 'teslaChargingStation': False, 'propane': True, 'chademoChargingStation': False, 'ccsChargingStation': False}",True,True,"[{'category': 'Unleaded'}, {'category': 'Plus'}, {'category': 'Premium'}, {'category': 'Diesel'}, {'category': 'Super'}, {'category': 'xEthanol'}]",28.185681,-82.354987,True,True,True,True,False,True,True,True,False,False
867,12,27.67,6450 gall blvd,24hours,00:00:00,00:00:00,5285,False,"{'address': '6450 gall blvd', 'city': 'zephyrhills', 'state': 'FL', 'zip': '33542'}","{'food': True, 'fuel': True, 'restrooms': True, 'diesel': True, 'ethanolFreeGas': True, 'open24Hours': True, 'teslaChargingStation': False, 'propane': True, 'chademoChargingStation': False, 'ccsChargingStation': False}",True,True,"[{'category': 'Unleaded'}, {'category': 'Plus'}, {'category': 'Premium'}, {'category': 'Diesel'}, {'category': 'Super'}, {'category': 'xEthanol'}]",28.251734,-82.187814,True,True,True,True,False,True,True,True,False,False
868,13,27.72,1929 us highway 19,24hours,00:00:00,00:00:00,5181,False,"{'address': '1929 us highway 19', 'city': 'holiday', 'state': 'FL', 'zip': '34691'}","{'food': True, 'fuel': True, 'restrooms': True, 'diesel': True, 'ethanolFreeGas': True, 'open24Hours': True, 'teslaChargingStation': False, 'propane': True, 'chademoChargingStation': False, 'ccsChargingStation': False}",True,True,"[{'category': 'Unleaded'}, {'category': 'Plus'}, {'category': 'Premium'}, {'category': 'Diesel'}, {'category': 'Super'}, {'category': 'xEthanol'}]",28.186922,-82.740844,True,True,True,True,False,True,False,True,False,False
869,14,30.42,15524 n. dale mabry highway,24hours,00:00:00,00:00:00,5191,False,"{'address': '15524 n. dale mabry highway', 'city': 'tampa', 'state': 'FL', 'zip': '33618'}","{'food': True, 'fuel': True, 'restrooms': True, 'diesel': True, 'ethanolFreeGas': True, 'open24Hours': True, 'teslaChargingStation': False, 'propane': True, 'chademoChargingStation': False, 'ccsChargingStation': False}",True,True,"[{'category': 'Unleaded'}, {'category': 'Plus'}, {'category': 'Premium'}, {'category': 'Diesel'}, {'category': 'Super'}, {'category': 'xEthanol'}]",28.093287,-82.50318,True,True,True,True,False,True,False,False,False,False
870,15,30.93,804 e. bears ave,24hours,00:00:00,00:00:00,5154,False,"{'address': '804 e. bears ave', 'city': 'tampa', 'state': 'FL', 'zip': '33613'}","{'food': True, 'fuel': True, 'restrooms': True, 'diesel': True, 'ethanolFreeGas': True, 'open24Hours': True, 'teslaChargingStation': True, 'propane': True, 'chademoChargingStation': False, 'ccsChargingStation': False}",True,True,"[{'category': 'Unleaded'}, {'category': 'Plus'}, {'category': 'Premium'}, {'category': 'Diesel'}, {'category': 'Super'}, {'category': 'xEthanol'}]",28.0888521,-82.4521834,True,True,True,True,False,True,False,True,False,False
871,16,32.45,2325 e. fletcher ave,24hours,00:00:00,00:00:00,5199,False,"{'address': '2325 e. fletcher ave', 'city': 'tampa', 'state': 'FL', 'zip': '33612'}","{'food': True, 'fuel': True, 'restrooms': True, 'diesel': True, 'ethanolFreeGas': True, 'open24Hours': True, 'teslaChargingStation': False, 'propane': True, 'chademoChargingStation': False, 'ccsChargingStation': False}",True,True,"[{'category': 'Unleaded'}, {'category': 'Plus'}, {'category': 'Premium'}, {'category': 'Diesel'}, {'category': 'Super'}, {'category': 'xEthanol'}]",28.06924,-82.4306,True,True,True,True,False,True,False,True,True,True
872,17,33.58,11510 n 30th street,24hours,00:00:00,00:00:00,5107,False,"{'address': '11510 n 30th street', 'city': 'tampa', 'state': 'FL', 'zip': '33612-6278'}","{'food': True, 'fuel': True, 'restrooms': True, 'diesel': True, 'ethanolFreeGas': True, 'open24Hours': True, 'teslaChargingStation': False, 'propane': True, 'chademoChargingStation': False, 'ccsChargingStation': False}",True,True,"[{'category': 'Unleaded'}, {'category': 'Plus'}, {'category': 'Premium'}, {'category': 'Diesel'}, {'category': 'Super'}, {'category': 'xEthanol'}]",28.0532971,-82.4268815,True,False,False,False,,True,False,False,False,False
873,18,35.01,8458 n. dale mabry hwy.,24hours,00:00:00,00:00:00,5251,False,"{'address': '8458 n. dale mabry hwy.', 'city': 'tampa', 'state': 'FL', 'zip': '33614'}","{'food': True, 'fuel': True, 'restrooms': True, 'diesel': True, 'ethanolFreeGas': True, 'open24Hours': True, 'teslaChargingStation': False, 'propane': True, 'chademoChargingStation': False, 'ccsChargingStation': False}",True,True,"[{'category': 'Unleaded'}, {'category': 'Plus'}, {'category': 'Premium'}, {'category': 'Diesel'}, {'category': 'Super'}, {'category': 'xEthanol'}]",28.026769,-82.505847,True,True,True,True,False,True,True,False,False,False
874,19,35.2,5702 w waters ave,24hours,00:00:00,00:00:00,5139,False,"{'address': '5702 w waters ave', 'city': 'tampa', 'state': 'FL', 'zip': '33634-1215'}","{'food': True, 'fuel': True, 'restrooms': True, 'diesel': True, 'ethanolFreeGas': True, 'open24Hours': True, 'teslaChargingStation': False, 'propane': True, 'chademoChargingStation': False, 'ccsChargingStation': False}",True,True,"[{'category': 'Unleaded'}, {'category': 'Plus'}, {'category': 'Premium'}, {'category': 'Diesel'}, {'category': 'Super'}, {'category': 'xEthanol'}]",28.0247359,-82.5426016,True,True,True,True,False,True,True,True,False,False
875,20,35.29,8325 n florida ave,24hours,00:00:00,00:00:00,5196,False,"{'address': '8325 n florida ave', 'city': 'tampa', 'state': 'FL', 'zip': '33604-3005'}","{'food': True, 'fuel': True, 'restrooms': True, 'diesel': True, 'ethanolFreeGas': True, 'open24Hours': True, 'teslaChargingStation': False, 'propane': True, 'chademoChargingStation': False, 'ccsChargingStation': False}",True,True,"[{'category': 'Unleaded'}, {'category': 'Plus'}, {'category': 'Premium'}, {'category': 'Diesel'}, {'category': 'Super'}, {'category': 'xEthanol'}]",28.0248,-82.45881,True,True,True,True,False,True,False,False,False,False
876,21,35.29,5011 e busch blvd,24hours,00:00:00,00:00:00,5319,False,"{'address': '5011 e busch blvd', 'city': 'tampa', 'state': 'FL', 'zip': '33617'}","{'food': True, 'fuel': True, 'restrooms': True, 'diesel': True, 'ethanolFreeGas': True, 'open24Hours': True, 'teslaChargingStation': False, 'propane': True, 'chademoChargingStation': False, 'ccsChargingStation': False}",True,True,"[{'category': 'Unleaded'}, {'category': 'Plus'}, {'category': 'Premium'}, {'category': 'Diesel'}, {'category': 'Super'}, {'category': 'xEthanol'}]",28.032067,-82.400734,True,True,True,True,False,True,False,True,False,False
877,22,37.22,1760 hillsborough ave,24hours,00:00:00,00:00:00,5183,False,"{'address': '1760 hillsborough ave', 'city': 'tampa', 'state': 'FL', 'zip': '33603-1131'}","{'food': True, 'fuel': True, 'restrooms': True, 'diesel': True, 'ethanolFreeGas': True, 'open24Hours': True, 'teslaChargingStation': False, 'propane': True, 'chademoChargingStation': False, 'ccsChargingStation': False}",True,True,"[{'category': 'Unleaded'}, {'category': 'Plus'}, {'category': 'Premium'}, {'category': 'Diesel'}, {'category': 'Super'}, {'category': 'xEthanol'}]",27.99555,-82.47805,True,True,True,True,False,True,False,False,False,False
878,23,37.27,7540 w. hillsborough ave,24hours,00:00:00,00:00:00,5311,False,"{'address': '7540 w. hillsborough ave', 'city': 'tampa', 'state': 'FL', 'zip': '33615'}","{'food': True, 'fuel': True, 'restrooms': True, 'diesel': True, 'ethanolFreeGas': True, 'open24Hours': True, 'teslaChargingStation': False, 'propane': True, 'chademoChargingStation': False, 'ccsChargingStation': False}",True,True,"[{'category': 'Unleaded'}, {'category': 'Plus'}, {'category': 'Premium'}, {'category': 'Diesel'}, {'category': 'Super'}, {'category': 'xEthanol'}]",27.996141,-82.564123,True,True,True,True,False,True,False,False,False,False
879,24,38.04,7408 hillsborough ave,24hours,00:00:00,00:00:00,5146,False,"{'address': '7408 hillsborough ave', 'city': 'tampa', 'state': 'FL', 'zip': '33610-4228'}","{'food': True, 'fuel': True, 'restrooms': True, 'diesel': True, 'ethanolFreeGas': True, 'open24Hours': True, 'teslaChargingStation': True, 'propane': True, 'chademoChargingStation': False, 'ccsChargingStation': False}",True,True,"[{'category': 'Unleaded'}, {'category': 'Plus'}, {'category': 'Premium'}, {'category': 'Diesel'}, {'category': 'Super'}, {'category': 'xEthanol'}]",27.996738,-82.372715,True,True,True,True,False,True,False,True,False,False
880,25,38.52,26508 us highway 19 n.,24hours,00:00:00,00:00:00,5294,False,"{'address': '26508 us highway 19 n.', 'city': 'clearwater', 'state': 'FL', 'zip': '33761'}","{'food': True, 'fuel': True, 'restrooms': True, 'diesel': True, 'ethanolFreeGas': True, 'open24Hours': True, 'teslaChargingStation': True, 'propane': True, 'chademoChargingStation': False, 'ccsChargingStation': False}",True,True,"[{'category': 'Unleaded'}, {'category': 'Plus'}, {'category': 'Premium'}, {'category': 'Diesel'}, {'category': 'Super'}, {'category': 'xEthanol'}]",28.012926,-82.738102,True,False,True,False,,True,False,True,False,False
881,26,39.25,3942 n. us highway 301,24hours,00:00:00,00:00:00,5114,False,"{'address': '3942 n. us highway 301', 'city': 'tampa', 'state': 'FL', 'zip': '33619'}","{'food': True, 'fuel': True, 'restrooms': True, 'diesel': True, 'ethanolFreeGas': True, 'open24Hours': True, 'teslaChargingStation': False, 'propane': True, 'chademoChargingStation': False, 'ccsChargingStation': False}",True,True,"[{'category': 'Unleaded'}, {'category': 'Plus'}, {'category': 'Premium'}, {'category': 'Diesel'}, {'category': 'Super'}, {'category': 'xEthanol'}]",27.98094,-82.36146,True,False,False,False,,True,False,False,False,False
882,28,39.78,2502 n. 50th st,24hours,00:00:00,00:00:00,5231,False,"{'address': '2502 n. 50th st', 'city': 'tampa', 'state': 'FL', 'zip': '33619'}","{'food': True, 'fuel': True, 'restrooms': True, 'diesel': True, 'ethanolFreeGas': True, 'open24Hours': True, 'teslaChargingStation': True, 'propane': True, 'chademoChargingStation': False, 'ccsChargingStation': False}",True,True,"[{'category': 'Unleaded'}, {'category': 'Plus'}, {'category': 'Premium'}, {'category': 'Diesel'}, {'category': 'Super'}, {'category': 'xEthanol'}]",27.965717,-82.402878,True,False,False,False,,True,False,False,False,False
883,30,40.21,11623 e. dr mlk blvd,24hours,00:00:00,00:00:00,5335,False,"{'address': '11623 e. dr mlk blvd', 'city': 'seffner', 'state': 'FL', 'zip': '33584'}","{'food': True, 'fuel': True, 'restrooms': True, 'diesel': True, 'ethanolFreeGas': True, 'open24Hours': True, 'teslaChargingStation': False, 'propane': True, 'chademoChargingStation': False, 'ccsChargingStation': False}",True,True,"[{'category': 'Unleaded'}, {'category': 'Plus'}, {'category': 'Premium'}, {'category': 'Diesel'}, {'category': 'Super'}, {'category': 'xEthanol'}]",27.9814,-82.30232,True,True,True,True,False,False,False,True,False,False
884,31,40.39,401 n dale mabry hwy,24hours,00:00:00,00:00:00,5122,False,"{'address': '401 n dale mabry hwy', 'city': 'tampa', 'state': 'FL', 'zip': '33609-1240'}","{'food': True, 'fuel': True, 'restrooms': True, 'diesel': True, 'ethanolFreeGas': True, 'open24Hours': True, 'teslaChargingStation': True, 'propane': True, 'chademoChargingStation': False, 'ccsChargingStation': False}",True,True,"[{'category': 'Unleaded'}, {'category': 'Plus'}, {'category': 'Premium'}, {'category': 'Diesel'}, {'category': 'Super'}, {'category': 'xEthanol'}]",27.9490042,-82.5053532,True,True,True,True,False,True,True,True,False,False
885,33,41.31,2705 thonotosassa rd,24hours,00:00:00,00:00:00,5162,False,"{'address': '2705 thonotosassa rd', 'city': 'plant city', 'state': 'FL', 'zip': '33563'}","{'food': True, 'fuel': True, 'restrooms': True, 'diesel': True, 'ethanolFreeGas': True, 'open24Hours': True, 'teslaChargingStation': True, 'propane': True, 'chademoChargingStation': False, 'ccsChargingStation': False}",True,True,"[{'category': 'Unleaded'}, {'category': 'Plus'}, {'category': 'Premium'}, {'category': 'Diesel'}, {'category': 'Super'}, {'category': 'xEthanol'}]",28.0258952,-82.1526492,True,True,False,True,False,True,False,True,False,False
886,34,42.12,2177 gulf to bay blvd,24hours,00:00:00,00:00:00,5163,False,"{'address': '2177 gulf to bay blvd', 'city': 'clearwater', 'state': 'FL', 'zip': '33758-4748'}","{'food': True, 'fuel': True, 'restrooms': True, 'diesel': True, 'ethanolFreeGas': True, 'open24Hours': True, 'teslaChargingStation': False, 'propane': True, 'chademoChargingStation': False, 'ccsChargingStation': False}",True,True,"[{'category': 'Unleaded'}, {'category': 'Plus'}, {'category': 'Premium'}, {'category': 'Diesel'}, {'category': 'Super'}, {'category': 'xEthanol'}]",27.96019,-82.7466,True,False,False,False,,True,False,False,False,False
887,36,42.99,1710 w. brandon blvd,24hours,00:00:00,00:00:00,5197,False,"{'address': '1710 w. brandon blvd', 'city': 'brandon', 'state': 'FL', 'zip': '33510'}","{'food': True, 'fuel': True, 'restrooms': True, 'diesel': True, 'ethanolFreeGas': True, 'open24Hours': True, 'teslaChargingStation': False, 'propane': True, 'chademoChargingStation': False, 'ccsChargingStation': False}",True,True,"[{'category': 'Unleaded'}, {'category': 'Plus'}, {'category': 'Premium'}, {'category': 'Diesel'}, {'category': 'Super'}, {'category': 'xEthanol'}]",27.937242,-82.309747,True,True,True,True,False,True,True,True,False,False
888,37,43.24,2604 south us highway,24hours,00:00:00,00:00:00,5127,False,"{'address': '2604 south us highway', 'city': 'tampa', 'state': 'FL', 'zip': '33619'}","{'food': True, 'fuel': True, 'restrooms': True, 'diesel': True, 'ethanolFreeGas': True, 'open24Hours': True, 'teslaChargingStation': False, 'propane': True, 'chademoChargingStation': False, 'ccsChargingStation': False}",True,True,"[{'category': 'Unleaded'}, {'category': 'Plus'}, {'category': 'Premium'}, {'category': 'Diesel'}, {'category': 'Super'}, {'category': 'xEthanol'}]",27.92432,-82.34858,True,True,True,True,False,True,True,True,False,False
889,38,44.22,3660 w gandy blvd,24hours,00:00:00,00:00:00,5301,False,"{'address': '3660 w gandy blvd', 'city': 'tampa', 'state': 'FL', 'zip': '33611'}","{'food': True, 'fuel': True, 'restrooms': True, 'diesel': True, 'ethanolFreeGas': True, 'open24Hours': True, 'teslaChargingStation': False, 'propane': True, 'chademoChargingStation': False, 'ccsChargingStation': False}",True,True,"[{'category': 'Unleaded'}, {'category': 'Plus'}, {'category': 'Premium'}, {'category': 'Diesel'}, {'category': 'Super'}, {'category': 'xEthanol'}]",27.89359,-82.50461,True,True,True,True,False,True,True,True,False,False
890,40,44.38,2926 e. state rd 60,24hours,00:00:00,00:00:00,5152,False,"{'address': '2926 e. state rd 60', 'city': 'valrico', 'state': 'FL', 'zip': '33594'}","{'food': True, 'fuel': True, 'restrooms': True, 'diesel': True, 'ethanolFreeGas': True, 'open24Hours': True, 'teslaChargingStation': False, 'propane': True, 'chademoChargingStation': False, 'ccsChargingStation': False}",True,True,"[{'category': 'Unleaded'}, {'category': 'Plus'}, {'category': 'Premium'}, {'category': 'Diesel'}, {'category': 'Super'}, {'category': 'xEthanol'}]",27.9386262,-82.2364072,True,False,True,False,,True,False,False,False,False
891,41,44.41,4320 us highway 98 north,24hours,00:00:00,00:00:00,5106,False,"{'address': '4320 us highway 98 north', 'city': 'lakeland', 'state': 'FL', 'zip': '33805'}","{'food': True, 'fuel': True, 'restrooms': True, 'diesel': True, 'ethanolFreeGas': True, 'open24Hours': True, 'teslaChargingStation': True, 'propane': True, 'chademoChargingStation': False, 'ccsChargingStation': False}",True,True,"[{'category': 'Unleaded'}, {'category': 'Plus'}, {'category': 'Premium'}, {'category': 'Diesel'}, {'category': 'Super'}, {'category': 'xEthanol'}]",28.09827,-81.9742,True,False,False,False,,True,False,False,False,False
892,43,44.71,15701 us highway 19 n,24hours,00:00:00,00:00:00,5149,False,"{'address': '15701 us highway 19 n', 'city': 'clearwater', 'state': 'FL', 'zip': '33764-7712'}","{'food': True, 'fuel': True, 'restrooms': True, 'diesel': True, 'ethanolFreeGas': True, 'open24Hours': True, 'teslaChargingStation': True, 'propane': True, 'chademoChargingStation': False, 'ccsChargingStation': False}",True,True,"[{'category': 'Unleaded'}, {'category': 'Plus'}, {'category': 'Premium'}, {'category': 'Diesel'}, {'category': 'Super'}, {'category': 'xEthanol'}]",27.915269,-82.728478,True,True,True,True,False,True,False,True,False,False
893,44,45.1,1215 n. missouri ave,24hours,00:00:00,00:00:00,5176,False,"{'address': '1215 n. missouri ave', 'city': 'largo', 'state': 'FL', 'zip': '33770'}","{'food': True, 'fuel': True, 'restrooms': True, 'diesel': True, 'ethanolFreeGas': True, 'open24Hours': True, 'teslaChargingStation': False, 'propane': True, 'chademoChargingStation': False, 'ccsChargingStation': False}",True,True,"[{'category': 'Unleaded'}, {'category': 'Plus'}, {'category': 'Premium'}, {'category': 'Diesel'}, {'category': 'Super'}, {'category': 'xEthanol'}]",27.92799,-82.78796,True,True,True,True,False,True,False,True,False,False
894,45,45.23,2530 east bay drive,18hours,05:00:00,23:59:00,5421,False,"{'address': '2530 east bay drive', 'city': 'largo', 'state': 'FL', 'zip': '33770'}","{'food': True, 'fuel': False, 'restrooms': False, 'diesel': False, 'ethanolFreeGas': None, 'open24Hours': False, 'teslaChargingStation': False, 'propane': False, 'chademoChargingStation': False, 'ccsChargingStation': False}",False,True,[],27.91693671,-82.76104098,True,True,True,True,False,True,False,True,False,False
895,46,45.51,10115 bloomingdale ave,24hours,00:00:00,00:00:00,5133,False,"{'address': '10115 bloomingdale ave', 'city': 'riverview', 'state': 'FL', 'zip': '33578'}","{'food': True, 'fuel': True, 'restrooms': True, 'diesel': True, 'ethanolFreeGas': True, 'open24Hours': True, 'teslaChargingStation': False, 'propane': True, 'chademoChargingStation': False, 'ccsChargingStation': False}",True,True,"[{'category': 'Unleaded'}, {'category': 'Plus'}, {'category': 'Premium'}, {'category': 'Diesel'}, {'category': 'Super'}, {'category': 'xEthanol'}]",27.8930892,-82.3364252,True,True,True,True,False,True,False,True,False,False
896,49,46.79,1909 s  highway 27,24hours,00:00:00,00:00:00,5144,False,"{'address': '1909 s  highway 27', 'city': 'clermont', 'state': 'FL', 'zip': '34711-6497'}","{'food': True, 'fuel': True, 'restrooms': True, 'diesel': True, 'ethanolFreeGas': True, 'open24Hours': True, 'teslaChargingStation': False, 'propane': True, 'chademoChargingStation': False, 'ccsChargingStation': False}",True,True,"[{'category': 'Unleaded'}, {'category': 'Plus'}, {'category': 'Premium'}, {'category': 'Diesel'}, {'category': 'Super'}, {'category': 'xEthanol'}]",28.542587,-81.740513,True,True,True,True,False,True,True,False,False,False
897,1,9.53,13501 w colonial dr,24hours,00:00:00,00:00:00,5210,False,"{'address': '13501 w colonial dr', 'city': 'winter garden', 'state': 'FL', 'zip': '34787'}","{'food': True, 'fuel': True, 'restrooms': True, 'diesel': True, 'ethanolFreeGas': True, 'open24Hours': True, 'teslaChargingStation': True, 'propane': True, 'chademoChargingStation': False, 'ccsChargingStation': False}",True,True,"[{'category': 'Unleaded'}, {'category': 'Plus'}, {'category': 'Premium'}, {'category': 'Diesel'}, {'category': 'Super'}, {'category': 'xEthanol'}]",28.551483,-81.583899,True,True,True,True,False,True,False,True,False,False
898,2,11.78,16126 greater groves blvd,24hours,00:00:00,00:00:00,5121,False,"{'address': '16126 greater groves blvd', 'city': 'clermont', 'state': 'FL', 'zip': '34714'}","{'food': True, 'fuel': True, 'restrooms': True, 'diesel': True, 'ethanolFreeGas': True, 'open24Hours': True, 'teslaChargingStation': False, 'propane': False, 'chademoChargingStation': False, 'ccsChargingStation': False}",True,True,"[{'category': 'Unleaded'}, {'category': 'Plus'}, {'category': 'Premium'}, {'category': 'Diesel'}, {'category': 'Super'}, {'category': 'xEthanol'}]",28.378378,-81.688073,True,True,True,True,False,True,True,True,False,False
899,3,14.62,8849 w irlo bronson memorial h,24hours,00:00:00,00:00:00,5119,False,"{'address': '8849 w irlo bronson memorial h', 'city': 'winter garden', 'state': 'FL', 'zip': '34787'}","{'food': True, 'fuel': True, 'restrooms': True, 'diesel': True, 'ethanolFreeGas': True, 'open24Hours': True, 'teslaChargingStation': False, 'propane': True, 'chademoChargingStation': False, 'ccsChargingStation': False}",True,True,"[{'category': 'Unleaded'}, {'category': 'Plus'}, {'category': 'Premium'}, {'category': 'Diesel'}, {'category': 'Super'}, {'category': 'xEthanol'}]",28.34768,-81.64676,True,True,True,True,False,True,False,False,False,False
900,4,15.93,7940 w irlo bronson memorial h,24hours,00:00:00,00:00:00,5166,False,"{'address': '7940 w irlo bronson memorial h', 'city': 'kissimmee', 'state': 'FL', 'zip': '34747'}","{'food': True, 'fuel': True, 'restrooms': True, 'diesel': True, 'ethanolFreeGas': True, 'open24Hours': True, 'teslaChargingStation': True, 'propane': True, 'chademoChargingStation': False, 'ccsChargingStation': False}",True,True,"[{'category': 'Unleaded'}, {'category': 'Plus'}, {'category': 'Premium'}, {'category': 'Diesel'}, {'category': 'Super'}, {'category': 'xEthanol'}]",28.34539617,-81.60470442,True,True,True,True,False,True,True,False,False,False
901,5,16.32,449 west main street,24hours,00:00:00,00:00:00,5140,False,"{'address': '449 west main street', 'city': 'apopka', 'state': 'FL', 'zip': '32712-3453'}","{'food': True, 'fuel': True, 'restrooms': True, 'diesel': True, 'ethanolFreeGas': True, 'open24Hours': True, 'teslaChargingStation': False, 'propane': False, 'chademoChargingStation': False, 'ccsChargingStation': False}",True,True,"[{'category': 'Unleaded'}, {'category': 'Plus'}, {'category': 'Premium'}, {'category': 'Diesel'}, {'category': 'Super'}, {'category': 'xEthanol'}]",28.679571,-81.521344,True,True,False,True,False,True,False,False,False,False
902,6,17.09,5810 raleigh st,24hours,00:00:00,00:00:00,5308,False,"{'address': '5810 raleigh st', 'city': 'orlando', 'state': 'FL', 'zip': '32811'}","{'food': True, 'fuel': True, 'restrooms': True, 'diesel': True, 'ethanolFreeGas': True, 'open24Hours': True, 'teslaChargingStation': False, 'propane': True, 'chademoChargingStation': False, 'ccsChargingStation': False}",True,True,"[{'category': 'Unleaded'}, {'category': 'Plus'}, {'category': 'Premium'}, {'category': 'Diesel'}, {'category': 'Super'}, {'category': 'xEthanol'}]",28.52787,-81.45943,True,True,True,True,False,True,False,True,False,False
903,7,17.76,8894 vinings way blvd,24hours,00:00:00,00:00:00,5209,False,"{'address': '8894 vinings way blvd', 'city': 'orlando', 'state': 'FL', 'zip': '32836'}","{'food': True, 'fuel': True, 'restrooms': True, 'diesel': True, 'ethanolFreeGas': True, 'open24Hours': True, 'teslaChargingStation': False, 'propane': True, 'chademoChargingStation': False, 'ccsChargingStation': False}",True,True,"[{'category': 'Unleaded'}, {'category': 'Plus'}, {'category': 'Premium'}, {'category': 'Diesel'}, {'category': 'Super'}, {'category': 'xEthanol'}]",28.389167,-81.50585,True,True,True,True,False,True,False,True,False,False
904,8,17.84,6500 w sand lake rd,24hours,00:00:00,00:00:00,5160,False,"{'address': '6500 w sand lake rd', 'city': 'orlando', 'state': 'FL', 'zip': '32819-8902'}","{'food': True, 'fuel': True, 'restrooms': True, 'diesel': True, 'ethanolFreeGas': True, 'open24Hours': True, 'teslaChargingStation': True, 'propane': True, 'chademoChargingStation': False, 'ccsChargingStation': False}",True,True,"[{'category': 'Unleaded'}, {'category': 'Plus'}, {'category': 'Premium'}, {'category': 'Diesel'}, {'category': 'Super'}, {'category': 'xEthanol'}]",28.4494144,-81.4664581,True,False,False,False,,True,False,False,False,False
905,9,18.2,1615 s orange blossom trail,24hours,00:00:00,00:00:00,5112,False,"{'address': '1615 s orange blossom trail', 'city': 'apopka', 'state': 'FL', 'zip': '32703-7755'}","{'food': True, 'fuel': True, 'restrooms': True, 'diesel': True, 'ethanolFreeGas': True, 'open24Hours': True, 'teslaChargingStation': True, 'propane': False, 'chademoChargingStation': False, 'ccsChargingStation': False}",True,True,"[{'category': 'Unleaded'}, {'category': 'Plus'}, {'category': 'Premium'}, {'category': 'Diesel'}, {'category': 'Super'}, {'category': 'xEthanol'}]",28.6539389,-81.4686223,True,False,False,False,,True,False,False,False,False
906,10,18.2,7785 palm parkway,24hours,00:00:00,00:00:00,5391,False,"{'address': '7785 palm parkway', 'city': 'orlando', 'state': 'FL', 'zip': '32836'}","{'food': True, 'fuel': True, 'restrooms': True, 'diesel': True, 'ethanolFreeGas': True, 'open24Hours': True, 'teslaChargingStation': False, 'propane': False, 'chademoChargingStation': False, 'ccsChargingStation': False}",True,True,"[{'category': 'Unleaded'}, {'category': 'Plus'}, {'category': 'Premium'}, {'category': 'Diesel'}, {'category': 'Super'}, {'category': 'xEthanol'}]",28.39842,-81.48965,True,True,True,True,False,True,False,True,False,False
907,12,19.61,5910 central florida pkwy,24hours,00:00:00,00:00:00,5101,False,"{'address': '5910 central florida pkwy', 'city': 'orlando', 'state': 'FL', 'zip': '32821-6004'}","{'food': True, 'fuel': True, 'restrooms': True, 'diesel': True, 'ethanolFreeGas': True, 'open24Hours': True, 'teslaChargingStation': True, 'propane': True, 'chademoChargingStation': False, 'ccsChargingStation': False}",True,True,"[{'category': 'Unleaded'}, {'category': 'Plus'}, {'category': 'Premium'}, {'category': 'Diesel'}, {'category': 'Super'}, {'category': 'xEthanol'}]",28.405788,-81.457566,True,True,True,True,False,True,True,True,False,False
908,13,19.85,3501 millenia blvd,24hours,00:00:00,00:00:00,5189,False,"{'address': '3501 millenia blvd', 'city': 'orlando', 'state': 'FL', 'zip': '32839'}","{'food': True, 'fuel': True, 'restrooms': True, 'diesel': True, 'ethanolFreeGas': True, 'open24Hours': True, 'teslaChargingStation': False, 'propane': True, 'chademoChargingStation': False, 'ccsChargingStation': False}",True,True,"[{'category': 'Unleaded'}, {'category': 'Plus'}, {'category': 'Premium'}, {'category': 'Diesel'}, {'category': 'Super'}, {'category': 'xEthanol'}]",28.49341,-81.41833,True,True,True,True,False,True,False,True,False,False
909,15,19.87,2507 n john young pkwy,24hours,00:00:00,00:00:00,5100,False,"{'address': '2507 n john young pkwy', 'city': 'orlando', 'state': 'FL', 'zip': '32804'}","{'food': True, 'fuel': True, 'restrooms': True, 'diesel': True, 'ethanolFreeGas': True, 'open24Hours': True, 'teslaChargingStation': False, 'propane': True, 'chademoChargingStation': False, 'ccsChargingStation': False}",False,True,"[{'category': 'Unleaded'}, {'category': 'Plus'}, {'category': 'Premium'}, {'category': 'Diesel'}, {'category': 'Super'}, {'category': 'xEthanol'}]",28.577463,-81.415538,True,True,True,True,False,True,False,True,False,False
910,16,20.22,5820 edgewater dr,24hours,00:00:00,00:00:00,5164,False,"{'address': '5820 edgewater dr', 'city': 'orlando', 'state': 'FL', 'zip': '32810-5261'}","{'food': True, 'fuel': True, 'restrooms': True, 'diesel': True, 'ethanolFreeGas': True, 'open24Hours': True, 'teslaChargingStation': False, 'propane': True, 'chademoChargingStation': False, 'ccsChargingStation': False}",True,True,"[{'category': 'Unleaded'}, {'category': 'Plus'}, {'category': 'Premium'}, {'category': 'Diesel'}, {'category': 'Super'}, {'category': 'xEthanol'}]",28.610197,-81.416327,True,True,True,True,False,True,False,True,True,True
911,17,20.37,8927 futures drive,24hours,00:00:00,00:00:00,5452,False,"{'address': '8927 futures drive', 'city': 'orlando', 'state': 'FL', 'zip': '32819'}","{'food': True, 'fuel': True, 'restrooms': False, 'diesel': True, 'ethanolFreeGas': True, 'open24Hours': True, 'teslaChargingStation': False, 'propane': False, 'chademoChargingStation': False, 'ccsChargingStation': False}",True,True,"[{'category': 'Unleaded'}, {'category': 'Plus'}, {'category': 'Premium'}, {'category': 'Diesel'}, {'category': 'Super'}, {'category': 'xEthanol'}]",28.4389,-81.42655,True,False,False,False,,True,False,False,False,False
912,18,20.91,3140 vineland road,24hours,00:00:00,00:00:00,5116,False,"{'address': '3140 vineland road', 'city': 'kissimmee', 'state': 'FL', 'zip': '34746-4657'}","{'food': True, 'fuel': True, 'restrooms': True, 'diesel': True, 'ethanolFreeGas': True, 'open24Hours': True, 'teslaChargingStation': False, 'propane': True, 'chademoChargingStation': False, 'ccsChargingStation': False}",True,True,"[{'category': 'Unleaded'}, {'category': 'Plus'}, {'category': 'Premium'}, {'category': 'Diesel'}, {'category': 'Super'}, {'category': 'xEthanol'}]",28.341,-81.48371,True,True,True,True,False,True,True,False,False,False
913,19,20.92,1200 w. colonial dr,24hours,00:00:00,00:00:00,5150,False,"{'address': '1200 w. colonial dr', 'city': 'orlando', 'state': 'FL', 'zip': '32805-7116'}","{'food': True, 'fuel': True, 'restrooms': True, 'diesel': True, 'ethanolFreeGas': True, 'open24Hours': True, 'teslaChargingStation': False, 'propane': True, 'chademoChargingStation': False, 'ccsChargingStation': False}",True,True,"[{'category': 'Unleaded'}, {'category': 'Plus'}, {'category': 'Premium'}, {'category': 'Diesel'}, {'category': 'Super'}, {'category': 'xEthanol'}]",28.55275,-81.39597,True,True,True,True,False,True,True,True,False,False
914,20,21.19,919 west sr 436,24hours,00:00:00,00:00:00,5179,False,"{'address': '919 west sr 436', 'city': 'altamonte springs', 'state': 'FL', 'zip': '32714-2931'}","{'food': True, 'fuel': True, 'restrooms': True, 'diesel': True, 'ethanolFreeGas': True, 'open24Hours': True, 'teslaChargingStation': False, 'propane': True, 'chademoChargingStation': False, 'ccsChargingStation': False}",True,True,"[{'category': 'Unleaded'}, {'category': 'Plus'}, {'category': 'Premium'}, {'category': 'Diesel'}, {'category': 'Super'}, {'category': 'xEthanol'}]",28.66577,-81.4206,True,True,True,True,False,True,False,False,False,False
915,21,21.36,3951 central florida pkwy,24hours,00:00:00,00:00:00,5205,False,"{'address': '3951 central florida pkwy', 'city': 'orlando', 'state': 'FL', 'zip': '32837'}","{'food': True, 'fuel': True, 'restrooms': True, 'diesel': True, 'ethanolFreeGas': True, 'open24Hours': True, 'teslaChargingStation': False, 'propane': True, 'chademoChargingStation': False, 'ccsChargingStation': False}",True,True,"[{'category': 'Unleaded'}, {'category': 'Plus'}, {'category': 'Premium'}, {'category': 'Diesel'}, {'category': 'Super'}, {'category': 'xEthanol'}]",28.41153,-81.42195,True,True,True,True,False,True,False,True,False,False
916,22,21.53,7030 s orange blossom trail,24hours,00:00:00,00:00:00,5105,False,"{'address': '7030 s orange blossom trail', 'city': 'orlando', 'state': 'FL', 'zip': '32809-5715'}","{'food': True, 'fuel': True, 'restrooms': True, 'diesel': True, 'ethanolFreeGas': True, 'open24Hours': True, 'teslaChargingStation': False, 'propane': True, 'chademoChargingStation': False, 'ccsChargingStation': False}",True,True,"[{'category': 'Unleaded'}, {'category': 'Plus'}, {'category': 'Premium'}, {'category': 'Diesel'}, {'category': 'Super'}, {'category': 'xEthanol'}]",28.46352,-81.39757,True,True,True,True,False,True,False,False,False,False
917,23,21.56,8574 s. orange blossom trail,24hours,00:00:00,00:00:00,5138,False,"{'address': '8574 s. orange blossom trail', 'city': 'orlando', 'state': 'FL', 'zip': '32809'}","{'food': True, 'fuel': True, 'restrooms': True, 'diesel': True, 'ethanolFreeGas': True, 'open24Hours': True, 'teslaChargingStation': False, 'propane': True, 'chademoChargingStation': False, 'ccsChargingStation': False}",True,True,"[{'category': 'Unleaded'}, {'category': 'Plus'}, {'category': 'Premium'}, {'category': 'Diesel'}, {'category': 'Super'}, {'category': 'xEthanol'}]",28.4405642,-81.4049752,True,True,True,True,False,True,False,False,False,False
918,24,21.6,8103 lake wilson rd,24hours,00:00:00,00:00:00,5299,False,"{'address': '8103 lake wilson rd', 'city': 'davenport', 'state': 'FL', 'zip': '33896'}","{'food': True, 'fuel': True, 'restrooms': True, 'diesel': True, 'ethanolFreeGas': True, 'open24Hours': True, 'teslaChargingStation': True, 'propane': True, 'chademoChargingStation': False, 'ccsChargingStation': False}",True,True,"[{'category': 'Unleaded'}, {'category': 'Plus'}, {'category': 'Premium'}, {'category': 'Diesel'}, {'category': 'Super'}, {'category': 'xEthanol'}]",28.259329,-81.590236,True,True,True,True,False,True,False,True,False,False
919,26,22.21,3100 s. orange ave,24hours,00:00:00,00:00:00,5157,False,"{'address': '3100 s. orange ave', 'city': 'orlando', 'state': 'FL', 'zip': '32806-6122'}","{'food': True, 'fuel': True, 'restrooms': True, 'diesel': True, 'ethanolFreeGas': True, 'open24Hours': True, 'teslaChargingStation': False, 'propane': True, 'chademoChargingStation': False, 'ccsChargingStation': False}",True,True,"[{'category': 'Unleaded'}, {'category': 'Plus'}, {'category': 'Premium'}, {'category': 'Diesel'}, {'category': 'Super'}, {'category': 'xEthanol'}]",28.50899,-81.37672,True,False,False,False,,True,False,False,False,False
920,27,22.39,43582 hwy 27,24hours,00:00:00,00:00:00,5230,False,"{'address': '43582 hwy 27', 'city': 'davenport', 'state': 'FL', 'zip': '33837'}","{'food': True, 'fuel': True, 'restrooms': True, 'diesel': True, 'ethanolFreeGas': True, 'open24Hours': True, 'teslaChargingStation': False, 'propane': True, 'chademoChargingStation': False, 'ccsChargingStation': False}",True,True,"[{'category': 'Unleaded'}, {'category': 'Plus'}, {'category': 'Premium'}, {'category': 'Diesel'}, {'category': 'Super'}, {'category': 'xEthanol'}]",28.228805,-81.648727,True,True,True,True,False,True,False,True,False,False
921,28,22.95,12083 s orange blossom trail,24hours,00:00:00,00:00:00,5155,False,"{'address': '12083 s orange blossom trail', 'city': 'orlando', 'state': 'FL', 'zip': '32837-5912'}","{'food': True, 'fuel': True, 'restrooms': True, 'diesel': True, 'ethanolFreeGas': True, 'open24Hours': True, 'teslaChargingStation': False, 'propane': True, 'chademoChargingStation': False, 'ccsChargingStation': False}",True,True,"[{'category': 'Unleaded'}, {'category': 'Plus'}, {'category': 'Premium'}, {'category': 'Diesel'}, {'category': 'Super'}, {'category': 'xEthanol'}]",28.39058,-81.40453,True,False,False,False,,True,False,False,False,False
922,29,23.1,901 n orlando ave,24hours,00:00:00,00:00:00,5135,False,"{'address': '901 n orlando ave', 'city': 'winter park', 'state': 'FL', 'zip': '32789-2923'}","{'food': True, 'fuel': True, 'restrooms': True, 'diesel': True, 'ethanolFreeGas': True, 'open24Hours': True, 'teslaChargingStation': True, 'propane': True, 'chademoChargingStation': False, 'ccsChargingStation': False}",True,True,"[{'category': 'Unleaded'}, {'category': 'Plus'}, {'category': 'Premium'}, {'category': 'Diesel'}, {'category': 'Super'}, {'category': 'xEthanol'}]",28.6050562,-81.3665472,True,True,True,True,False,True,False,True,False,False
923,30,23.76,8099 orange ave,24hours,00:00:00,00:00:00,5208,False,"{'address': '8099 orange ave', 'city': 'orlando', 'state': 'FL', 'zip': '32809-6711'}","{'food': True, 'fuel': True, 'restrooms': True, 'diesel': True, 'ethanolFreeGas': True, 'open24Hours': True, 'teslaChargingStation': False, 'propane': True, 'chademoChargingStation': False, 'ccsChargingStation': False}",True,True,"[{'category': 'Unleaded'}, {'category': 'Plus'}, {'category': 'Premium'}, {'category': 'Diesel'}, {'category': 'Super'}, {'category': 'xEthanol'}]",28.45137,-81.36328,True,True,True,True,False,False,False,True,False,False
924,31,23.76,4397 w vine st,24hours,00:00:00,00:00:00,5143,False,"{'address': '4397 w vine st', 'city': 'kissimmee', 'state': 'FL', 'zip': '34746-6345'}","{'food': True, 'fuel': True, 'restrooms': True, 'diesel': True, 'ethanolFreeGas': True, 'open24Hours': True, 'teslaChargingStation': False, 'propane': True, 'chademoChargingStation': False, 'ccsChargingStation': False}",True,True,"[{'category': 'Unleaded'}, {'category': 'Plus'}, {'category': 'Premium'}, {'category': 'Diesel'}, {'category': 'Super'}, {'category': 'xEthanol'}]",28.3047862,-81.4579622,True,True,True,True,False,True,True,True,False,False
925,32,24.04,3025 curry ford rd,24hours,00:00:00,00:00:00,5130,False,"{'address': '3025 curry ford rd', 'city': 'orlando', 'state': 'FL', 'zip': '32806-3331'}","{'food': True, 'fuel': True, 'restrooms': True, 'diesel': True, 'ethanolFreeGas': True, 'open24Hours': True, 'teslaChargingStation': False, 'propane': True, 'chademoChargingStation': False, 'ccsChargingStation': False}",True,True,"[{'category': 'Unleaded'}, {'category': 'Plus'}, {'category': 'Premium'}, {'category': 'Diesel'}, {'category': 'Super'}, {'category': 'xEthanol'}]",28.52468,-81.34498,True,True,True,True,False,True,False,True,False,False
926,33,24.65,4100 e colonial drive,24hours,00:00:00,00:00:00,5153,False,"{'address': '4100 e colonial drive', 'city': 'orlando', 'state': 'FL', 'zip': '32803'}","{'food': True, 'fuel': True, 'restrooms': True, 'diesel': True, 'ethanolFreeGas': True, 'open24Hours': True, 'teslaChargingStation': False, 'propane': True, 'chademoChargingStation': False, 'ccsChargingStation': False}",True,True,"[{'category': 'Unleaded'}, {'category': 'Plus'}, {'category': 'Premium'}, {'category': 'Diesel'}, {'category': 'Super'}, {'category': 'xEthanol'}]",28.5527692,-81.3345812,True,True,False,True,False,True,False,True,False,False
927,34,24.93,13585 s orange ave,24hours,00:00:00,00:00:00,5132,False,"{'address': '13585 s orange ave', 'city': 'orlando', 'state': 'FL', 'zip': '32824'}","{'food': True, 'fuel': True, 'restrooms': True, 'diesel': True, 'ethanolFreeGas': True, 'open24Hours': True, 'teslaChargingStation': False, 'propane': True, 'chademoChargingStation': False, 'ccsChargingStation': False}",True,True,"[{'category': 'Unleaded'}, {'category': 'Plus'}, {'category': 'Premium'}, {'category': 'Diesel'}, {'category': 'Super'}, {'category': 'xEthanol'}]",28.36572,-81.38275,True,False,False,False,,True,False,False,False,False
928,35,25.14,4416 hoffner ave,24hours,00:00:00,00:00:00,5279,False,"{'address': '4416 hoffner ave', 'city': 'belle isle', 'state': 'FL', 'zip': '32812'}","{'food': True, 'fuel': True, 'restrooms': True, 'diesel': True, 'ethanolFreeGas': True, 'open24Hours': True, 'teslaChargingStation': False, 'propane': True, 'chademoChargingStation': False, 'ccsChargingStation': False}",True,True,"[{'category': 'Unleaded'}, {'category': 'Plus'}, {'category': 'Premium'}, {'category': 'Diesel'}, {'category': 'Super'}, {'category': 'xEthanol'}]",28.480291,-81.332522,True,False,True,False,,True,False,False,False,False
929,36,25.18,5035 s. orange blossom trail,24hours,00:00:00,00:00:00,5124,False,"{'address': '5035 s. orange blossom trail', 'city': 'kissimmee', 'state': 'FL', 'zip': '34758-2044'}","{'food': True, 'fuel': True, 'restrooms': True, 'diesel': True, 'ethanolFreeGas': True, 'open24Hours': True, 'teslaChargingStation': False, 'propane': True, 'chademoChargingStation': False, 'ccsChargingStation': False}",True,True,"[{'category': 'Unleaded'}, {'category': 'Plus'}, {'category': 'Premium'}, {'category': 'Diesel'}, {'category': 'Super'}, {'category': 'xEthanol'}]",28.256006,-81.48463,True,True,True,True,False,True,True,True,False,False
930,37,25.34,1390 e altamonte drive,24hours,00:00:00,00:00:00,5186,False,"{'address': '1390 e altamonte drive', 'city': 'altamonte springs', 'state': 'FL', 'zip': '32701-5012'}","{'food': True, 'fuel': True, 'restrooms': True, 'diesel': True, 'ethanolFreeGas': True, 'open24Hours': True, 'teslaChargingStation': False, 'propane': True, 'chademoChargingStation': False, 'ccsChargingStation': False}",True,True,"[{'category': 'Unleaded'}, {'category': 'Plus'}, {'category': 'Premium'}, {'category': 'Diesel'}, {'category': 'Super'}, {'category': 'xEthanol'}]",28.663017,-81.345949,True,True,True,True,False,True,True,True,False,False
931,38,25.69,2499 n orange blossom trail,24hours,00:00:00,00:00:00,5104,False,"{'address': '2499 n orange blossom trail', 'city': 'kissimmee', 'state': 'FL', 'zip': '34744-2345'}","{'food': True, 'fuel': True, 'restrooms': True, 'diesel': True, 'ethanolFreeGas': True, 'open24Hours': True, 'teslaChargingStation': False, 'propane': True, 'chademoChargingStation': False, 'ccsChargingStation': False}",True,True,"[{'category': 'Unleaded'}, {'category': 'Plus'}, {'category': 'Premium'}, {'category': 'Diesel'}, {'category': 'Super'}, {'category': 'xEthanol'}]",28.318503,-81.403044,True,True,True,True,False,True,True,True,False,False
932,39,26.16,1201 s semoran blvd,24hours,00:00:00,00:00:00,5206,False,"{'address': '1201 s semoran blvd', 'city': 'orlando', 'state': 'FL', 'zip': '32807'}","{'food': True, 'fuel': True, 'restrooms': True, 'diesel': True, 'ethanolFreeGas': True, 'open24Hours': True, 'teslaChargingStation': False, 'propane': True, 'chademoChargingStation': False, 'ccsChargingStation': False}",True,True,"[{'category': 'Unleaded'}, {'category': 'Plus'}, {'category': 'Premium'}, {'category': 'Diesel'}, {'category': 'Super'}, {'category': 'xEthanol'}]",28.528127,-81.309866,True,True,True,True,False,True,True,False,True,True
933,40,26.19,2239 n semoran blvd,24hours,00:00:00,00:00:00,5111,False,"{'address': '2239 n semoran blvd', 'city': 'orlando', 'state': 'FL', 'zip': '32807-3707'}","{'food': True, 'fuel': True, 'restrooms': True, 'diesel': True, 'ethanolFreeGas': True, 'open24Hours': True, 'teslaChargingStation': False, 'propane': True, 'chademoChargingStation': False, 'ccsChargingStation': False}",True,True,"[{'category': 'Unleaded'}, {'category': 'Plus'}, {'category': 'Premium'}, {'category': 'Diesel'}, {'category': 'Super'}, {'category': 'xEthanol'}]",28.57431,-81.31041,True,False,True,False,,True,False,False,False,False
934,41,26.25,162 e sr 434,24hours,00:00:00,00:00:00,5156,False,"{'address': '162 e sr 434', 'city': 'longwood', 'state': 'FL', 'zip': '32750-5214'}","{'food': True, 'fuel': True, 'restrooms': True, 'diesel': True, 'ethanolFreeGas': True, 'open24Hours': True, 'teslaChargingStation': False, 'propane': True, 'chademoChargingStation': False, 'ccsChargingStation': False}",True,True,"[{'category': 'Unleaded'}, {'category': 'Plus'}, {'category': 'Premium'}, {'category': 'Diesel'}, {'category': 'Super'}, {'category': 'xEthanol'}]",28.6974,-81.34523,True,False,False,False,,True,False,False,False,False
935,42,26.29,1033 sr 436,24hours,00:00:00,00:00:00,5324,False,"{'address': '1033 sr 436', 'city': 'casselberry', 'state': 'FL', 'zip': '32707'}","{'food': True, 'fuel': True, 'restrooms': True, 'diesel': True, 'ethanolFreeGas': True, 'open24Hours': True, 'teslaChargingStation': False, 'propane': True, 'chademoChargingStation': False, 'ccsChargingStation': False}",True,True,"[{'category': 'Unleaded'}, {'category': 'Plus'}, {'category': 'Premium'}, {'category': 'Diesel'}, {'category': 'Super'}, {'category': 'xEthanol'}]",28.643789,-81.322763,True,True,False,True,False,True,False,False,False,False
936,43,26.53,6500 south semoran blvd,24hours,00:00:00,00:00:00,5136,False,"{'address': '6500 south semoran blvd', 'city': 'orlando', 'state': 'FL', 'zip': '32822'}","{'food': True, 'fuel': True, 'restrooms': True, 'diesel': True, 'ethanolFreeGas': True, 'open24Hours': True, 'teslaChargingStation': False, 'propane': True, 'chademoChargingStation': False, 'ccsChargingStation': False}",True,True,"[{'category': 'Unleaded'}, {'category': 'Plus'}, {'category': 'Premium'}, {'category': 'Diesel'}, {'category': 'E85'}, {'category': 'Super'}, {'category': 'E15'}, {'category': 'xEthanol'}]",28.4695402,-81.3115762,True,True,True,True,False,True,False,True,False,False
937,44,26.56,23 seminola blvd,24hours,00:00:00,00:00:00,5128,False,"{'address': '23 seminola blvd', 'city': 'casselberry', 'state': 'FL', 'zip': '32707-3045'}","{'food': True, 'fuel': True, 'restrooms': True, 'diesel': True, 'ethanolFreeGas': True, 'open24Hours': True, 'teslaChargingStation': True, 'propane': True, 'chademoChargingStation': False, 'ccsChargingStation': False}",True,True,"[{'category': 'Unleaded'}, {'category': 'Plus'}, {'category': 'Premium'}, {'category': 'Diesel'}, {'category': 'Super'}, {'category': 'xEthanol'}]",28.6835,-81.3331,True,True,True,True,False,True,False,True,False,False
938,45,27.46,2225 s goldenrod road,24hours,00:00:00,00:00:00,5131,False,"{'address': '2225 s goldenrod road', 'city': 'orlando', 'state': 'FL', 'zip': '32822-4676'}","{'food': True, 'fuel': True, 'restrooms': True, 'diesel': True, 'ethanolFreeGas': True, 'open24Hours': True, 'teslaChargingStation': False, 'propane': True, 'chademoChargingStation': False, 'ccsChargingStation': False}",True,True,"[{'category': 'Unleaded'}, {'category': 'Plus'}, {'category': 'Premium'}, {'category': 'Diesel'}, {'category': 'Super'}, {'category': 'xEthanol'}]",28.51495,-81.28928,True,True,True,True,False,True,False,True,False,False
939,46,27.52,608 n goldenrod rd,24hours,00:00:00,00:00:00,5134,False,"{'address': '608 n goldenrod rd', 'city': 'orlando', 'state': 'FL', 'zip': '32807-6202'}","{'food': True, 'fuel': True, 'restrooms': True, 'diesel': True, 'ethanolFreeGas': True, 'open24Hours': True, 'teslaChargingStation': False, 'propane': True, 'chademoChargingStation': False, 'ccsChargingStation': False}",True,True,"[{'category': 'Unleaded'}, {'category': 'Plus'}, {'category': 'Premium'}, {'category': 'Diesel'}, {'category': 'Super'}, {'category': 'xEthanol'}]",28.5532992,-81.2872952,True,True,True,True,False,True,False,True,False,False
940,47,27.8,4700 s golden rod road,24hours,00:00:00,00:00:00,5103,False,"{'address': '4700 s golden rod road', 'city': 'orlando', 'state': 'FL', 'zip': '32822-2027'}","{'food': True, 'fuel': True, 'restrooms': True, 'diesel': True, 'ethanolFreeGas': True, 'open24Hours': True, 'teslaChargingStation': False, 'propane': True, 'chademoChargingStation': False, 'ccsChargingStation': False}",True,True,"[{'category': 'Unleaded'}, {'category': 'Plus'}, {'category': 'Premium'}, {'category': 'Diesel'}, {'category': 'Super'}, {'category': 'xEthanol'}]",28.48009,-81.28814,True,True,True,True,False,True,False,True,False,False
941,48,28.13,8049 e colonial drive,24hours,00:00:00,00:00:00,5113,False,"{'address': '8049 e colonial drive', 'city': 'orlando', 'state': 'FL', 'zip': '32818-6679'}","{'food': True, 'fuel': True, 'restrooms': True, 'diesel': True, 'ethanolFreeGas': True, 'open24Hours': True, 'teslaChargingStation': True, 'propane': True, 'chademoChargingStation': False, 'ccsChargingStation': False}",True,True,"[{'category': 'Unleaded'}, {'category': 'Plus'}, {'category': 'Premium'}, {'category': 'Diesel'}, {'category': 'Super'}, {'category': 'xEthanol'}]",28.5689,-81.27792,True,True,True,True,False,False,False,False,False,False
942,3,2.97,4256 aloma avenue,24hours,00:00:00,00:00:00,5280,False,"{'address': '4256 aloma avenue', 'city': 'winter park', 'state': 'FL', 'zip': '32792'}","{'food': True, 'fuel': True, 'restrooms': True, 'diesel': True, 'ethanolFreeGas': True, 'open24Hours': True, 'teslaChargingStation': False, 'propane': True, 'chademoChargingStation': False, 'ccsChargingStation': False}",True,True,"[{'category': 'Unleaded'}, {'category': 'Plus'}, {'category': 'Premium'}, {'category': 'Diesel'}, {'category': 'Super'}, {'category': 'xEthanol'}]",28.6118,-81.280304,True,True,True,True,False,True,False,False,False,False
943,7,4.28,11750 university blvd,24hours,00:00:00,00:00:00,5145,False,"{'address': '11750 university blvd', 'city': 'orlando', 'state': 'FL', 'zip': '32817'}","{'food': True, 'fuel': True, 'restrooms': True, 'diesel': True, 'ethanolFreeGas': True, 'open24Hours': True, 'teslaChargingStation': False, 'propane': True, 'chademoChargingStation': False, 'ccsChargingStation': False}",True,True,"[{'category': 'Unleaded'}, {'category': 'Plus'}, {'category': 'Premium'}, {'category': 'Diesel'}, {'category': 'Super'}, {'category': 'xEthanol'}]",28.5970632,-81.2151362,True,True,True,True,False,True,False,True,False,False
944,8,4.67,10052 curry ford rd,24hours,00:00:00,00:00:00,5207,False,"{'address': '10052 curry ford rd', 'city': 'orlando', 'state': 'FL', 'zip': '32825'}","{'food': True, 'fuel': True, 'restrooms': True, 'diesel': True, 'ethanolFreeGas': True, 'open24Hours': True, 'teslaChargingStation': False, 'propane': True, 'chademoChargingStation': False, 'ccsChargingStation': False}",True,True,"[{'category': 'Unleaded'}, {'category': 'Plus'}, {'category': 'Premium'}, {'category': 'Diesel'}, {'category': 'Super'}, {'category': 'xEthanol'}]",28.5093042,-81.2416362,True,False,False,False,,True,False,False,False,False
945,9,5.01,12321 e. colonial dr,24hours,00:00:00,00:00:00,5161,False,"{'address': '12321 e. colonial dr', 'city': 'orlando', 'state': 'FL', 'zip': '32826-4712'}","{'food': True, 'fuel': True, 'restrooms': True, 'diesel': True, 'ethanolFreeGas': True, 'open24Hours': True, 'teslaChargingStation': True, 'propane': True, 'chademoChargingStation': False, 'ccsChargingStation': False}",True,True,"[{'category': 'Unleaded'}, {'category': 'Plus'}, {'category': 'Premium'}, {'category': 'Diesel'}, {'category': 'Super'}, {'category': 'xEthanol'}]",28.56601,-81.19546,True,False,False,False,,True,False,False,False,False
946,11,5.82,3000 alafaya trail,24hours,00:00:00,00:00:00,5118,False,"{'address': '3000 alafaya trail', 'city': 'oviedo', 'state': 'FL', 'zip': '32765-7678'}","{'food': True, 'fuel': True, 'restrooms': True, 'diesel': True, 'ethanolFreeGas': True, 'open24Hours': True, 'teslaChargingStation': False, 'propane': True, 'chademoChargingStation': False, 'ccsChargingStation': False}",True,True,"[{'category': 'Unleaded'}, {'category': 'Plus'}, {'category': 'Premium'}, {'category': 'Diesel'}, {'category': 'Super'}, {'category': 'xEthanol'}]",28.6267,-81.20823,True,True,True,True,False,True,True,True,False,False
947,15,6.47,9955 lee vista blvd,24hours,00:00:00,00:00:00,5182,False,"{'address': '9955 lee vista blvd', 'city': 'orlando', 'state': 'FL', 'zip': '32829'}","{'food': True, 'fuel': True, 'restrooms': True, 'diesel': True, 'ethanolFreeGas': True, 'open24Hours': True, 'teslaChargingStation': False, 'propane': True, 'chademoChargingStation': False, 'ccsChargingStation': False}",True,True,"[{'category': 'Unleaded'}, {'category': 'Plus'}, {'category': 'Premium'}, {'category': 'Diesel'}, {'category': 'Super'}, {'category': 'xEthanol'}]",28.47969,-81.2455,True,True,True,True,False,True,False,True,False,False
948,16,6.77,1020 west mitchell hammock rd,24hours,00:00:00,00:00:00,5219,False,"{'address': '1020 west mitchell hammock rd', 'city': 'oviedo', 'state': 'FL', 'zip': '32765'}","{'food': True, 'fuel': True, 'restrooms': True, 'diesel': True, 'ethanolFreeGas': True, 'open24Hours': True, 'teslaChargingStation': False, 'propane': True, 'chademoChargingStation': False, 'ccsChargingStation': False}",True,True,"[{'category': 'Unleaded'}, {'category': 'Plus'}, {'category': 'Premium'}, {'category': 'Diesel'}, {'category': 'Super'}, {'category': 'xEthanol'}]",28.655593,-81.22602,True,True,True,True,False,True,False,True,True,True
949,17,6.8,14548 e colonial drive,24hours,00:00:00,00:00:00,5142,False,"{'address': '14548 e colonial drive', 'city': 'orlando', 'state': 'FL', 'zip': '32826'}","{'food': True, 'fuel': True, 'restrooms': True, 'diesel': True, 'ethanolFreeGas': True, 'open24Hours': True, 'teslaChargingStation': False, 'propane': True, 'chademoChargingStation': False, 'ccsChargingStation': False}",True,True,"[{'category': 'Unleaded'}, {'category': 'Plus'}, {'category': 'Premium'}, {'category': 'Diesel'}, {'category': 'Super'}, {'category': 'xEthanol'}]",28.56475,-81.16596,True,False,False,False,,True,False,False,False,False
950,26,9.48,9235 narcoosee rd,24hours,00:00:00,00:00:00,5174,False,"{'address': '9235 narcoosee rd', 'city': 'orlando', 'state': 'FL', 'zip': '32827'}","{'food': True, 'fuel': True, 'restrooms': True, 'diesel': True, 'ethanolFreeGas': True, 'open24Hours': True, 'teslaChargingStation': False, 'propane': True, 'chademoChargingStation': False, 'ccsChargingStation': False}",True,True,"[{'category': 'Unleaded'}, {'category': 'Plus'}, {'category': 'Premium'}, {'category': 'Diesel'}, {'category': 'Super'}, {'category': 'xEthanol'}]",28.4330172,-81.2567132,True,False,False,False,,True,False,False,False,False
951,33,11.46,3510 n us hwy 17-92,24hours,00:00:00,00:00:00,5117,False,"{'address': '3510 n us hwy 17-92', 'city': 'lake mary', 'state': 'FL', 'zip': '32746-4500'}","{'food': True, 'fuel': True, 'restrooms': True, 'diesel': True, 'ethanolFreeGas': True, 'open24Hours': True, 'teslaChargingStation': False, 'propane': True, 'chademoChargingStation': False, 'ccsChargingStation': False}",True,True,"[{'category': 'Unleaded'}, {'category': 'Plus'}, {'category': 'Premium'}, {'category': 'Diesel'}, {'category': 'Super'}, {'category': 'xEthanol'}]",28.7324536,-81.3095987,True,True,False,True,False,True,False,True,False,False
952,39,14.26,13830 boggy creek rd,24hours,00:00:00,00:00:00,5366,False,"{'address': '13830 boggy creek rd', 'city': 'orlando', 'state': 'FL', 'zip': '32824'}","{'food': True, 'fuel': True, 'restrooms': True, 'diesel': True, 'ethanolFreeGas': True, 'open24Hours': True, 'teslaChargingStation': False, 'propane': True, 'chademoChargingStation': False, 'ccsChargingStation': False}",True,True,"[{'category': 'Unleaded'}, {'category': 'Plus'}, {'category': 'Premium'}, {'category': 'Diesel'}, {'category': 'Super'}, {'category': 'E85'}, {'category': 'E15'}, {'category': 'xEthanol'}]",28.364467,-81.310514,True,True,True,True,False,True,True,False,True,True
953,41,15.1,2690 w 25 st,24hours,00:00:00,00:00:00,5158,False,"{'address': '2690 w 25 st', 'city': 'sanford', 'state': 'FL', 'zip': '32771-7505'}","{'food': True, 'fuel': True, 'restrooms': True, 'diesel': True, 'ethanolFreeGas': True, 'open24Hours': True, 'teslaChargingStation': False, 'propane': True, 'chademoChargingStation': True, 'ccsChargingStation': True}",True,True,"[{'category': 'Unleaded'}, {'category': 'Plus'}, {'category': 'Premium'}, {'category': 'Diesel'}, {'category': 'Super'}, {'category': 'xEthanol'}]",28.7868,-81.2972,True,False,False,False,,True,False,False,False,False
954,43,15.46,14876 narcoosse rd,24hours,00:00:00,00:00:00,5187,False,"{'address': '14876 narcoosse rd', 'city': 'orlando', 'state': 'FL', 'zip': '32832'}","{'food': True, 'fuel': True, 'restrooms': True, 'diesel': True, 'ethanolFreeGas': True, 'open24Hours': True, 'teslaChargingStation': False, 'propane': True, 'chademoChargingStation': False, 'ccsChargingStation': False}",True,True,"[{'category': 'Unleaded'}, {'category': 'Plus'}, {'category': 'Premium'}, {'category': 'Diesel'}, {'category': 'Super'}, {'category': 'xEthanol'}]",28.34851,-81.233716,True,True,True,True,False,True,False,True,False,False
955,46,17.12,4660 w sr 46,24hours,00:00:00,00:00:00,5218,False,"{'address': '4660 w sr 46', 'city': 'sanford', 'state': 'FL', 'zip': '32771'}","{'food': True, 'fuel': True, 'restrooms': True, 'diesel': True, 'ethanolFreeGas': True, 'open24Hours': True, 'teslaChargingStation': False, 'propane': True, 'chademoChargingStation': False, 'ccsChargingStation': False}",True,True,"[{'category': 'Unleaded'}, {'category': 'Plus'}, {'category': 'Premium'}, {'category': 'Diesel'}, {'category': 'Super'}, {'category': 'xEthanol'}]",28.81177,-81.33388,True,True,True,True,False,True,False,True,False,False
956,3,7.64,2522 enterprise rd,24hours,00:00:00,00:00:00,5171,False,"{'address': '2522 enterprise rd', 'city': 'orange city', 'state': 'FL', 'zip': '32763-7906'}","{'food': True, 'fuel': True, 'restrooms': True, 'diesel': True, 'ethanolFreeGas': True, 'open24Hours': True, 'teslaChargingStation': False, 'propane': True, 'chademoChargingStation': False, 'ccsChargingStation': False}",True,True,"[{'category': 'Unleaded'}, {'category': 'Plus'}, {'category': 'Premium'}, {'category': 'Diesel'}, {'category': 'Super'}, {'category': 'xEthanol'}]",28.91703,-81.295449,True,True,True,True,False,True,False,False,False,False
957,7,10.76,3400 howland blvd,24hours,00:00:00,00:00:00,5354,False,"{'address': '3400 howland blvd', 'city': 'deltona', 'state': 'FL', 'zip': '32725'}","{'food': True, 'fuel': True, 'restrooms': True, 'diesel': True, 'ethanolFreeGas': True, 'open24Hours': True, 'teslaChargingStation': True, 'propane': True, 'chademoChargingStation': False, 'ccsChargingStation': False}",True,True,"[{'category': 'Unleaded'}, {'category': 'Plus'}, {'category': 'Premium'}, {'category': 'Diesel'}, {'category': 'Super'}, {'category': 'xEthanol'}]",28.949584,-81.250894,True,True,True,True,False,True,False,True,False,False
958,11,13.02,1700 s. woodland blvd,24hours,00:00:00,00:00:00,5292,False,"{'address': '1700 s. woodland blvd', 'city': 'deland', 'state': 'FL', 'zip': '32720'}","{'food': True, 'fuel': True, 'restrooms': True, 'diesel': True, 'ethanolFreeGas': True, 'open24Hours': True, 'teslaChargingStation': True, 'propane': True, 'chademoChargingStation': False, 'ccsChargingStation': False}",True,True,"[{'category': 'Unleaded'}, {'category': 'Plus'}, {'category': 'Premium'}, {'category': 'Diesel'}, {'category': 'Super'}, {'category': 'xEthanol'}]",28.998416,-81.303805,True,True,True,True,False,True,True,True,False,False
959,47,27.62,1780 sr 44,24hours,00:00:00,00:00:00,5222,False,"{'address': '1780 sr 44', 'city': 'new smyrna beach', 'state': 'FL', 'zip': '32168'}","{'food': True, 'fuel': False, 'restrooms': True, 'diesel': True, 'ethanolFreeGas': True, 'open24Hours': True, 'teslaChargingStation': False, 'propane': True, 'chademoChargingStation': False, 'ccsChargingStation': False}",True,True,"[{'category': 'Unleaded'}, {'category': 'Plus'}, {'category': 'Diesel'}, {'category': 'Super'}, {'category': 'xEthanol'}]",29.014832,-80.94057,True,True,True,True,False,True,False,True,False,False
960,19,34.22,1245 grumman place,24hours,00:00:00,00:00:00,5427,False,"{'address': '1245 grumman place', 'city': 'titusville', 'state': 'FL', 'zip': '32780'}","{'food': True, 'fuel': True, 'restrooms': True, 'diesel': True, 'ethanolFreeGas': True, 'open24Hours': True, 'teslaChargingStation': False, 'propane': False, 'chademoChargingStation': False, 'ccsChargingStation': False}",True,True,"[{'category': 'Unleaded'}, {'category': 'Plus'}, {'category': 'Premium'}, {'category': 'Diesel'}, {'category': 'Super'}, {'category': 'xEthanol'}]",28.532114,-80.814391,True,True,True,True,False,True,True,True,False,False
961,1,12.98,923 west king street,24hours,00:00:00,00:00:00,5265,False,"{'address': '923 west king street', 'city': 'cocoa', 'state': 'FL', 'zip': '32922'}","{'food': True, 'fuel': True, 'restrooms': True, 'diesel': True, 'ethanolFreeGas': True, 'open24Hours': True, 'teslaChargingStation': True, 'propane': True, 'chademoChargingStation': False, 'ccsChargingStation': False}",True,True,"[{'category': 'Unleaded'}, {'category': 'Plus'}, {'category': 'Premium'}, {'category': 'Diesel'}, {'category': 'Super'}, {'category': 'xEthanol'}]",28.355275,-80.7421975,True,True,True,True,False,True,False,True,False,False
962,2,14.19,435 e merritt island cswy,24hours,00:00:00,00:00:00,5446,False,"{'address': '435 e merritt island cswy', 'city': 'merritt island', 'state': 'FL', 'zip': '32952'}","{'food': True, 'fuel': True, 'restrooms': False, 'diesel': True, 'ethanolFreeGas': True, 'open24Hours': True, 'teslaChargingStation': False, 'propane': False, 'chademoChargingStation': False, 'ccsChargingStation': False}",True,True,"[{'category': 'Unleaded'}, {'category': 'Plus'}, {'category': 'Premium'}, {'category': 'Diesel'}, {'category': 'Super'}, {'category': 'xEthanol'}]",28.357117,-80.692075,True,True,True,True,False,True,True,True,False,False
963,3,18.93,2965 viera blvd,24hours,00:00:00,00:00:00,5369,False,"{'address': '2965 viera blvd', 'city': 'melbourne', 'state': 'FL', 'zip': '32940'}","{'food': True, 'fuel': True, 'restrooms': True, 'diesel': True, 'ethanolFreeGas': True, 'open24Hours': True, 'teslaChargingStation': False, 'propane': False, 'chademoChargingStation': False, 'ccsChargingStation': False}",True,True,"[{'category': 'Unleaded'}, {'category': 'Plus'}, {'category': 'Premium'}, {'category': 'Diesel'}, {'category': 'Super'}, {'category': 'xEthanol'}]",28.26686,-80.736505,True,True,True,True,False,True,False,False,False,False
964,6,24.47,5605 wickham rd,24hours,00:00:00,00:00:00,5190,False,"{'address': '5605 wickham rd', 'city': 'palm shores', 'state': 'FL', 'zip': '32940'}","{'food': True, 'fuel': True, 'restrooms': True, 'diesel': True, 'ethanolFreeGas': True, 'open24Hours': True, 'teslaChargingStation': False, 'propane': True, 'chademoChargingStation': False, 'ccsChargingStation': False}",True,True,"[{'category': 'Unleaded'}, {'category': 'Plus'}, {'category': 'Premium'}, {'category': 'Diesel'}, {'category': 'Super'}, {'category': 'xEthanol'}]",28.200933,-80.671985,True,True,True,True,False,True,False,True,False,False
965,19,29.26,4429 w. eau gallie blvd,24hours,00:00:00,00:00:00,5283,False,"{'address': '4429 w. eau gallie blvd', 'city': 'melbourne', 'state': 'FL', 'zip': '32934'}","{'food': True, 'fuel': True, 'restrooms': True, 'diesel': True, 'ethanolFreeGas': True, 'open24Hours': True, 'teslaChargingStation': True, 'propane': True, 'chademoChargingStation': False, 'ccsChargingStation': False}",True,True,"[{'category': 'Unleaded'}, {'category': 'Plus'}, {'category': 'Premium'}, {'category': 'Diesel'}, {'category': 'Super'}, {'category': 'xEthanol'}]",28.12066,-80.700286,True,True,True,True,False,True,True,True,False,False
966,28,32.49,3175 w. new haven ave,24hours,00:00:00,00:00:00,5192,False,"{'address': '3175 w. new haven ave', 'city': 'west melbourne', 'state': 'FL', 'zip': '32904'}","{'food': True, 'fuel': True, 'restrooms': True, 'diesel': True, 'ethanolFreeGas': True, 'open24Hours': True, 'teslaChargingStation': False, 'propane': True, 'chademoChargingStation': False, 'ccsChargingStation': False}",True,True,"[{'category': 'Unleaded'}, {'category': 'Plus'}, {'category': 'Premium'}, {'category': 'Diesel'}, {'category': 'Super'}, {'category': 'xEthanol'}]",28.078498,-80.673857,True,False,False,False,,True,False,False,False,False
967,31,33.34,1125 e irlo bronson memorial h,24hours,00:00:00,00:00:00,5123,False,"{'address': '1125 e irlo bronson memorial h', 'city': 'saint cloud', 'state': 'FL', 'zip': '34769-4744'}","{'food': True, 'fuel': True, 'restrooms': True, 'diesel': True, 'ethanolFreeGas': True, 'open24Hours': True, 'teslaChargingStation': False, 'propane': True, 'chademoChargingStation': False, 'ccsChargingStation': False}",True,True,"[{'category': 'Unleaded'}, {'category': 'Plus'}, {'category': 'Premium'}, {'category': 'Diesel'}, {'category': 'Super'}, {'category': 'xEthanol'}]",28.24658,-81.25647,True,True,True,True,False,True,True,True,False,False
968,33,33.72,1105 palmetto ave,24hours,00:00:00,00:00:00,5316,False,"{'address': '1105 palmetto ave', 'city': 'melbourne', 'state': 'FL', 'zip': '32901'}","{'food': True, 'fuel': True, 'restrooms': True, 'diesel': True, 'ethanolFreeGas': True, 'open24Hours': True, 'teslaChargingStation': False, 'propane': True, 'chademoChargingStation': False, 'ccsChargingStation': False}",True,True,"[{'category': 'Unleaded'}, {'category': 'Plus'}, {'category': 'Premium'}, {'category': 'Diesel'}, {'category': 'Super'}, {'category': 'xEthanol'}]",28.080789,-80.603308,True,True,False,True,False,True,False,True,False,False
969,42,35.78,895 palm bay road,24hours,00:00:00,00:00:00,5318,False,"{'address': '895 palm bay road', 'city': 'west melbourne', 'state': 'FL', 'zip': '32904'}","{'food': True, 'fuel': True, 'restrooms': True, 'diesel': True, 'ethanolFreeGas': True, 'open24Hours': True, 'teslaChargingStation': False, 'propane': True, 'chademoChargingStation': False, 'ccsChargingStation': False}",True,True,"[{'category': 'Unleaded'}, {'category': 'Plus'}, {'category': 'Premium'}, {'category': 'Diesel'}, {'category': 'Super'}, {'category': 'xEthanol'}]",28.035986,-80.645968,True,True,False,True,False,True,False,False,False,False
970,49,37.03,2184 e irlo bronson memorial h,24hours,00:00:00,00:00:00,5102,False,"{'address': '2184 e irlo bronson memorial h', 'city': 'kissimmee', 'state': 'FL', 'zip': '34744-4415'}","{'food': True, 'fuel': True, 'restrooms': True, 'diesel': True, 'ethanolFreeGas': True, 'open24Hours': True, 'teslaChargingStation': False, 'propane': True, 'chademoChargingStation': False, 'ccsChargingStation': False}",True,True,"[{'category': 'Unleaded'}, {'category': 'Plus'}, {'category': 'Premium'}, {'category': 'Diesel'}, {'category': 'AVG'}, {'category': 'Super'}, {'category': 'xEthanol'}]",28.285959,-81.355723,True,True,True,True,False,True,True,False,False,False
971,12,10.97,1095 cypress pkwy,24hours,00:00:00,00:00:00,5293,False,"{'address': '1095 cypress pkwy', 'city': 'kissimmee', 'state': 'FL', 'zip': '34759'}","{'food': True, 'fuel': True, 'restrooms': True, 'diesel': True, 'ethanolFreeGas': True, 'open24Hours': True, 'teslaChargingStation': False, 'propane': True, 'chademoChargingStation': False, 'ccsChargingStation': False}",True,True,"[{'category': 'Unleaded'}, {'category': 'Plus'}, {'category': 'Premium'}, {'category': 'Diesel'}, {'category': 'Super'}, {'category': 'xEthanol'}]",28.14751,-81.44379,True,True,True,True,False,True,True,True,False,False
972,13,17.05,23623 us hwy 27,24hours,00:00:00,00:00:00,5277,False,"{'address': '23623 us hwy 27', 'city': 'lake wales', 'state': 'FL', 'zip': '33859'}","{'food': True, 'fuel': True, 'restrooms': True, 'diesel': True, 'ethanolFreeGas': True, 'open24Hours': True, 'teslaChargingStation': False, 'propane': True, 'chademoChargingStation': False, 'ccsChargingStation': False}",True,True,"[{'category': 'Unleaded'}, {'category': 'Plus'}, {'category': 'Premium'}, {'category': 'Diesel'}, {'category': 'Super'}, {'category': 'xEthanol'}]",27.956546,-81.620925,True,True,True,True,False,True,False,True,False,False
973,20,19.96,1490 3rd st sw,24hours,00:00:00,00:00:00,5126,False,"{'address': '1490 3rd st sw', 'city': 'winter haven', 'state': 'FL', 'zip': '33880-3915'}","{'food': True, 'fuel': True, 'restrooms': True, 'diesel': True, 'ethanolFreeGas': True, 'open24Hours': True, 'teslaChargingStation': True, 'propane': True, 'chademoChargingStation': False, 'ccsChargingStation': False}",True,True,"[{'category': 'Unleaded'}, {'category': 'Plus'}, {'category': 'Premium'}, {'category': 'Diesel'}, {'category': 'Super'}, {'category': 'xEthanol'}]",28.00787,-81.73045,True,True,True,True,False,True,False,False,False,False
974,24,21.42,334 havendale blvd,24hours,00:00:00,00:00:00,5137,False,"{'address': '334 havendale blvd', 'city': 'auburndale', 'state': 'FL', 'zip': '33823'}","{'food': True, 'fuel': True, 'restrooms': True, 'diesel': True, 'ethanolFreeGas': True, 'open24Hours': True, 'teslaChargingStation': False, 'propane': True, 'chademoChargingStation': False, 'ccsChargingStation': False}",True,True,"[{'category': 'Unleaded'}, {'category': 'Plus'}, {'category': 'Premium'}, {'category': 'Diesel'}, {'category': 'Super'}, {'category': 'xEthanol'}]",28.0545444,-81.7789764,True,True,True,True,False,True,False,True,False,False
975,45,30.11,3105 us highway 98 south,24hours,00:00:00,00:00:00,5253,False,"{'address': '3105 us highway 98 south', 'city': 'lakeland', 'state': 'FL', 'zip': '33803'}","{'food': True, 'fuel': True, 'restrooms': True, 'diesel': True, 'ethanolFreeGas': True, 'open24Hours': True, 'teslaChargingStation': False, 'propane': True, 'chademoChargingStation': False, 'ccsChargingStation': False}",True,True,"[{'category': 'Unleaded'}, {'category': 'Plus'}, {'category': 'Premium'}, {'category': 'Diesel'}, {'category': 'Super'}, {'category': 'xEthanol'}]",28.012655,-81.91349,True,True,True,True,False,True,False,True,False,False
976,1,4.41,5410 s. florida ave,24hours,00:00:00,00:00:00,5342,False,"{'address': '5410 s. florida ave', 'city': 'lakeland', 'state': 'FL', 'zip': '33813'}","{'food': True, 'fuel': True, 'restrooms': True, 'diesel': True, 'ethanolFreeGas': True, 'open24Hours': True, 'teslaChargingStation': False, 'propane': True, 'chademoChargingStation': False, 'ccsChargingStation': False}",True,True,"[{'category': 'Unleaded'}, {'category': 'Plus'}, {'category': 'Premium'}, {'category': 'Diesel'}, {'category': 'Super'}, {'category': 'xEthanol'}]",27.967379,-81.964332,True,True,True,True,False,True,False,True,False,False
977,8,21.84,2224 bloomingdale ave,24hours,00:00:00,00:00:00,5151,False,"{'address': '2224 bloomingdale ave', 'city': 'valrico', 'state': 'FL', 'zip': '33594-6212'}","{'food': True, 'fuel': True, 'restrooms': True, 'diesel': True, 'ethanolFreeGas': True, 'open24Hours': True, 'teslaChargingStation': False, 'propane': True, 'chademoChargingStation': False, 'ccsChargingStation': False}",True,True,"[{'category': 'Unleaded'}, {'category': 'Plus'}, {'category': 'Premium'}, {'category': 'Diesel'}, {'category': 'Super'}, {'category': 'xEthanol'}]",27.8938175,-82.2451643,True,False,False,False,,True,False,False,False,False
978,12,24.4,13323 boyette road,24hours,00:00:00,00:00:00,5286,False,"{'address': '13323 boyette road', 'city': 'riverview', 'state': 'FL', 'zip': '33569'}","{'food': True, 'fuel': True, 'restrooms': True, 'diesel': True, 'ethanolFreeGas': True, 'open24Hours': True, 'teslaChargingStation': False, 'propane': True, 'chademoChargingStation': False, 'ccsChargingStation': False}",True,True,"[{'category': 'Unleaded'}, {'category': 'Plus'}, {'category': 'Premium'}, {'category': 'Diesel'}, {'category': 'Super'}, {'category': 'xEthanol'}]",27.8529,-82.2699,True,True,True,True,False,True,True,True,False,False
979,18,27.46,9615 s us highway 301,24hours,00:00:00,00:00:00,5167,False,"{'address': '9615 s us highway 301', 'city': 'riverview', 'state': 'FL', 'zip': '33578'}","{'food': True, 'fuel': True, 'restrooms': True, 'diesel': True, 'ethanolFreeGas': True, 'open24Hours': True, 'teslaChargingStation': True, 'propane': True, 'chademoChargingStation': False, 'ccsChargingStation': False}",True,True,"[{'category': 'Unleaded'}, {'category': 'Plus'}, {'category': 'Premium'}, {'category': 'Diesel'}, {'category': 'Super'}, {'category': 'xEthanol'}]",27.8584322,-82.3280642,True,True,True,True,False,True,True,False,False,False
980,23,29.67,13026 s us highway 301,24hours,00:00:00,00:00:00,5175,False,"{'address': '13026 s us highway 301', 'city': 'riverview', 'state': 'FL', 'zip': '33578'}","{'food': True, 'fuel': True, 'restrooms': True, 'diesel': True, 'ethanolFreeGas': True, 'open24Hours': True, 'teslaChargingStation': False, 'propane': True, 'chademoChargingStation': False, 'ccsChargingStation': False}",True,True,"[{'category': 'Unleaded'}, {'category': 'Plus'}, {'category': 'Premium'}, {'category': 'Diesel'}, {'category': 'Super'}, {'category': 'xEthanol'}]",27.79701,-82.33374,True,True,True,True,False,True,False,False,False,False
981,33,33.05,16620 s. us 301,24hours,00:00:00,00:00:00,5198,False,"{'address': '16620 s. us 301', 'city': 'wimauma', 'state': 'FL', 'zip': '33598'}","{'food': True, 'fuel': True, 'restrooms': True, 'diesel': True, 'ethanolFreeGas': True, 'open24Hours': True, 'teslaChargingStation': False, 'propane': True, 'chademoChargingStation': False, 'ccsChargingStation': False}",True,True,"[{'category': 'Unleaded'}, {'category': 'Plus'}, {'category': 'Premium'}, {'category': 'Diesel'}, {'category': 'Super'}, {'category': 'xEthanol'}]",27.711878,-82.334282,True,True,False,True,False,True,False,True,False,False
982,10,16.78,10807 sr 64 east,24hours,00:00:00,00:00:00,5258,False,"{'address': '10807 sr 64 east', 'city': 'bradenton', 'state': 'FL', 'zip': '34211'}","{'food': True, 'fuel': True, 'restrooms': True, 'diesel': True, 'ethanolFreeGas': True, 'open24Hours': True, 'teslaChargingStation': False, 'propane': True, 'chademoChargingStation': False, 'ccsChargingStation': False}",True,True,"[{'category': 'Unleaded'}, {'category': 'Plus'}, {'category': 'Premium'}, {'category': 'Diesel'}, {'category': 'Super'}, {'category': 'xEthanol'}]",27.485912,-82.434647,True,True,True,True,False,True,False,True,False,False
983,12,18.17,4455 sr 64 east,24hours,00:00:00,00:00:00,5178,False,"{'address': '4455 sr 64 east', 'city': 'bradenton', 'state': 'FL', 'zip': '34208'}","{'food': True, 'fuel': True, 'restrooms': True, 'diesel': True, 'ethanolFreeGas': True, 'open24Hours': True, 'teslaChargingStation': False, 'propane': True, 'chademoChargingStation': False, 'ccsChargingStation': False}",True,True,"[{'category': 'Unleaded'}, {'category': 'Plus'}, {'category': 'Premium'}, {'category': 'Diesel'}, {'category': 'Super'}, {'category': 'xEthanol'}]",27.4989,-82.5084,True,True,True,True,False,True,True,True,False,False
984,16,19.72,14510 state rd sr 70 east,24hours,00:00:00,00:00:00,5185,False,"{'address': '14510 state rd sr 70 east', 'city': 'bradenton', 'state': 'FL', 'zip': '34202'}","{'food': True, 'fuel': True, 'restrooms': True, 'diesel': True, 'ethanolFreeGas': True, 'open24Hours': True, 'teslaChargingStation': False, 'propane': True, 'chademoChargingStation': False, 'ccsChargingStation': False}",True,True,"[{'category': 'Unleaded'}, {'category': 'Plus'}, {'category': 'Premium'}, {'category': 'Diesel'}, {'category': 'Super'}, {'category': 'xEthanol'}]",27.43154,-82.3951,True,True,True,True,False,True,False,True,True,True
985,18,20.56,701 1st street e,24hours,00:00:00,00:00:00,5165,False,"{'address': '701 1st street e', 'city': 'bradenton', 'state': 'FL', 'zip': '34205'}","{'food': True, 'fuel': True, 'restrooms': True, 'diesel': True, 'ethanolFreeGas': True, 'open24Hours': True, 'teslaChargingStation': False, 'propane': True, 'chademoChargingStation': False, 'ccsChargingStation': False}",True,True,"[{'category': 'Unleaded'}, {'category': 'Plus'}, {'category': 'Premium'}, {'category': 'Diesel'}, {'category': 'Super'}, {'category': 'xEthanol'}]",27.49343,-82.56234,True,True,True,True,False,True,True,False,False,False
986,19,20.91,8601 4th street n,24hours,00:00:00,00:00:00,5252,False,"{'address': '8601 4th street n', 'city': 'saint petersburg', 'state': 'FL', 'zip': '33701'}","{'food': True, 'fuel': True, 'restrooms': True, 'diesel': True, 'ethanolFreeGas': True, 'open24Hours': True, 'teslaChargingStation': False, 'propane': True, 'chademoChargingStation': False, 'ccsChargingStation': False}",True,True,"[{'category': 'Unleaded'}, {'category': 'Plus'}, {'category': 'Premium'}, {'category': 'Diesel'}, {'category': 'Super'}, {'category': 'xEthanol'}]",27.850805,-82.638162,True,True,True,True,False,True,True,True,False,False
987,20,21.08,2465 22 avenue,24hours,00:00:00,00:00:00,5159,False,"{'address': '2465 22 avenue', 'city': 'saint petersburg', 'state': 'FL', 'zip': '33713-3054'}","{'food': True, 'fuel': True, 'restrooms': True, 'diesel': True, 'ethanolFreeGas': True, 'open24Hours': True, 'teslaChargingStation': False, 'propane': True, 'chademoChargingStation': False, 'ccsChargingStation': False}",True,True,"[{'category': 'Unleaded'}, {'category': 'Plus'}, {'category': 'Premium'}, {'category': 'Diesel'}, {'category': 'Super'}, {'category': 'xEthanol'}]",27.79259466,-82.66674492,True,True,True,True,False,True,False,False,False,False
988,21,21.17,3637 34th street south,24hours,00:00:00,00:00:00,5306,False,"{'address': '3637 34th street south', 'city': 'saint petersburg', 'state': 'FL', 'zip': '33711'}","{'food': True, 'fuel': True, 'restrooms': True, 'diesel': True, 'ethanolFreeGas': True, 'open24Hours': True, 'teslaChargingStation': True, 'propane': True, 'chademoChargingStation': False, 'ccsChargingStation': False}",True,True,"[{'category': 'Unleaded'}, {'category': 'Plus'}, {'category': 'Premium'}, {'category': 'Diesel'}, {'category': 'Super'}, {'category': 'xEthanol'}]",27.73386,-82.67948,True,True,True,True,False,True,False,True,False,False
989,22,21.17,4506 53rd ave,24hours,00:00:00,00:00:00,5203,False,"{'address': '4506 53rd ave', 'city': 'bradenton', 'state': 'FL', 'zip': '34203'}","{'food': True, 'fuel': True, 'restrooms': True, 'diesel': True, 'ethanolFreeGas': True, 'open24Hours': True, 'teslaChargingStation': False, 'propane': True, 'chademoChargingStation': True, 'ccsChargingStation': True}",True,True,"[{'category': 'Unleaded'}, {'category': 'Plus'}, {'category': 'Premium'}, {'category': 'Diesel'}, {'category': 'Super'}, {'category': 'xEthanol'}]",27.445373,-82.504835,True,True,True,True,False,True,False,False,False,False
990,24,22.16,3650 34 street n,24hours,00:00:00,00:00:00,5148,False,"{'address': '3650 34 street n', 'city': 'saint petersburg', 'state': 'FL', 'zip': '33713-1521'}","{'food': True, 'fuel': True, 'restrooms': True, 'diesel': True, 'ethanolFreeGas': True, 'open24Hours': True, 'teslaChargingStation': False, 'propane': True, 'chademoChargingStation': False, 'ccsChargingStation': False}",True,True,"[{'category': 'Unleaded'}, {'category': 'Plus'}, {'category': 'Premium'}, {'category': 'Diesel'}, {'category': 'Super'}, {'category': 'xEthanol'}]",27.8054802,-82.6809992,True,True,True,True,False,True,False,True,False,False
991,26,22.63,6200 n 34 st,24hours,00:00:00,00:00:00,5125,False,"{'address': '6200 n 34 st', 'city': 'pinellas park', 'state': 'FL', 'zip': '33781-6231'}","{'food': True, 'fuel': True, 'restrooms': True, 'diesel': True, 'ethanolFreeGas': True, 'open24Hours': True, 'teslaChargingStation': False, 'propane': False, 'chademoChargingStation': False, 'ccsChargingStation': False}",True,True,"[{'category': 'Unleaded'}, {'category': 'Plus'}, {'category': 'Premium'}, {'category': 'Diesel'}, {'category': 'Super'}, {'category': 'xEthanol'}]",27.828569,-82.680166,True,False,False,False,,True,False,False,False,False
992,28,22.94,3101 gandy blvd,24hours,00:00:00,00:00:00,5110,False,"{'address': '3101 gandy blvd', 'city': 'pinellas park', 'state': 'FL', 'zip': '33782-6140'}","{'food': True, 'fuel': True, 'restrooms': True, 'diesel': True, 'ethanolFreeGas': True, 'open24Hours': True, 'teslaChargingStation': True, 'propane': True, 'chademoChargingStation': False, 'ccsChargingStation': False}",True,True,"[{'category': 'Unleaded'}, {'category': 'Plus'}, {'category': 'Premium'}, {'category': 'Diesel'}, {'category': 'Super'}, {'category': 'xEthanol'}]",27.845816,-82.677669,True,False,False,False,,True,False,False,False,False
993,29,23.15,2509 w. cortez road,24hours,00:00:00,00:00:00,5271,False,"{'address': '2509 w. cortez road', 'city': 'bradenton', 'state': 'FL', 'zip': '34207'}","{'food': True, 'fuel': True, 'restrooms': True, 'diesel': True, 'ethanolFreeGas': True, 'open24Hours': True, 'teslaChargingStation': False, 'propane': True, 'chademoChargingStation': False, 'ccsChargingStation': False}",True,True,"[{'category': 'Unleaded'}, {'category': 'Plus'}, {'category': 'Premium'}, {'category': 'Diesel'}, {'category': 'Super'}, {'category': 'xEthanol'}]",27.46216,-82.586293,True,True,True,True,False,True,False,True,False,False
994,30,23.51,5306 14 street,24hours,00:00:00,00:00:00,5177,False,"{'address': '5306 14 street', 'city': 'bradenton', 'state': 'FL', 'zip': '34207'}","{'food': True, 'fuel': True, 'restrooms': True, 'diesel': True, 'ethanolFreeGas': True, 'open24Hours': True, 'teslaChargingStation': False, 'propane': True, 'chademoChargingStation': False, 'ccsChargingStation': False}",True,True,"[{'category': 'Unleaded'}, {'category': 'Plus'}, {'category': 'Premium'}, {'category': 'Diesel'}, {'category': 'Super'}, {'category': 'xEthanol'}]",27.44733,-82.5757,True,True,True,True,False,False,False,True,False,False
995,31,23.75,7481 manatee ave,24hours,00:00:00,00:00:00,5346,False,"{'address': '7481 manatee ave', 'city': 'bradenton', 'state': 'FL', 'zip': '34209'}","{'food': True, 'fuel': True, 'restrooms': True, 'diesel': True, 'ethanolFreeGas': True, 'open24Hours': True, 'teslaChargingStation': False, 'propane': True, 'chademoChargingStation': False, 'ccsChargingStation': False}",True,True,"[{'category': 'Unleaded'}, {'category': 'Plus'}, {'category': 'Premium'}, {'category': 'Diesel'}, {'category': 'Super'}, {'category': 'xEthanol'}]",27.495514,-82.635594,True,True,True,True,False,True,True,True,False,False
996,32,23.79,5901 9th ave n.,24hours,00:00:00,00:00:00,5241,False,"{'address': '5901 9th ave n.', 'city': 'saint petersburg', 'state': 'FL', 'zip': '33710'}","{'food': True, 'fuel': True, 'restrooms': True, 'diesel': True, 'ethanolFreeGas': True, 'open24Hours': True, 'teslaChargingStation': False, 'propane': True, 'chademoChargingStation': False, 'ccsChargingStation': False}",True,True,"[{'category': 'Unleaded'}, {'category': 'Plus'}, {'category': 'Premium'}, {'category': 'Diesel'}, {'category': 'Super'}, {'category': 'xEthanol'}]",27.781168,-82.715325,True,True,True,True,False,True,False,True,False,False
997,33,23.81,5208 university pkwy,24hours,00:00:00,00:00:00,5224,False,"{'address': '5208 university pkwy', 'city': 'sarasota', 'state': 'FL', 'zip': '34234'}","{'food': True, 'fuel': True, 'restrooms': True, 'diesel': True, 'ethanolFreeGas': True, 'open24Hours': True, 'teslaChargingStation': False, 'propane': True, 'chademoChargingStation': False, 'ccsChargingStation': False}",True,True,"[{'category': 'Unleaded'}, {'category': 'Plus'}, {'category': 'Premium'}, {'category': 'Diesel'}, {'category': 'Super'}, {'category': 'xEthanol'}]",27.387494,-82.465487,True,True,False,True,False,True,False,True,False,False
998,38,24.66,7707 24th court e,24hours,00:00:00,00:00:00,5413,False,"{'address': '7707 24th court e', 'city': 'sarasota', 'state': 'FL', 'zip': '34243'}","{'food': True, 'fuel': True, 'restrooms': True, 'diesel': True, 'ethanolFreeGas': True, 'open24Hours': True, 'teslaChargingStation': False, 'propane': False, 'chademoChargingStation': False, 'ccsChargingStation': False}",True,True,"[{'category': 'Unleaded'}, {'category': 'Plus'}, {'category': 'Premium'}, {'category': 'Diesel'}, {'category': 'Super'}, {'category': 'xEthanol'}]",27.4031765,-82.5364265,True,True,True,True,False,True,True,True,False,False
999,40,25.26,5390 66th st n,24hours,00:00:00,00:00:00,5374,False,"{'address': '5390 66th st n', 'city': 'saint petersburg', 'state': 'FL', 'zip': '33709'}","{'food': True, 'fuel': True, 'restrooms': True, 'diesel': True, 'ethanolFreeGas': True, 'open24Hours': True, 'teslaChargingStation': False, 'propane': False, 'chademoChargingStation': False, 'ccsChargingStation': False}",True,True,"[{'category': 'Unleaded'}, {'category': 'Plus'}, {'category': 'Premium'}, {'category': 'Diesel'}, {'category': 'Super'}, {'category': 'xEthanol'}]",27.82089,-82.72867,True,False,True,False,,True,False,False,False,False
1000,42,26.69,3703 n washington blvd,24hours,00:00:00,00:00:00,5217,False,"{'address': '3703 n washington blvd', 'city': 'sarasota', 'state': 'FL', 'zip': '34234'}","{'food': True, 'fuel': True, 'restrooms': True, 'diesel': True, 'ethanolFreeGas': True, 'open24Hours': True, 'teslaChargingStation': False, 'propane': True, 'chademoChargingStation': False, 'ccsChargingStation': False}",True,True,"[{'category': 'Unleaded'}, {'category': 'Plus'}, {'category': 'Premium'}, {'category': 'Diesel'}, {'category': 'Super'}, {'category': 'xEthanol'}]",27.367147,-82.53084,True,True,False,True,False,True,False,False,False,False
1001,44,27.54,8800 park blvd,24hours,00:00:00,00:00:00,5215,False,"{'address': '8800 park blvd', 'city': 'seminole', 'state': 'FL', 'zip': '33777'}","{'food': True, 'fuel': True, 'restrooms': True, 'diesel': True, 'ethanolFreeGas': True, 'open24Hours': True, 'teslaChargingStation': False, 'propane': True, 'chademoChargingStation': False, 'ccsChargingStation': False}",True,True,"[{'category': 'Unleaded'}, {'category': 'Plus'}, {'category': 'Premium'}, {'category': 'Diesel'}, {'category': 'Super'}, {'category': 'xEthanol'}]",27.83906,-82.76117,True,True,True,True,False,True,False,True,False,False
1002,45,27.63,9501 bay pines blvd,24hours,00:00:00,00:00:00,5129,False,"{'address': '9501 bay pines blvd', 'city': 'saint petersburg', 'state': 'FL', 'zip': '33708-3784'}","{'food': True, 'fuel': True, 'restrooms': True, 'diesel': True, 'ethanolFreeGas': True, 'open24Hours': True, 'teslaChargingStation': False, 'propane': True, 'chademoChargingStation': False, 'ccsChargingStation': False}",True,True,"[{'category': 'Unleaded'}, {'category': 'Plus'}, {'category': 'Premium'}, {'category': 'Diesel'}, {'category': 'Super'}, {'category': 'xEthanol'}]",27.8146472,-82.7710762,True,True,True,True,False,True,False,True,False,False
1003,48,28.35,2257 fruitville road,24hours,00:00:00,00:00:00,5312,False,"{'address': '2257 fruitville road', 'city': 'sarasota', 'state': 'FL', 'zip': '34237'}","{'food': True, 'fuel': True, 'restrooms': True, 'diesel': True, 'ethanolFreeGas': True, 'open24Hours': True, 'teslaChargingStation': False, 'propane': True, 'chademoChargingStation': False, 'ccsChargingStation': False}",True,True,"[{'category': 'Unleaded'}, {'category': 'Plus'}, {'category': 'Premium'}, {'category': 'Diesel'}, {'category': 'Super'}, {'category': 'xEthanol'}]",27.338108,-82.525161,True,True,True,True,False,False,False,False,False,False
1004,4,6.08,5321 clark road,24hours,00:00:00,00:00:00,5304,False,"{'address': '5321 clark road', 'city': 'sarasota', 'state': 'FL', 'zip': '34233'}","{'food': True, 'fuel': True, 'restrooms': True, 'diesel': True, 'ethanolFreeGas': True, 'open24Hours': True, 'teslaChargingStation': True, 'propane': True, 'chademoChargingStation': False, 'ccsChargingStation': False}",True,True,"[{'category': 'Unleaded'}, {'category': 'Plus'}, {'category': 'Premium'}, {'category': 'Diesel'}, {'category': 'Super'}, {'category': 'xEthanol'}]",27.269679,-82.462815,True,True,True,True,False,True,True,False,False,False
1005,13,15.38,100 s. tamiami trail,24hours,00:00:00,00:00:00,5281,False,"{'address': '100 s. tamiami trail', 'city': 'nokomis', 'state': 'FL', 'zip': '34275'}","{'food': True, 'fuel': True, 'restrooms': True, 'diesel': True, 'ethanolFreeGas': True, 'open24Hours': True, 'teslaChargingStation': False, 'propane': True, 'chademoChargingStation': False, 'ccsChargingStation': False}",True,True,"[{'category': 'Unleaded'}, {'category': 'Plus'}, {'category': 'Premium'}, {'category': 'Diesel'}, {'category': 'Super'}, {'category': 'xEthanol'}]",27.124733,-82.453696,True,True,True,True,False,True,False,True,False,False
1006,14,18.28,19289 times circle,24hours,00:00:00,00:00:00,5225,False,"{'address': '19289 times circle', 'city': 'venice', 'state': 'FL', 'zip': '34292'}","{'food': True, 'fuel': True, 'restrooms': True, 'diesel': True, 'ethanolFreeGas': True, 'open24Hours': True, 'teslaChargingStation': False, 'propane': True, 'chademoChargingStation': False, 'ccsChargingStation': False}",True,True,"[{'category': 'Unleaded'}, {'category': 'Plus'}, {'category': 'Premium'}, {'category': 'Diesel'}, {'category': 'Super'}, {'category': 'xEthanol'}]",27.105301,-82.383646,True,True,True,True,False,True,False,False,False,False
1007,15,21.28,2344 south tamiami trail,24hours,00:00:00,00:00:00,5216,False,"{'address': '2344 south tamiami trail', 'city': 'venice', 'state': 'FL', 'zip': '34293'}","{'food': True, 'fuel': True, 'restrooms': True, 'diesel': True, 'ethanolFreeGas': True, 'open24Hours': True, 'teslaChargingStation': False, 'propane': True, 'chademoChargingStation': False, 'ccsChargingStation': False}",True,True,"[{'category': 'Unleaded'}, {'category': 'Plus'}, {'category': 'Premium'}, {'category': 'Diesel'}, {'category': 'Super'}, {'category': 'xEthanol'}]",27.049227,-82.405057,True,True,True,True,False,True,False,True,False,False
1008,17,28.92,14560 chancellor blvd,24hours,00:00:00,00:00:00,5345,False,"{'address': '14560 chancellor blvd', 'city': 'port charlotte', 'state': 'FL', 'zip': '33953'}","{'food': True, 'fuel': True, 'restrooms': True, 'diesel': True, 'ethanolFreeGas': True, 'open24Hours': True, 'teslaChargingStation': False, 'propane': False, 'chademoChargingStation': False, 'ccsChargingStation': False}",True,True,"[{'category': 'Unleaded'}, {'category': 'Plus'}, {'category': 'Premium'}, {'category': 'Diesel'}, {'category': 'Super'}, {'category': 'xEthanol'}]",27.03197,-82.2042,True,False,False,False,,True,False,False,False,False
1009,19,29.44,1055 sun market place,24hours,00:00:00,00:00:00,5295,False,"{'address': '1055 sun market place', 'city': 'north port', 'state': 'FL', 'zip': '34288'}","{'food': True, 'fuel': True, 'restrooms': True, 'diesel': True, 'ethanolFreeGas': True, 'open24Hours': True, 'teslaChargingStation': False, 'propane': False, 'chademoChargingStation': False, 'ccsChargingStation': False}",True,True,"[{'category': 'Unleaded'}, {'category': 'Plus'}, {'category': 'Premium'}, {'category': 'Diesel'}, {'category': 'Super'}, {'category': 'xEthanol'}]",27.067209,-82.155461,True,True,True,True,False,True,True,True,False,False
1010,24,34.6,2525 tamiami trail,24hours,00:00:00,00:00:00,5255,False,"{'address': '2525 tamiami trail', 'city': 'port charlotte', 'state': 'FL', 'zip': '33952'}","{'food': True, 'fuel': True, 'restrooms': True, 'diesel': True, 'ethanolFreeGas': True, 'open24Hours': True, 'teslaChargingStation': False, 'propane': True, 'chademoChargingStation': False, 'ccsChargingStation': False}",True,True,"[{'category': 'Unleaded'}, {'category': 'Plus'}, {'category': 'Premium'}, {'category': 'Diesel'}, {'category': 'Super'}, {'category': 'xEthanol'}]",26.993761,-82.116499,True,True,True,True,False,True,False,True,False,False
1011,35,41.07,8910 ulmerton rd,24hours,00:00:00,00:00:00,5141,False,"{'address': '8910 ulmerton rd', 'city': 'largo', 'state': 'FL', 'zip': '33771-3839'}","{'food': True, 'fuel': True, 'restrooms': True, 'diesel': True, 'ethanolFreeGas': True, 'open24Hours': True, 'teslaChargingStation': False, 'propane': True, 'chademoChargingStation': False, 'ccsChargingStation': False}",True,True,"[{'category': 'Unleaded'}, {'category': 'Plus'}, {'category': 'Premium'}, {'category': 'Diesel'}, {'category': 'Super'}, {'category': 'xEthanol'}]",27.8936662,-82.7635972,True,False,True,False,,True,False,False,False,False
1012,36,41.43,12750 walsingham rd,24hours,00:00:00,00:00:00,5147,False,"{'address': '12750 walsingham rd', 'city': 'largo', 'state': 'FL', 'zip': '33774'}","{'food': True, 'fuel': True, 'restrooms': True, 'diesel': True, 'ethanolFreeGas': True, 'open24Hours': True, 'teslaChargingStation': False, 'propane': True, 'chademoChargingStation': False, 'ccsChargingStation': False}",False,True,"[{'category': 'Unleaded'}, {'category': 'Plus'}, {'category': 'Premium'}, {'category': 'Diesel'}, {'category': 'Super'}, {'category': 'xEthanol'}]",27.87988,-82.8153,True,True,True,True,False,True,True,True,False,False
1013,42,42.83,1509 e oak street,24hours,00:00:00,00:00:00,5375,False,"{'address': '1509 e oak street', 'city': 'arcadia', 'state': 'FL', 'zip': '34266'}","{'food': True, 'fuel': True, 'restrooms': True, 'diesel': True, 'ethanolFreeGas': True, 'open24Hours': True, 'teslaChargingStation': False, 'propane': False, 'chademoChargingStation': False, 'ccsChargingStation': False}",True,True,"[{'category': 'Unleaded'}, {'category': 'Plus'}, {'category': 'Premium'}, {'category': 'Diesel'}, {'category': 'Super'}, {'category': 'xEthanol'}]",27.20966,-81.84283,True,True,False,True,False,True,False,False,False,False
1014,45,44.0,26415 indian trail drive,24hours,00:00:00,00:00:00,5343,False,"{'address': '26415 indian trail drive', 'city': 'punta gorda', 'state': 'FL', 'zip': '33950'}","{'food': True, 'fuel': True, 'restrooms': True, 'diesel': True, 'ethanolFreeGas': True, 'open24Hours': True, 'teslaChargingStation': True, 'propane': True, 'chademoChargingStation': True, 'ccsChargingStation': True}",True,True,"[{'category': 'Unleaded'}, {'category': 'Plus'}, {'category': 'Premium'}, {'category': 'Diesel'}, {'category': 'Super'}, {'category': 'xEthanol'}]",26.89513,-82.01126,True,True,True,True,False,True,False,True,False,False
1015,4,16.35,761 del prado blvd north,24hours,00:00:00,00:00:00,5170,False,"{'address': '761 del prado blvd north', 'city': 'cape coral', 'state': 'FL', 'zip': '33909-1730'}","{'food': True, 'fuel': True, 'restrooms': True, 'diesel': True, 'ethanolFreeGas': True, 'open24Hours': True, 'teslaChargingStation': False, 'propane': True, 'chademoChargingStation': False, 'ccsChargingStation': False}",True,True,"[{'category': 'Unleaded'}, {'category': 'Plus'}, {'category': 'Premium'}, {'category': 'Diesel'}, {'category': 'Super'}, {'category': 'xEthanol'}]",26.667134,-81.940488,True,True,True,True,False,True,True,False,False,False
1016,5,20.27,2603 santa barbara blvd,24hours,00:00:00,00:00:00,5356,False,"{'address': '2603 santa barbara blvd', 'city': 'cape coral', 'state': 'FL', 'zip': '33914'}","{'food': True, 'fuel': True, 'restrooms': True, 'diesel': True, 'ethanolFreeGas': True, 'open24Hours': True, 'teslaChargingStation': False, 'propane': True, 'chademoChargingStation': False, 'ccsChargingStation': False}",True,True,"[{'category': 'Unleaded'}, {'category': 'Plus'}, {'category': 'Premium'}, {'category': 'Diesel'}, {'category': 'Super'}, {'category': 'xEthanol'}]",26.603602,-81.973893,True,True,False,True,False,True,False,False,False,False
1017,6,22.53,2370 colonial blvd,24hours,00:00:00,00:00:00,5168,False,"{'address': '2370 colonial blvd', 'city': 'fort myers', 'state': 'FL', 'zip': '33907-1414'}","{'food': True, 'fuel': True, 'restrooms': True, 'diesel': True, 'ethanolFreeGas': True, 'open24Hours': True, 'teslaChargingStation': False, 'propane': True, 'chademoChargingStation': False, 'ccsChargingStation': False}",True,True,"[{'category': 'Unleaded'}, {'category': 'Plus'}, {'category': 'Premium'}, {'category': 'Diesel'}, {'category': 'Super'}, {'category': 'xEthanol'}]",26.5963402,-81.8648262,True,True,True,True,False,True,False,True,False,False
1018,8,24.29,11031 colonial blvd,24hours,00:00:00,00:00:00,5200,False,"{'address': '11031 colonial blvd', 'city': 'fort myers', 'state': 'FL', 'zip': '33905-5400'}","{'food': True, 'fuel': True, 'restrooms': True, 'diesel': True, 'ethanolFreeGas': True, 'open24Hours': True, 'teslaChargingStation': False, 'propane': True, 'chademoChargingStation': False, 'ccsChargingStation': False}",True,True,"[{'category': 'Unleaded'}, {'category': 'Plus'}, {'category': 'Premium'}, {'category': 'Diesel'}, {'category': 'Super'}, {'category': 'xEthanol'}]",26.617479,-81.769824,True,False,False,False,,True,False,False,False,False
1019,9,24.87,12701 s cleveland ave,24hours,00:00:00,00:00:00,5169,False,"{'address': '12701 s cleveland ave', 'city': 'fort myers', 'state': 'FL', 'zip': '33907-3807'}","{'food': True, 'fuel': True, 'restrooms': True, 'diesel': True, 'ethanolFreeGas': True, 'open24Hours': True, 'teslaChargingStation': False, 'propane': True, 'chademoChargingStation': False, 'ccsChargingStation': False}",True,True,"[{'category': 'Unleaded'}, {'category': 'Plus'}, {'category': 'Premium'}, {'category': 'Diesel'}, {'category': 'Super'}, {'category': 'xEthanol'}]",26.557572,-81.87119,True,False,False,False,,True,False,False,False,False
1020,12,30.59,16971 aaron warnek place,24hours,00:00:00,00:00:00,5237,False,"{'address': '16971 aaron warnek place', 'city': 'fort myers', 'state': 'FL', 'zip': '33912'}","{'food': True, 'fuel': True, 'restrooms': True, 'diesel': True, 'ethanolFreeGas': True, 'open24Hours': True, 'teslaChargingStation': False, 'propane': False, 'chademoChargingStation': False, 'ccsChargingStation': False}",True,True,"[{'category': 'Unleaded'}, {'category': 'Plus'}, {'category': 'Premium'}, {'category': 'Diesel'}, {'category': 'Super'}, {'category': 'xEthanol'}]",26.493385,-81.803082,True,True,True,True,False,True,True,True,False,False
1021,22,48.92,611 dal hall blvd,24hours,00:00:00,00:00:00,5371,False,"{'address': '611 dal hall blvd', 'city': 'lake placid', 'state': 'FL', 'zip': '33852'}","{'food': True, 'fuel': True, 'restrooms': True, 'diesel': True, 'ethanolFreeGas': True, 'open24Hours': True, 'teslaChargingStation': False, 'propane': True, 'chademoChargingStation': False, 'ccsChargingStation': False}",True,True,"[{'category': 'Unleaded'}, {'category': 'Plus'}, {'category': 'Premium'}, {'category': 'Diesel'}, {'category': 'Super'}, {'category': 'xEthanol'}]",27.29992,-81.35869,True,True,True,True,False,True,False,False,False,False
1022,26,52.99,3838 us hwy 27 s,24hours,00:00:00,00:00:00,5370,False,"{'address': '3838 us hwy 27 s', 'city': 'sebring', 'state': 'FL', 'zip': '33870'}","{'food': True, 'fuel': True, 'restrooms': True, 'diesel': True, 'ethanolFreeGas': True, 'open24Hours': True, 'teslaChargingStation': True, 'propane': True, 'chademoChargingStation': False, 'ccsChargingStation': False}",True,True,"[{'category': 'Unleaded'}, {'category': 'Plus'}, {'category': 'Premium'}, {'category': 'Diesel'}, {'category': 'Super'}, {'category': 'xEthanol'}]",27.46483,-81.43406,True,False,False,False,,True,False,False,False,False
1023,28,53.66,4787 radio road,24hours,00:00:00,00:00:00,5238,False,"{'address': '4787 radio road', 'city': 'naples', 'state': 'FL', 'zip': '34104'}","{'food': True, 'fuel': True, 'restrooms': True, 'diesel': True, 'ethanolFreeGas': True, 'open24Hours': True, 'teslaChargingStation': False, 'propane': False, 'chademoChargingStation': False, 'ccsChargingStation': False}",True,True,"[{'category': 'Unleaded'}, {'category': 'Plus'}, {'category': 'Premium'}, {'category': 'Diesel'}, {'category': 'Super'}, {'category': 'xEthanol'}]",26.154168,-81.751137,True,False,False,False,,True,False,False,False,False
1024,29,54.35,6400 us 27 n,24hours,00:00:00,00:00:00,5373,False,"{'address': '6400 us 27 n', 'city': 'sebring', 'state': 'FL', 'zip': '33870'}","{'food': True, 'fuel': True, 'restrooms': True, 'diesel': True, 'ethanolFreeGas': True, 'open24Hours': True, 'teslaChargingStation': False, 'propane': True, 'chademoChargingStation': False, 'ccsChargingStation': False}",True,True,"[{'category': 'Unleaded'}, {'category': 'Plus'}, {'category': 'Premium'}, {'category': 'Diesel'}, {'category': 'AVG'}, {'category': 'Super'}, {'category': 'xEthanol'}]",27.53947,-81.5038,True,True,True,True,False,True,False,True,False,False
1025,31,56.82,4939 tamiami trail e,24hours,00:00:00,00:00:00,5297,False,"{'address': '4939 tamiami trail e', 'city': 'naples', 'state': 'FL', 'zip': '34113'}","{'food': True, 'fuel': True, 'restrooms': True, 'diesel': True, 'ethanolFreeGas': True, 'open24Hours': True, 'teslaChargingStation': False, 'propane': True, 'chademoChargingStation': False, 'ccsChargingStation': False}",True,True,"[{'category': 'Unleaded'}, {'category': 'Plus'}, {'category': 'Premium'}, {'category': 'Diesel'}, {'category': 'Super'}, {'category': 'xEthanol'}]",26.107384,-81.747688,True,True,True,True,False,True,True,True,False,False
1026,33,60.38,12456 tamiami trail e.,24hours,00:00:00,00:00:00,5228,False,"{'address': '12456 tamiami trail e.', 'city': 'naples', 'state': 'FL', 'zip': '34113'}","{'food': True, 'fuel': True, 'restrooms': True, 'diesel': True, 'ethanolFreeGas': True, 'open24Hours': True, 'teslaChargingStation': False, 'propane': True, 'chademoChargingStation': False, 'ccsChargingStation': False}",True,True,"[{'category': 'Unleaded'}, {'category': 'Plus'}, {'category': 'Premium'}, {'category': 'Diesel'}, {'category': 'Super'}, {'category': 'xEthanol'}]",26.065572,-81.704443,True,True,False,True,False,True,False,True,False,False
1027,15,83.18,13891 west okeechobee road,24hours,00:00:00,00:00:00,5358,False,"{'address': '13891 west okeechobee road', 'city': 'hialeah gardens', 'state': 'FL', 'zip': '33018'}","{'food': True, 'fuel': True, 'restrooms': True, 'diesel': True, 'ethanolFreeGas': True, 'open24Hours': True, 'teslaChargingStation': False, 'propane': True, 'chademoChargingStation': False, 'ccsChargingStation': False}",True,True,"[{'category': 'Unleaded'}, {'category': 'Plus'}, {'category': 'Premium'}, {'category': 'Diesel'}, {'category': 'Super'}, {'category': 'xEthanol'}]",25.8965,-80.3785,True,True,True,True,False,True,False,True,False,False
1028,17,84.71,11590 nw south river dr,24hours,00:00:00,00:00:00,5392,False,"{'address': '11590 nw south river dr', 'city': 'medley', 'state': 'FL', 'zip': '33178'}","{'food': True, 'fuel': True, 'restrooms': True, 'diesel': True, 'ethanolFreeGas': True, 'open24Hours': True, 'teslaChargingStation': False, 'propane': False, 'chademoChargingStation': False, 'ccsChargingStation': False}",True,True,"[{'category': 'Unleaded'}, {'category': 'Plus'}, {'category': 'Premium'}, {'category': 'Diesel'}, {'category': 'Super'}, {'category': 'xEthanol'}]",25.878054,-80.356782,True,False,False,False,,True,False,False,False,False
1029,18,84.93,11990 sw 137 avenue,24hours,00:00:00,00:00:00,5245,False,"{'address': '11990 sw 137 avenue', 'city': 'miami', 'state': 'FL', 'zip': '33186'}","{'food': True, 'fuel': True, 'restrooms': True, 'diesel': True, 'ethanolFreeGas': True, 'open24Hours': True, 'teslaChargingStation': False, 'propane': True, 'chademoChargingStation': False, 'ccsChargingStation': False}",True,True,"[{'category': 'Unleaded'}, {'category': 'Plus'}, {'category': 'Premium'}, {'category': 'Diesel'}, {'category': 'Super'}, {'category': 'xEthanol'}]",25.656325,-80.416445,True,True,True,True,False,True,True,False,False,False
1030,20,86.74,7878 nw 103rd street,24hours,00:00:00,00:00:00,5378,False,"{'address': '7878 nw 103rd street', 'city': 'hialeah gardens', 'state': 'FL', 'zip': '33016'}","{'food': True, 'fuel': True, 'restrooms': True, 'diesel': True, 'ethanolFreeGas': True, 'open24Hours': True, 'teslaChargingStation': False, 'propane': True, 'chademoChargingStation': False, 'ccsChargingStation': False}",True,True,"[{'category': 'Unleaded'}, {'category': 'Plus'}, {'category': 'Premium'}, {'category': 'Diesel'}, {'category': 'Super'}, {'category': 'xEthanol'}]",25.86695,-80.32561,True,True,True,True,False,True,False,False,False,False
1031,21,86.81,3300 nw 87th avenue,24hours,00:00:00,00:00:00,5357,False,"{'address': '3300 nw 87th avenue', 'city': 'doral', 'state': 'FL', 'zip': '33172'}","{'food': True, 'fuel': True, 'restrooms': True, 'diesel': True, 'ethanolFreeGas': True, 'open24Hours': True, 'teslaChargingStation': True, 'propane': True, 'chademoChargingStation': False, 'ccsChargingStation': False}",True,True,"[{'category': 'Unleaded'}, {'category': 'Plus'}, {'category': 'Premium'}, {'category': 'Diesel'}, {'category': 'Super'}, {'category': 'xEthanol'}]",25.8055,-80.3375,True,True,True,True,False,True,False,True,False,False
1032,22,87.54,1600 s. hiatus road,24hours,00:00:00,00:00:00,5309,False,"{'address': '1600 s. hiatus road', 'city': 'pembroke pines', 'state': 'FL', 'zip': '33025'}","{'food': True, 'fuel': True, 'restrooms': True, 'diesel': True, 'ethanolFreeGas': True, 'open24Hours': True, 'teslaChargingStation': True, 'propane': True, 'chademoChargingStation': False, 'ccsChargingStation': False}",True,True,"[{'category': 'Unleaded'}, {'category': 'Plus'}, {'category': 'Premium'}, {'category': 'Diesel'}, {'category': 'Super'}, {'category': 'xEthanol'}]",25.99393,-80.296629,True,True,True,True,False,True,False,False,False,False
1033,23,87.66,2901 w. 16 ave,24hours,00:00:00,00:00:00,5359,False,"{'address': '2901 w. 16 ave', 'city': 'hialeah', 'state': 'FL', 'zip': '33012'}","{'food': True, 'fuel': True, 'restrooms': True, 'diesel': True, 'ethanolFreeGas': True, 'open24Hours': True, 'teslaChargingStation': False, 'propane': False, 'chademoChargingStation': False, 'ccsChargingStation': False}",True,True,"[{'category': 'Unleaded'}, {'category': 'Plus'}, {'category': 'Premium'}, {'category': 'Diesel'}, {'category': 'Super'}, {'category': 'xEthanol'}]",25.84808,-80.31425,True,True,True,True,False,True,False,False,False,False
1034,25,88.16,7870 w. flagler street,24hours,00:00:00,00:00:00,5406,False,"{'address': '7870 w. flagler street', 'city': 'miami', 'state': 'FL', 'zip': '33144'}","{'food': True, 'fuel': True, 'restrooms': True, 'diesel': True, 'ethanolFreeGas': True, 'open24Hours': True, 'teslaChargingStation': True, 'propane': False, 'chademoChargingStation': False, 'ccsChargingStation': False}",True,True,"[{'category': 'Unleaded'}, {'category': 'Plus'}, {'category': 'Premium'}, {'category': 'Diesel'}, {'category': 'Super'}, {'category': 'xEthanol'}]",25.76957942,-80.32447728,True,False,True,False,,True,False,True,False,False
1035,26,88.9,11101 sw 184 street,24hours,00:00:00,00:00:00,5243,False,"{'address': '11101 sw 184 street', 'city': 'miami', 'state': 'FL', 'zip': '33157'}","{'food': True, 'fuel': True, 'restrooms': True, 'diesel': True, 'ethanolFreeGas': True, 'open24Hours': True, 'teslaChargingStation': True, 'propane': True, 'chademoChargingStation': False, 'ccsChargingStation': False}",True,True,"[{'category': 'Unleaded'}, {'category': 'Plus'}, {'category': 'Premium'}, {'category': 'Diesel'}, {'category': 'Super'}, {'category': 'xEthanol'}]",25.598674,-80.372357,True,False,False,False,,True,False,False,False,False
1036,27,89.01,9400 w. commercial blvd,24hours,00:00:00,00:00:00,5236,False,"{'address': '9400 w. commercial blvd', 'city': 'sunrise', 'state': 'FL', 'zip': '33351'}","{'food': True, 'fuel': True, 'restrooms': True, 'diesel': True, 'ethanolFreeGas': True, 'open24Hours': True, 'teslaChargingStation': False, 'propane': True, 'chademoChargingStation': False, 'ccsChargingStation': False}",True,True,"[{'category': 'Unleaded'}, {'category': 'Plus'}, {'category': 'Premium'}, {'category': 'Diesel'}, {'category': 'Super'}, {'category': 'xEthanol'}]",26.193111,-80.276659,True,True,True,True,False,True,False,True,False,False
1037,28,89.44,100 s pine island rd,24hours,00:00:00,00:00:00,5412,False,"{'address': '100 s pine island rd', 'city': 'plantation', 'state': 'FL', 'zip': '33324'}","{'food': True, 'fuel': True, 'restrooms': False, 'diesel': True, 'ethanolFreeGas': True, 'open24Hours': True, 'teslaChargingStation': False, 'propane': False, 'chademoChargingStation': False, 'ccsChargingStation': False}",True,True,"[{'category': 'Unleaded'}, {'category': 'Plus'}, {'category': 'Premium'}, {'category': 'Diesel'}, {'category': 'Super'}, {'category': 'xEthanol'}]",26.1206542,-80.26434591,True,False,False,False,,True,False,False,False,False
1038,29,89.47,6971 sw 24th street,24hours,00:00:00,00:00:00,5260,False,"{'address': '6971 sw 24th street', 'city': 'miami', 'state': 'FL', 'zip': '33155'}","{'food': True, 'fuel': True, 'restrooms': True, 'diesel': True, 'ethanolFreeGas': True, 'open24Hours': True, 'teslaChargingStation': True, 'propane': True, 'chademoChargingStation': False, 'ccsChargingStation': False}",True,True,"[{'category': 'Unleaded'}, {'category': 'Plus'}, {'category': 'Premium'}, {'category': 'Diesel'}, {'category': 'Super'}, {'category': 'xEthanol'}]",25.74846,-80.308693,True,True,True,True,False,True,False,True,False,False
1039,30,89.59,1700 south douglas road,24hours,00:00:00,00:00:00,5353,False,"{'address': '1700 south douglas road', 'city': 'miramar', 'state': 'FL', 'zip': '33025'}","{'food': True, 'fuel': True, 'restrooms': True, 'diesel': True, 'ethanolFreeGas': True, 'open24Hours': True, 'teslaChargingStation': False, 'propane': True, 'chademoChargingStation': False, 'ccsChargingStation': False}",True,True,"[{'category': 'Unleaded'}, {'category': 'Plus'}, {'category': 'Premium'}, {'category': 'Diesel'}, {'category': 'Super'}, {'category': 'xEthanol'}]",25.9938,-80.26358,True,True,True,True,False,False,False,True,False,False
1040,31,90.43,4401 nw 76 avenue,24hours,00:00:00,00:00:00,5278,False,"{'address': '4401 nw 76 avenue', 'city': 'lauderhill', 'state': 'FL', 'zip': '33351'}","{'food': True, 'fuel': True, 'restrooms': True, 'diesel': True, 'ethanolFreeGas': True, 'open24Hours': True, 'teslaChargingStation': False, 'propane': True, 'chademoChargingStation': False, 'ccsChargingStation': False}",True,True,"[{'category': 'Unleaded'}, {'category': 'Plus'}, {'category': 'Premium'}, {'category': 'Diesel'}, {'category': 'Super'}, {'category': 'xEthanol'}]",26.179639,-80.252294,True,True,True,True,False,True,True,True,False,False
1041,32,90.54,11200 sw 248 street,24hours,00:00:00,00:00:00,5360,False,"{'address': '11200 sw 248 street', 'city': 'homestead', 'state': 'FL', 'zip': '33032'}","{'food': True, 'fuel': True, 'restrooms': True, 'diesel': True, 'ethanolFreeGas': True, 'open24Hours': True, 'teslaChargingStation': False, 'propane': False, 'chademoChargingStation': False, 'ccsChargingStation': False}",True,True,"[{'category': 'Unleaded'}, {'category': 'Plus'}, {'category': 'Premium'}, {'category': 'Diesel'}, {'category': 'Super'}, {'category': 'xEthanol'}]",25.536568,-80.372745,True,True,True,True,False,True,False,True,False,False
1042,33,90.96,2700 nw 183rd street,24hours,00:00:00,00:00:00,5284,False,"{'address': '2700 nw 183rd street', 'city': 'miami gardens', 'state': 'FL', 'zip': '33056'}","{'food': True, 'fuel': True, 'restrooms': False, 'diesel': True, 'ethanolFreeGas': True, 'open24Hours': True, 'teslaChargingStation': True, 'propane': True, 'chademoChargingStation': False, 'ccsChargingStation': False}",True,True,"[{'category': 'Unleaded'}, {'category': 'Plus'}, {'category': 'Premium'}, {'category': 'Diesel'}, {'category': 'Super'}, {'category': 'xEthanol'}]",25.940413,-80.246353,True,True,False,True,False,True,False,True,False,False
1043,34,91.49,6350 stirling road,24hours,00:00:00,00:00:00,5193,False,"{'address': '6350 stirling road', 'city': 'davie', 'state': 'FL', 'zip': '33314'}","{'food': True, 'fuel': True, 'restrooms': True, 'diesel': True, 'ethanolFreeGas': True, 'open24Hours': True, 'teslaChargingStation': False, 'propane': True, 'chademoChargingStation': False, 'ccsChargingStation': False}",True,True,"[{'category': 'Unleaded'}, {'category': 'Plus'}, {'category': 'Premium'}, {'category': 'Diesel'}, {'category': 'Super'}, {'category': 'xEthanol'}]",26.045367,-80.230696,True,False,False,False,,True,False,False,False,False
1044,35,91.71,2500 sw 64th avenue,24hours,00:00:00,00:00:00,5249,False,"{'address': '2500 sw 64th avenue', 'city': 'davie', 'state': 'FL', 'zip': '33317'}","{'food': True, 'fuel': True, 'restrooms': True, 'diesel': True, 'ethanolFreeGas': True, 'open24Hours': True, 'teslaChargingStation': False, 'propane': True, 'chademoChargingStation': False, 'ccsChargingStation': False}",True,True,"[{'category': 'Unleaded'}, {'category': 'Plus'}, {'category': 'Premium'}, {'category': 'Diesel'}, {'category': 'Super'}, {'category': 'xEthanol'}]",26.090877,-80.226862,True,False,True,False,,True,False,False,False,False
1045,36,92.56,7105 mcnab road,24hours,00:00:00,00:00:00,5372,False,"{'address': '7105 mcnab road', 'city': 'north lauderdale', 'state': 'FL', 'zip': '33068'}","{'food': True, 'fuel': True, 'restrooms': True, 'diesel': True, 'ethanolFreeGas': True, 'open24Hours': True, 'teslaChargingStation': False, 'propane': True, 'chademoChargingStation': False, 'ccsChargingStation': False}",True,True,"[{'category': 'Unleaded'}, {'category': 'Plus'}, {'category': 'Premium'}, {'category': 'Diesel'}, {'category': 'Super'}, {'category': 'xEthanol'}]",26.20899,-80.22071,True,True,True,True,False,True,True,True,False,False
1046,37,92.92,4700 south state road 7,24hours,00:00:00,00:00:00,5314,False,"{'address': '4700 south state road 7', 'city': 'davie', 'state': 'FL', 'zip': '33314'}","{'food': True, 'fuel': True, 'restrooms': True, 'diesel': True, 'ethanolFreeGas': True, 'open24Hours': True, 'teslaChargingStation': False, 'propane': True, 'chademoChargingStation': False, 'ccsChargingStation': False}",True,True,"[{'category': 'Unleaded'}, {'category': 'Plus'}, {'category': 'Premium'}, {'category': 'Diesel'}, {'category': 'Super'}, {'category': 'xEthanol'}]",26.06329,-80.207264,True,True,True,True,False,True,True,True,False,False
1047,38,92.94,7305 w sample road,24hours,00:00:00,00:00:00,5338,False,"{'address': '7305 w sample road', 'city': 'coral springs', 'state': 'FL', 'zip': '33065'}","{'food': True, 'fuel': True, 'restrooms': True, 'diesel': True, 'ethanolFreeGas': True, 'open24Hours': True, 'teslaChargingStation': False, 'propane': False, 'chademoChargingStation': False, 'ccsChargingStation': False}",True,True,"[{'category': 'Unleaded'}, {'category': 'Plus'}, {'category': 'Premium'}, {'category': 'Diesel'}, {'category': 'Super'}, {'category': 'xEthanol'}]",26.272467,-80.223449,True,True,True,True,False,True,True,True,False,False
1048,39,92.98,106 south state road 7,24hours,00:00:00,00:00:00,5394,False,"{'address': '106 south state road 7', 'city': 'hollywood', 'state': 'FL', 'zip': '33023'}","{'food': True, 'fuel': True, 'restrooms': False, 'diesel': True, 'ethanolFreeGas': True, 'open24Hours': True, 'teslaChargingStation': False, 'propane': False, 'chademoChargingStation': False, 'ccsChargingStation': False}",True,True,"[{'category': 'Unleaded'}, {'category': 'Plus'}, {'category': 'Premium'}, {'category': 'Diesel'}, {'category': 'Super'}, {'category': 'xEthanol'}]",26.009465,-80.208093,True,True,True,True,False,True,True,False,True,True
1049,40,93.28,13 s state road 7,24hours,00:00:00,00:00:00,5331,False,"{'address': '13 s state road 7', 'city': 'plantation', 'state': 'FL', 'zip': '33317'}","{'food': True, 'fuel': True, 'restrooms': True, 'diesel': True, 'ethanolFreeGas': True, 'open24Hours': True, 'teslaChargingStation': False, 'propane': False, 'chademoChargingStation': False, 'ccsChargingStation': False}",True,True,"[{'category': 'Unleaded'}, {'category': 'Plus'}, {'category': 'Premium'}, {'category': 'Diesel'}, {'category': 'Super'}, {'category': 'xEthanol'}]",26.12027,-80.202403,True,False,True,False,,True,False,False,False,False
1050,41,94.19,2000 n. state road 7,24hours,00:00:00,00:00:00,5235,False,"{'address': '2000 n. state road 7', 'city': 'margate', 'state': 'FL', 'zip': '33063'}","{'food': True, 'fuel': True, 'restrooms': True, 'diesel': True, 'ethanolFreeGas': True, 'open24Hours': True, 'teslaChargingStation': False, 'propane': True, 'chademoChargingStation': False, 'ccsChargingStation': False}",True,True,"[{'category': 'Unleaded'}, {'category': 'Plus'}, {'category': 'Premium'}, {'category': 'Diesel'}, {'category': 'Super'}, {'category': 'xEthanol'}]",26.253823,-80.200265,True,False,False,False,,True,False,False,False,False
1051,42,94.61,590 ne 167 street,24hours,00:00:00,00:00:00,5244,False,"{'address': '590 ne 167 street', 'city': 'miami', 'state': 'FL', 'zip': '33162'}","{'food': True, 'fuel': True, 'restrooms': False, 'diesel': True, 'ethanolFreeGas': True, 'open24Hours': True, 'teslaChargingStation': False, 'propane': True, 'chademoChargingStation': False, 'ccsChargingStation': False}",True,True,"[{'category': 'Unleaded'}, {'category': 'Plus'}, {'category': 'Premium'}, {'category': 'Diesel'}, {'category': 'Super'}, {'category': 'xEthanol'}]",25.928073,-80.188637,True,True,False,True,False,True,False,False,False,False
1052,43,94.82,2620 w. broward blvd,18hours,06:00:00,23:00:00,5232,False,"{'address': '2620 w. broward blvd', 'city': 'fort lauderdale', 'state': 'FL', 'zip': '33312'}","{'food': True, 'fuel': True, 'restrooms': True, 'diesel': True, 'ethanolFreeGas': True, 'open24Hours': False, 'teslaChargingStation': True, 'propane': False, 'chademoChargingStation': False, 'ccsChargingStation': False}",True,True,"[{'category': 'Unleaded'}, {'category': 'Plus'}, {'category': 'Premium'}, {'category': 'Diesel'}, {'category': 'Super'}, {'category': 'xEthanol'}]",26.121155,-80.177583,True,True,True,True,False,True,False,True,False,False
1053,44,94.82,7705 n. state road 7,24hours,00:00:00,00:00:00,5233,False,"{'address': '7705 n. state road 7', 'city': 'parkland', 'state': 'FL', 'zip': '33073'}","{'food': True, 'fuel': True, 'restrooms': True, 'diesel': True, 'ethanolFreeGas': True, 'open24Hours': True, 'teslaChargingStation': False, 'propane': True, 'chademoChargingStation': False, 'ccsChargingStation': False}",True,True,"[{'category': 'Unleaded'}, {'category': 'Plus'}, {'category': 'Premium'}, {'category': 'Diesel'}, {'category': 'Super'}, {'category': 'xEthanol'}]",26.327046,-80.202961,True,True,True,True,False,True,False,True,False,False
1054,45,95.13,3199 hallandl beach blvd,24hours,00:00:00,00:00:00,5417,False,"{'address': '3199 hallandl beach blvd', 'city': 'pembroke park', 'state': 'FL', 'zip': '33023'}","{'food': True, 'fuel': True, 'restrooms': True, 'diesel': True, 'ethanolFreeGas': True, 'open24Hours': True, 'teslaChargingStation': False, 'propane': False, 'chademoChargingStation': False, 'ccsChargingStation': False}",True,True,"[{'category': 'Unleaded'}, {'category': 'Plus'}, {'category': 'Premium'}, {'category': 'Diesel'}, {'category': 'Super'}, {'category': 'xEthanol'}]",25.985427,-80.174897,True,True,True,True,False,True,False,True,False,False
1055,47,95.74,1675 oakland park blvd,24hours,00:00:00,00:00:00,5347,False,"{'address': '1675 oakland park blvd', 'city': 'oakland park', 'state': 'FL', 'zip': '33311'}","{'food': True, 'fuel': True, 'restrooms': True, 'diesel': True, 'ethanolFreeGas': True, 'open24Hours': True, 'teslaChargingStation': False, 'propane': False, 'chademoChargingStation': False, 'ccsChargingStation': False}",True,True,"[{'category': 'Unleaded'}, {'category': 'Plus'}, {'category': 'Premium'}, {'category': 'Diesel'}, {'category': 'Super'}, {'category': 'xEthanol'}]",26.166338,-80.165238,True,True,True,True,False,True,False,True,False,False
1056,48,96.5,6191 powerline road,24hours,00:00:00,00:00:00,5234,False,"{'address': '6191 powerline road', 'city': 'fort lauderdale', 'state': 'FL', 'zip': '33309'}","{'food': True, 'fuel': True, 'restrooms': True, 'diesel': True, 'ethanolFreeGas': True, 'open24Hours': True, 'teslaChargingStation': True, 'propane': True, 'chademoChargingStation': False, 'ccsChargingStation': False}",True,True,"[{'category': 'Unleaded'}, {'category': 'Plus'}, {'category': 'Premium'}, {'category': 'Diesel'}, {'category': 'Super'}, {'category': 'xEthanol'}]",26.202469,-80.156238,True,True,True,True,False,False,False,False,False,False
1057,49,96.71,10100 atlantic ave,24hours,00:00:00,00:00:00,5339,False,"{'address': '10100 atlantic ave', 'city': 'delray beach', 'state': 'FL', 'zip': '33446'}","{'food': True, 'fuel': True, 'restrooms': True, 'diesel': True, 'ethanolFreeGas': True, 'open24Hours': True, 'teslaChargingStation': False, 'propane': True, 'chademoChargingStation': False, 'ccsChargingStation': False}",True,True,"[{'category': 'Unleaded'}, {'category': 'Plus'}, {'category': 'Premium'}, {'category': 'Diesel'}, {'category': 'Super'}, {'category': 'xEthanol'}]",26.45367,-80.20484,True,True,True,True,False,True,True,False,False,False
1058,1,5.3,9926 lyons road,24hours,00:00:00,00:00:00,5330,False,"{'address': '9926 lyons road', 'city': 'boynton beach', 'state': 'FL', 'zip': '33472'}","{'food': True, 'fuel': True, 'restrooms': True, 'diesel': True, 'ethanolFreeGas': True, 'open24Hours': True, 'teslaChargingStation': False, 'propane': True, 'chademoChargingStation': False, 'ccsChargingStation': False}",True,True,"[{'category': 'Unleaded'}, {'category': 'Plus'}, {'category': 'Premium'}, {'category': 'Diesel'}, {'category': 'Super'}, {'category': 'xEthanol'}]",26.52885,-80.18779,True,True,True,True,False,True,False,True,False,False
1059,2,6.32,9910 s. jog road,24hours,00:00:00,00:00:00,5388,False,"{'address': '9910 s. jog road', 'city': 'boynton beach', 'state': 'FL', 'zip': '33437'}","{'food': True, 'fuel': True, 'restrooms': True, 'diesel': True, 'ethanolFreeGas': True, 'open24Hours': True, 'teslaChargingStation': False, 'propane': False, 'chademoChargingStation': False, 'ccsChargingStation': False}",True,True,"[{'category': 'Unleaded'}, {'category': 'Plus'}, {'category': 'Premium'}, {'category': 'Diesel'}, {'category': 'Super'}, {'category': 'xEthanol'}]",26.528902,-80.146593,True,True,True,True,False,True,True,True,False,False
1060,3,8.26,2505 w woolbright rd,24hours,00:00:00,00:00:00,5362,False,"{'address': '2505 w woolbright rd', 'city': 'boynton beach', 'state': 'FL', 'zip': '33426'}","{'food': True, 'fuel': True, 'restrooms': True, 'diesel': True, 'ethanolFreeGas': True, 'open24Hours': True, 'teslaChargingStation': False, 'propane': False, 'chademoChargingStation': False, 'ccsChargingStation': False}",True,True,"[{'category': 'Unleaded'}, {'category': 'Plus'}, {'category': 'Premium'}, {'category': 'Diesel'}, {'category': 'Super'}, {'category': 'xEthanol'}]",26.513706,-80.089427,True,True,True,True,False,True,False,False,False,False
1061,5,10.81,20 sw 12th ave.,24hours,00:00:00,00:00:00,5242,False,"{'address': '20 sw 12th ave.', 'city': 'deerfield beach', 'state': 'FL', 'zip': '33442'}","{'food': True, 'fuel': True, 'restrooms': True, 'diesel': True, 'ethanolFreeGas': True, 'open24Hours': True, 'teslaChargingStation': True, 'propane': True, 'chademoChargingStation': False, 'ccsChargingStation': False}",True,True,"[{'category': 'Unleaded'}, {'category': 'Plus'}, {'category': 'Premium'}, {'category': 'Diesel'}, {'category': 'Super'}, {'category': 'xEthanol'}]",26.317182,-80.119384,True,True,False,True,False,True,False,False,False,False
1062,6,10.83,4530 lantana road,24hours,00:00:00,00:00:00,5350,False,"{'address': '4530 lantana road', 'city': 'lake worth', 'state': 'FL', 'zip': '33463'}","{'food': True, 'fuel': True, 'restrooms': True, 'diesel': True, 'ethanolFreeGas': True, 'open24Hours': True, 'teslaChargingStation': False, 'propane': False, 'chademoChargingStation': False, 'ccsChargingStation': False}",True,True,"[{'category': 'Unleaded'}, {'category': 'Plus'}, {'category': 'Premium'}, {'category': 'Diesel'}, {'category': 'Super'}, {'category': 'xEthanol'}]",26.588071,-80.114755,True,True,True,True,False,True,False,True,False,False
1063,7,11.54,1965 hypoluxo road,18hours,06:00:00,23:00:00,5239,False,"{'address': '1965 hypoluxo road', 'city': 'boynton beach', 'state': 'FL', 'zip': '33426'}","{'food': True, 'fuel': True, 'restrooms': True, 'diesel': True, 'ethanolFreeGas': True, 'open24Hours': False, 'teslaChargingStation': False, 'propane': True, 'chademoChargingStation': False, 'ccsChargingStation': False}",True,True,"[{'category': 'Unleaded'}, {'category': 'Plus'}, {'category': 'Premium'}, {'category': 'Diesel'}, {'category': 'Super'}, {'category': 'xEthanol'}]",26.572722,-80.073824,True,True,True,True,False,True,False,True,False,False
1064,8,11.9,6566 lake worth road,24hours,00:00:00,00:00:00,5212,False,"{'address': '6566 lake worth road', 'city': 'greenacres', 'state': 'FL', 'zip': '33467'}","{'food': True, 'fuel': True, 'restrooms': True, 'diesel': True, 'ethanolFreeGas': True, 'open24Hours': True, 'teslaChargingStation': False, 'propane': True, 'chademoChargingStation': False, 'ccsChargingStation': False}",True,True,"[{'category': 'Unleaded'}, {'category': 'Plus'}, {'category': 'Premium'}, {'category': 'Diesel'}, {'category': 'Super'}, {'category': 'xEthanol'}]",26.618111,-80.147773,True,False,False,False,,True,False,False,False,False
1065,10,12.77,2271 w. sample rd,24hours,00:00:00,00:00:00,5195,False,"{'address': '2271 w. sample rd', 'city': 'deerfield beach', 'state': 'FL', 'zip': '33442'}","{'food': True, 'fuel': True, 'restrooms': True, 'diesel': True, 'ethanolFreeGas': True, 'open24Hours': True, 'teslaChargingStation': False, 'propane': True, 'chademoChargingStation': False, 'ccsChargingStation': False}",True,True,"[{'category': 'Unleaded'}, {'category': 'Plus'}, {'category': 'Premium'}, {'category': 'Diesel'}, {'category': 'Super'}, {'category': 'xEthanol'}]",26.274901,-80.152778,True,True,True,True,False,True,False,True,False,False
1066,11,12.8,1201 west lantana road,24hours,00:00:00,00:00:00,5396,False,"{'address': '1201 west lantana road', 'city': 'lantana', 'state': 'FL', 'zip': '33462'}","{'food': True, 'fuel': True, 'restrooms': True, 'diesel': True, 'ethanolFreeGas': True, 'open24Hours': True, 'teslaChargingStation': True, 'propane': True, 'chademoChargingStation': False, 'ccsChargingStation': False}",True,True,"[{'category': 'Unleaded'}, {'category': 'Plus'}, {'category': 'Premium'}, {'category': 'Diesel'}, {'category': 'Super'}, {'category': 'xEthanol'}]",26.58793,-80.062211,True,True,True,True,False,True,True,True,False,False
1067,12,13.4,3288 s. military trail,24hours,00:00:00,00:00:00,5227,False,"{'address': '3288 s. military trail', 'city': 'lake worth', 'state': 'FL', 'zip': '33461'}","{'food': True, 'fuel': True, 'restrooms': True, 'diesel': True, 'ethanolFreeGas': True, 'open24Hours': True, 'teslaChargingStation': False, 'propane': False, 'chademoChargingStation': True, 'ccsChargingStation': True}",True,True,"[{'category': 'Unleaded'}, {'category': 'Plus'}, {'category': 'Premium'}, {'category': 'Diesel'}, {'category': 'Super'}, {'category': 'xEthanol'}]",26.629243,-80.11257,True,True,True,True,False,True,True,True,False,False
1068,13,13.41,3950 south congress ave,24hours,00:00:00,00:00:00,5213,False,"{'address': '3950 south congress ave', 'city': 'palm springs', 'state': 'FL', 'zip': '33461'}","{'food': True, 'fuel': True, 'restrooms': True, 'diesel': True, 'ethanolFreeGas': True, 'open24Hours': True, 'teslaChargingStation': False, 'propane': True, 'chademoChargingStation': False, 'ccsChargingStation': False}",True,True,"[{'category': 'Unleaded'}, {'category': 'Plus'}, {'category': 'Premium'}, {'category': 'Diesel'}, {'category': 'Super'}, {'category': 'xEthanol'}]",26.617745,-80.088861,True,True,True,True,False,True,False,True,False,False
1069,15,13.94,3601 n. federal hwy,24hours,00:00:00,00:00:00,5194,False,"{'address': '3601 n. federal hwy', 'city': 'pompano beach', 'state': 'FL', 'zip': '33064'}","{'food': True, 'fuel': True, 'restrooms': True, 'diesel': True, 'ethanolFreeGas': True, 'open24Hours': True, 'teslaChargingStation': True, 'propane': True, 'chademoChargingStation': False, 'ccsChargingStation': False}",True,True,"[{'category': 'Unleaded'}, {'category': 'Plus'}, {'category': 'Premium'}, {'category': 'Diesel'}, {'category': 'Super'}, {'category': 'xEthanol'}]",26.276423,-80.09727,True,True,True,True,False,True,False,True,False,False
1070,16,15.35,1771 south congress ave,24hours,00:00:00,00:00:00,5223,False,"{'address': '1771 south congress ave', 'city': 'palm springs', 'state': 'FL', 'zip': '33406'}","{'food': True, 'fuel': True, 'restrooms': True, 'diesel': True, 'ethanolFreeGas': True, 'open24Hours': True, 'teslaChargingStation': False, 'propane': False, 'chademoChargingStation': False, 'ccsChargingStation': False}",True,True,"[{'category': 'Unleaded'}, {'category': 'Plus'}, {'category': 'Premium'}, {'category': 'Diesel'}, {'category': 'Super'}, {'category': 'xEthanol'}]",26.650097,-80.088645,True,True,True,True,False,True,False,True,True,True
1071,17,15.77,8115 southern blvd,24hours,00:00:00,00:00:00,5348,False,"{'address': '8115 southern blvd', 'city': 'west palm beach', 'state': 'FL', 'zip': '33411'}","{'food': True, 'fuel': True, 'restrooms': True, 'diesel': True, 'ethanolFreeGas': True, 'open24Hours': True, 'teslaChargingStation': False, 'propane': False, 'chademoChargingStation': False, 'ccsChargingStation': False}",True,True,"[{'category': 'Unleaded'}, {'category': 'Plus'}, {'category': 'Premium'}, {'category': 'Diesel'}, {'category': 'Super'}, {'category': 'xEthanol'}]",26.68036,-80.174819,True,False,False,False,,True,False,False,False,False
1072,18,15.84,1 n andrews ave,24hours,00:00:00,00:00:00,5288,False,"{'address': '1 n andrews ave', 'city': 'pompano beach', 'state': 'FL', 'zip': '33069'}","{'food': True, 'fuel': True, 'restrooms': False, 'diesel': True, 'ethanolFreeGas': True, 'open24Hours': True, 'teslaChargingStation': False, 'propane': True, 'chademoChargingStation': False, 'ccsChargingStation': False}",True,True,"[{'category': 'Unleaded'}, {'category': 'Plus'}, {'category': 'Premium'}, {'category': 'Diesel'}, {'category': 'Super'}, {'category': 'xEthanol'}]",26.23161204,-80.14123055,True,True,True,True,False,True,True,False,False,False
1073,19,16.76,15475 southern blvd,24hours,00:00:00,00:00:00,5365,False,"{'address': '15475 southern blvd', 'city': 'loxahatchee groves', 'state': 'FL', 'zip': '33470'}","{'food': True, 'fuel': True, 'restrooms': True, 'diesel': True, 'ethanolFreeGas': True, 'open24Hours': True, 'teslaChargingStation': False, 'propane': False, 'chademoChargingStation': False, 'ccsChargingStation': False}",True,True,"[{'category': 'Unleaded'}, {'category': 'Plus'}, {'category': 'Premium'}, {'category': 'Diesel'}, {'category': 'Super'}, {'category': 'xEthanol'}]",26.683772,-80.290629,True,True,True,True,False,True,True,True,False,False
1074,22,18.23,1530 belvedere rd,24hours,00:00:00,00:00:00,5211,False,"{'address': '1530 belvedere rd', 'city': 'west palm beach', 'state': 'FL', 'zip': '33405'}","{'food': True, 'fuel': True, 'restrooms': True, 'diesel': True, 'ethanolFreeGas': True, 'open24Hours': True, 'teslaChargingStation': False, 'propane': True, 'chademoChargingStation': False, 'ccsChargingStation': False}",True,True,"[{'category': 'Unleaded'}, {'category': 'Plus'}, {'category': 'Premium'}, {'category': 'Diesel'}, {'category': 'Super'}, {'category': 'xEthanol'}]",26.690201,-80.07395,True,True,True,True,False,True,False,False,False,False
1075,23,18.26,4950 okeechobee blvd,24hours,00:00:00,00:00:00,5302,False,"{'address': '4950 okeechobee blvd', 'city': 'west palm beach', 'state': 'FL', 'zip': '33417'}","{'food': True, 'fuel': True, 'restrooms': True, 'diesel': True, 'ethanolFreeGas': True, 'open24Hours': True, 'teslaChargingStation': False, 'propane': True, 'chademoChargingStation': False, 'ccsChargingStation': False}",True,True,"[{'category': 'Unleaded'}, {'category': 'Plus'}, {'category': 'Premium'}, {'category': 'Diesel'}, {'category': 'Super'}, {'category': 'xEthanol'}]",26.70653,-80.118659,True,True,True,True,False,True,False,False,False,False
1076,27,22.22,2 w. sunrise blvd,18hours,06:00:00,23:00:00,5303,False,"{'address': '2 w. sunrise blvd', 'city': 'fort lauderdale', 'state': 'FL', 'zip': '33311'}","{'food': True, 'fuel': True, 'restrooms': True, 'diesel': True, 'ethanolFreeGas': True, 'open24Hours': False, 'teslaChargingStation': False, 'propane': True, 'chademoChargingStation': False, 'ccsChargingStation': False}",True,True,"[{'category': 'Unleaded'}, {'category': 'Plus'}, {'category': 'Premium'}, {'category': 'Diesel'}, {'category': 'Super'}, {'category': 'xEthanol'}]",26.136577,-80.144599,True,True,True,True,False,True,False,True,False,False
1077,28,22.24,2370 45th street,24hours,00:00:00,00:00:00,5403,False,"{'address': '2370 45th street', 'city': 'west palm beach', 'state': 'FL', 'zip': '33407'}","{'food': True, 'fuel': True, 'restrooms': True, 'diesel': True, 'ethanolFreeGas': True, 'open24Hours': True, 'teslaChargingStation': True, 'propane': True, 'chademoChargingStation': False, 'ccsChargingStation': False}",True,True,"[{'category': 'Unleaded'}, {'category': 'Plus'}, {'category': 'Premium'}, {'category': 'Diesel'}, {'category': 'Super'}, {'category': 'xEthanol'}]",26.758456,-80.0892,True,False,False,False,,True,False,False,False,False
1078,32,23.75,7289 garden rd.,24hours,00:00:00,00:00:00,5214,False,"{'address': '7289 garden rd.', 'city': 'riviera beach', 'state': 'FL', 'zip': '33404'}","{'food': True, 'fuel': True, 'restrooms': True, 'diesel': True, 'ethanolFreeGas': True, 'open24Hours': True, 'teslaChargingStation': True, 'propane': True, 'chademoChargingStation': False, 'ccsChargingStation': False}",True,True,"[{'category': 'Unleaded'}, {'category': 'Plus'}, {'category': 'Premium'}, {'category': 'Diesel'}, {'category': 'Super'}, {'category': 'xEthanol'}]",26.782449,-80.092593,True,True,True,True,False,True,False,True,False,False
1079,36,29.68,1851 n. federal highway,24hours,00:00:00,00:00:00,5364,False,"{'address': '1851 n. federal highway', 'city': 'hollywood', 'state': 'FL', 'zip': '33020'}","{'food': True, 'fuel': True, 'restrooms': True, 'diesel': True, 'ethanolFreeGas': True, 'open24Hours': True, 'teslaChargingStation': False, 'propane': False, 'chademoChargingStation': False, 'ccsChargingStation': False}",True,True,"[{'category': 'Unleaded'}, {'category': 'Plus'}, {'category': 'Premium'}, {'category': 'Diesel'}, {'category': 'Super'}, {'category': 'xEthanol'}]",26.027702,-80.142993,True,True,True,True,False,True,True,True,False,False
1080,48,47.09,5745 se federal hwy,24hours,00:00:00,00:00:00,5307,False,"{'address': '5745 se federal hwy', 'city': 'stuart', 'state': 'FL', 'zip': '34997'}","{'food': True, 'fuel': True, 'restrooms': True, 'diesel': True, 'ethanolFreeGas': True, 'open24Hours': True, 'teslaChargingStation': False, 'propane': True, 'chademoChargingStation': False, 'ccsChargingStation': False}",True,True,"[{'category': 'Unleaded'}, {'category': 'Plus'}, {'category': 'Premium'}, {'category': 'Diesel'}, {'category': 'Super'}, {'category': 'xEthanol'}]",27.135231,-80.207077,True,True,True,True,False,False,False,False,False,False
1081,1,3.93,2401 s. kanner hwy,24hours,00:00:00,00:00:00,5204,False,"{'address': '2401 s. kanner hwy', 'city': 'stuart', 'state': 'FL', 'zip': '34994-4613'}","{'food': True, 'fuel': True, 'restrooms': True, 'diesel': True, 'ethanolFreeGas': True, 'open24Hours': True, 'teslaChargingStation': True, 'propane': True, 'chademoChargingStation': False, 'ccsChargingStation': False}",True,True,"[{'category': 'Unleaded'}, {'category': 'Plus'}, {'category': 'Premium'}, {'category': 'Diesel'}, {'category': 'Super'}, {'category': 'xEthanol'}]",27.175358,-80.252321,True,True,True,True,False,True,False,True,False,False
1082,2,4.61,983 se federal highway,24hours,00:00:00,00:00:00,5329,False,"{'address': '983 se federal highway', 'city': 'stuart', 'state': 'FL', 'zip': '34994'}","{'food': True, 'fuel': True, 'restrooms': True, 'diesel': True, 'ethanolFreeGas': True, 'open24Hours': True, 'teslaChargingStation': False, 'propane': True, 'chademoChargingStation': False, 'ccsChargingStation': False}",True,True,"[{'category': 'Unleaded'}, {'category': 'Plus'}, {'category': 'Premium'}, {'category': 'Diesel'}, {'category': 'Super'}, {'category': 'xEthanol'}]",27.18988,-80.24998,True,True,True,True,False,True,True,True,False,False
1083,3,5.93,3420 sw martin hwy,24hours,00:00:00,00:00:00,5400,False,"{'address': '3420 sw martin hwy', 'city': 'palm city', 'state': 'FL', 'zip': '34990'}","{'food': True, 'fuel': True, 'restrooms': True, 'diesel': True, 'ethanolFreeGas': True, 'open24Hours': True, 'teslaChargingStation': False, 'propane': False, 'chademoChargingStation': False, 'ccsChargingStation': False}",True,True,"[{'category': 'Unleaded'}, {'category': 'Plus'}, {'category': 'Premium'}, {'category': 'Diesel'}, {'category': 'Super'}, {'category': 'xEthanol'}]",27.160733,-80.299096,True,True,True,True,False,True,False,False,False,False
1084,4,9.08,3801 nw federal hwy,24hours,00:00:00,00:00:00,5377,False,"{'address': '3801 nw federal hwy', 'city': 'jensen beach', 'state': 'FL', 'zip': '34957'}","{'food': True, 'fuel': True, 'restrooms': True, 'diesel': True, 'ethanolFreeGas': True, 'open24Hours': True, 'teslaChargingStation': False, 'propane': False, 'chademoChargingStation': False, 'ccsChargingStation': False}",True,True,"[{'category': 'Unleaded'}, {'category': 'Plus'}, {'category': 'Premium'}, {'category': 'Diesel'}, {'category': 'Super'}, {'category': 'xEthanol'}]",27.25166,-80.275484,True,True,True,True,False,True,True,False,False,False
1085,5,11.37,730 sw becker rd,24hours,00:00:00,00:00:00,5414,False,"{'address': '730 sw becker rd', 'city': 'port saint lucie', 'state': 'FL', 'zip': '34953'}","{'food': True, 'fuel': True, 'restrooms': False, 'diesel': True, 'ethanolFreeGas': True, 'open24Hours': True, 'teslaChargingStation': False, 'propane': True, 'chademoChargingStation': False, 'ccsChargingStation': False}",True,True,"[{'category': 'Unleaded'}, {'category': 'Plus'}, {'category': 'Premium'}, {'category': 'Diesel'}, {'category': 'Super'}, {'category': 'xEthanol'}]",27.209138,-80.372431,True,True,False,True,False,True,False,False,False,False
1086,6,15.1,260 se prima vista blvd,24hours,00:00:00,00:00:00,5220,False,"{'address': '260 se prima vista blvd', 'city': 'port saint lucie', 'state': 'FL', 'zip': '34983'}","{'food': True, 'fuel': True, 'restrooms': True, 'diesel': True, 'ethanolFreeGas': True, 'open24Hours': True, 'teslaChargingStation': False, 'propane': True, 'chademoChargingStation': False, 'ccsChargingStation': False}",True,True,"[{'category': 'Unleaded'}, {'category': 'Plus'}, {'category': 'Premium'}, {'category': 'Diesel'}, {'category': 'Super'}, {'category': 'xEthanol'}]",27.318705,-80.340464,True,True,True,True,False,True,False,True,False,False
1087,7,16.43,10308 sw tradition pkwy,24hours,00:00:00,00:00:00,5221,False,"{'address': '10308 sw tradition pkwy', 'city': 'port saint lucie', 'state': 'FL', 'zip': '34987'}","{'food': True, 'fuel': True, 'restrooms': True, 'diesel': True, 'ethanolFreeGas': True, 'open24Hours': True, 'teslaChargingStation': False, 'propane': True, 'chademoChargingStation': True, 'ccsChargingStation': True}",True,True,"[{'category': 'Unleaded'}, {'category': 'Plus'}, {'category': 'Premium'}, {'category': 'Diesel'}, {'category': 'Super'}, {'category': 'xEthanol'}]",27.2639,-80.431874,True,True,True,True,False,True,False,True,False,False
1088,8,19.26,4955 selvitz road,24hours,00:00:00,00:00:00,5411,False,"{'address': '4955 selvitz road', 'city': 'fort pierce', 'state': 'FL', 'zip': '34981'}","{'food': True, 'fuel': True, 'restrooms': True, 'diesel': True, 'ethanolFreeGas': True, 'open24Hours': True, 'teslaChargingStation': False, 'propane': False, 'chademoChargingStation': False, 'ccsChargingStation': False}",True,True,"[{'category': 'Unleaded'}, {'category': 'Plus'}, {'category': 'Premium'}, {'category': 'Diesel'}, {'category': 'Super'}, {'category': 'xEthanol'}]",27.374997,-80.367053,True,False,False,False,,True,False,False,False,False
1089,9,21.41,2101 s us hwy 1,24hours,00:00:00,00:00:00,5387,False,"{'address': '2101 s us hwy 1', 'city': 'fort pierce', 'state': 'FL', 'zip': '34950'}","{'food': True, 'fuel': True, 'restrooms': True, 'diesel': True, 'ethanolFreeGas': True, 'open24Hours': True, 'teslaChargingStation': False, 'propane': True, 'chademoChargingStation': False, 'ccsChargingStation': False}",True,True,"[{'category': 'Unleaded'}, {'category': 'Plus'}, {'category': 'Premium'}, {'category': 'Diesel'}, {'category': 'Super'}, {'category': 'xEthanol'}]",27.426442,-80.326386,True,False,False,False,,True,False,False,False,False
1090,10,22.23,5575 okeechobee rd,24hours,00:00:00,00:00:00,5254,False,"{'address': '5575 okeechobee rd', 'city': 'fort pierce', 'state': 'FL', 'zip': '34947'}","{'food': True, 'fuel': True, 'restrooms': True, 'diesel': True, 'ethanolFreeGas': True, 'open24Hours': True, 'teslaChargingStation': True, 'propane': True, 'chademoChargingStation': False, 'ccsChargingStation': False}",True,True,"[{'category': 'Unleaded'}, {'category': 'Plus'}, {'category': 'Premium'}, {'category': 'Diesel'}, {'category': 'Super'}, {'category': 'xEthanol'}]",27.417053,-80.381877,True,True,True,True,False,True,False,True,False,False
1091,11,24.58,121 s. kings hwy,24hours,00:00:00,00:00:00,5380,False,"{'address': '121 s. kings hwy', 'city': 'fort pierce', 'state': 'FL', 'zip': '34945'}","{'food': True, 'fuel': True, 'restrooms': True, 'diesel': True, 'ethanolFreeGas': True, 'open24Hours': True, 'teslaChargingStation': True, 'propane': True, 'chademoChargingStation': False, 'ccsChargingStation': False}",True,True,"[{'category': 'Unleaded'}, {'category': 'Plus'}, {'category': 'Premium'}, {'category': 'Diesel'}, {'category': 'Super'}, {'category': 'xEthanol'}]",27.44734038,-80.39919836,True,True,True,True,False,True,True,True,False,False
1092,20,35.5,1180 us hwy 1,24hours,00:00:00,00:00:00,5201,False,"{'address': '1180 us hwy 1', 'city': 'vero beach', 'state': 'FL', 'zip': '32960'}","{'food': True, 'fuel': True, 'restrooms': True, 'diesel': True, 'ethanolFreeGas': True, 'open24Hours': True, 'teslaChargingStation': False, 'propane': True, 'chademoChargingStation': False, 'ccsChargingStation': False}",True,True,"[{'category': 'Unleaded'}, {'category': 'Plus'}, {'category': 'Premium'}, {'category': 'Diesel'}, {'category': 'Super'}, {'category': 'xEthanol'}]",27.623033,-80.388909,True,True,True,True,False,True,False,False,False,False
1093,25,39.12,200 nw park street,24hours,00:00:00,00:00:00,5383,False,"{'address': '200 nw park street', 'city': 'okeechobee', 'state': 'FL', 'zip': '34972'}","{'food': True, 'fuel': True, 'restrooms': True, 'diesel': True, 'ethanolFreeGas': True, 'open24Hours': True, 'teslaChargingStation': True, 'propane': True, 'chademoChargingStation': False, 'ccsChargingStation': False}",True,True,"[{'category': 'Unleaded'}, {'category': 'Plus'}, {'category': 'Premium'}, {'category': 'Diesel'}, {'category': 'Super'}, {'category': 'xEthanol'}]",27.244051,-80.831682,True,False,True,False,,True,False,True,False,False
1094,26,39.24,4495 us highway 1,24hours,00:00:00,00:00:00,5395,False,"{'address': '4495 us highway 1', 'city': 'vero beach', 'state': 'FL', 'zip': '32967'}","{'food': True, 'fuel': True, 'restrooms': False, 'diesel': True, 'ethanolFreeGas': True, 'open24Hours': True, 'teslaChargingStation': False, 'propane': False, 'chademoChargingStation': False, 'ccsChargingStation': False}",True,True,"[{'category': 'Unleaded'}, {'category': 'Plus'}, {'category': 'Premium'}, {'category': 'Diesel'}, {'category': 'Super'}, {'category': 'xEthanol'}]",27.674383,-80.408081,True,False,False,False,,True,False,False,False,False
1095,27,39.6,9050 20th street,24hours,00:00:00,00:00:00,5202,False,"{'address': '9050 20th street', 'city': 'vero beach', 'state': 'FL', 'zip': '32966'}","{'food': True, 'fuel': True, 'restrooms': True, 'diesel': True, 'ethanolFreeGas': True, 'open24Hours': True, 'teslaChargingStation': True, 'propane': True, 'chademoChargingStation': True, 'ccsChargingStation': True}",True,True,"[{'category': 'Unleaded'}, {'category': 'Plus'}, {'category': 'Premium'}, {'category': 'Diesel'}, {'category': 'Super'}, {'category': 'xEthanol'}]",27.639853,-80.513223,True,True,True,True,False,True,False,True,False,False
1096,43,65.5,850 malabar rd se,24hours,00:00:00,00:00:00,5317,False,"{'address': '850 malabar rd se', 'city': 'palm bay', 'state': 'FL', 'zip': '32909'}","{'food': True, 'fuel': True, 'restrooms': True, 'diesel': True, 'ethanolFreeGas': True, 'open24Hours': True, 'teslaChargingStation': False, 'propane': True, 'chademoChargingStation': False, 'ccsChargingStation': False}",True,True,"[{'category': 'Unleaded'}, {'category': 'Plus'}, {'category': 'Premium'}, {'category': 'Diesel'}, {'category': 'Super'}, {'category': 'xEthanol'}]",27.99871,-80.64861,True,True,True,True,False,True,False,True,False,False
